date,time,code,open,high,low,close,volume,amount,adjustflag
2017-07-03,20170703093500000,sh.601398,5.2400,5.2700,5.2300,5.2600,3955800,20775216.0000,3
2017-07-03,20170703094000000,sh.601398,5.2500,5.2600,5.2500,5.2500,2990100,15712954.0000,3
2017-07-03,20170703094500000,sh.601398,5.2500,5.2600,5.2300,5.2300,5799600,30442188.0000,3
2017-07-03,20170703095000000,sh.601398,5.2300,5.2500,5.2200,5.2300,4533900,23739124.0000,3
2017-07-03,20170703095500000,sh.601398,5.2400,5.2500,5.2300,5.2500,1338300,7012293.0000,3
2017-07-03,20170703100000000,sh.601398,5.2400,5.2500,5.2300,5.2400,1361800,7135675.0000,3
2017-07-03,20170703100500000,sh.601398,5.2300,5.2400,5.2300,5.2300,1075100,5629707.0000,3
2017-07-03,20170703101000000,sh.601398,5.2300,5.2400,5.2200,5.2200,3216600,16828340.0000,3
2017-07-03,20170703101500000,sh.601398,5.2200,5.2300,5.2200,5.2200,2197500,11481825.0000,3
2017-07-03,20170703102000000,sh.601398,5.2200,5.2300,5.2200,5.2200,3079300,16086212.0000,3
2017-07-03,20170703102500000,sh.601398,5.2300,5.2500,5.2200,5.2400,2363200,12377208.0000,3
2017-07-03,20170703103000000,sh.601398,5.2400,5.2500,5.2300,5.2500,855900,4486753.0000,3
2017-07-03,20170703103500000,sh.601398,5.2500,5.2500,5.2300,5.2400,1397700,7324310.0000,3
2017-07-03,20170703104000000,sh.601398,5.2400,5.2400,5.2300,5.2300,1243700,6511394.0000,3
2017-07-03,20170703104500000,sh.601398,5.2400,5.2400,5.2300,5.2300,1899300,9939706.0000,3
2017-07-03,20170703105000000,sh.601398,5.2300,5.2400,5.2200,5.2400,1227800,6419276.0000,3
2017-07-03,20170703105500000,sh.601398,5.2400,5.2400,5.2200,5.2300,506500,2650563.0000,3
2017-07-03,20170703110000000,sh.601398,5.2300,5.2400,5.2300,5.2300,1030700,5395001.0000,3
2017-07-03,20170703110500000,sh.601398,5.2300,5.2400,5.2300,5.2300,872600,4568220.0000,3
2017-07-03,20170703111000000,sh.601398,5.2400,5.2500,5.2300,5.2300,4138500,21682120.0000,3
2017-07-03,20170703111500000,sh.601398,5.2300,5.2400,5.2200,5.2200,803800,4205814.0000,3
2017-07-03,20170703112000000,sh.601398,5.2200,5.2400,5.2200,5.2300,3391400,17762520.0000,3
2017-07-03,20170703112500000,sh.601398,5.2400,5.2500,5.2300,5.2400,1939000,10157126.0000,3
2017-07-03,20170703113000000,sh.601398,5.2400,5.2500,5.2300,5.2500,2880800,15105483.0000,3
2017-07-03,20170703130500000,sh.601398,5.2400,5.2500,5.2300,5.2300,1322300,6926750.0000,3
2017-07-03,20170703131000000,sh.601398,5.2300,5.2400,5.2200,5.2300,1213900,6342812.0000,3
2017-07-03,20170703131500000,sh.601398,5.2200,5.2400,5.2200,5.2200,2233100,11670045.0000,3
2017-07-03,20170703132000000,sh.601398,5.2300,5.2300,5.2200,5.2200,1721700,8996401.0000,3
2017-07-03,20170703132500000,sh.601398,5.2300,5.2300,5.2200,5.2300,725700,3790409.0000,3
2017-07-03,20170703133000000,sh.601398,5.2200,5.2300,5.2200,5.2300,3172800,16590307.0000,3
2017-07-03,20170703133500000,sh.601398,5.2200,5.2300,5.2200,5.2200,1688500,8826353.0000,3
2017-07-03,20170703134000000,sh.601398,5.2300,5.2400,5.2200,5.2300,1378100,7209171.0000,3
2017-07-03,20170703134500000,sh.601398,5.2400,5.2400,5.2200,5.2400,1617400,8461899.0000,3
2017-07-03,20170703135000000,sh.601398,5.2400,5.2400,5.2200,5.2300,2024600,10599794.0000,3
2017-07-03,20170703135500000,sh.601398,5.2300,5.2300,5.2200,5.2300,975200,5096437.0000,3
2017-07-03,20170703140000000,sh.601398,5.2300,5.2400,5.2200,5.2300,831000,4344351.0000,3
2017-07-03,20170703140500000,sh.601398,5.2400,5.2400,5.2200,5.2300,1051000,5496394.0000,3
2017-07-03,20170703141000000,sh.601398,5.2300,5.2300,5.2200,5.2200,5451000,28472248.0000,3
2017-07-03,20170703141500000,sh.601398,5.2300,5.2400,5.2200,5.2400,3961800,20691316.0000,3
2017-07-03,20170703142000000,sh.601398,5.2400,5.2400,5.2200,5.2400,2115500,11073713.0000,3
2017-07-03,20170703142500000,sh.601398,5.2500,5.2500,5.2400,5.2500,3333400,17497124.0000,3
2017-07-03,20170703143000000,sh.601398,5.2500,5.2500,5.2400,5.2400,596600,3127841.0000,3
2017-07-03,20170703143500000,sh.601398,5.2400,5.2500,5.2400,5.2500,1186800,6226248.0000,3
2017-07-03,20170703144000000,sh.601398,5.2500,5.2500,5.2400,5.2400,2457800,12898467.0000,3
2017-07-03,20170703144500000,sh.601398,5.2500,5.2500,5.2300,5.2400,1840900,9645147.0000,3
2017-07-03,20170703145000000,sh.601398,5.2300,5.2400,5.2300,5.2300,1126200,5900557.0000,3
2017-07-03,20170703145500000,sh.601398,5.2400,5.2500,5.2300,5.2400,1454600,7631332.0000,3
2017-07-03,20170703150000000,sh.601398,5.2500,5.2500,5.2300,5.2400,2081500,10906316.0000,3
2017-07-04,20170704093500000,sh.601398,5.2400,5.2500,5.2300,5.2500,1815100,9503466.0000,3
2017-07-04,20170704094000000,sh.601398,5.2400,5.2500,5.2300,5.2300,2408600,12616946.0000,3
2017-07-04,20170704094500000,sh.601398,5.2300,5.2400,5.2200,5.2300,3387100,17711578.0000,3
2017-07-04,20170704095000000,sh.601398,5.2200,5.2300,5.2100,5.2100,3494100,18243094.0000,3
2017-07-04,20170704095500000,sh.601398,5.2100,5.2200,5.2100,5.2100,2096400,10926373.0000,3
2017-07-04,20170704100000000,sh.601398,5.2100,5.2200,5.2100,5.2200,5456400,28473854.0000,3
2017-07-04,20170704100500000,sh.601398,5.2200,5.2300,5.2100,5.2300,1859700,9709734.0000,3
2017-07-04,20170704101000000,sh.601398,5.2200,5.2300,5.2200,5.2200,2023700,10566948.0000,3
2017-07-04,20170704101500000,sh.601398,5.2200,5.2300,5.2200,5.2200,1813600,9475405.0000,3
2017-07-04,20170704102000000,sh.601398,5.2200,5.2300,5.2100,5.2100,2061300,10757857.0000,3
2017-07-04,20170704102500000,sh.601398,5.2100,5.2300,5.2100,5.2100,1649100,8603648.0000,3
2017-07-04,20170704103000000,sh.601398,5.2200,5.2200,5.2100,5.2100,686200,3579092.0000,3
2017-07-04,20170704103500000,sh.601398,5.2100,5.2200,5.2100,5.2200,796500,4156205.0000,3
2017-07-04,20170704104000000,sh.601398,5.2100,5.2200,5.2100,5.2100,1258300,6559168.0000,3
2017-07-04,20170704104500000,sh.601398,5.2200,5.2200,5.2100,5.2100,2499900,13030138.0000,3
2017-07-04,20170704105000000,sh.601398,5.2200,5.2200,5.1900,5.2000,7463100,38841984.0000,3
2017-07-04,20170704105500000,sh.601398,5.2000,5.2000,5.1900,5.2000,1222000,6351737.0000,3
2017-07-04,20170704110000000,sh.601398,5.1900,5.2100,5.1900,5.2000,2279600,11853838.0000,3
2017-07-04,20170704110500000,sh.601398,5.2100,5.2100,5.2000,5.2000,698000,3633937.0000,3
2017-07-04,20170704111000000,sh.601398,5.2000,5.2100,5.2000,5.2000,1297500,6753136.0000,3
2017-07-04,20170704111500000,sh.601398,5.2000,5.2100,5.2000,5.2000,1386800,7215029.0000,3
2017-07-04,20170704112000000,sh.601398,5.2000,5.2100,5.1900,5.1900,1268600,6599276.0000,3
2017-07-04,20170704112500000,sh.601398,5.1900,5.2000,5.1900,5.2000,664300,3451647.0000,3
2017-07-04,20170704113000000,sh.601398,5.1900,5.2000,5.1900,5.1900,3010900,15634935.0000,3
2017-07-04,20170704130500000,sh.601398,5.2000,5.2000,5.1900,5.1900,1345300,6985920.0000,3
2017-07-04,20170704131000000,sh.601398,5.1900,5.2000,5.1800,5.1900,6463300,33556604.0000,3
2017-07-04,20170704131500000,sh.601398,5.1900,5.2100,5.1900,5.1900,2403100,12501090.0000,3
2017-07-04,20170704132000000,sh.601398,5.2000,5.2200,5.1800,5.2200,9722200,50619496.0000,3
2017-07-04,20170704132500000,sh.601398,5.2200,5.2300,5.2100,5.2100,2324800,12140135.0000,3
2017-07-04,20170704133000000,sh.601398,5.2100,5.2200,5.2000,5.2100,747900,3898389.0000,3
2017-07-04,20170704133500000,sh.601398,5.2100,5.2400,5.2000,5.2300,7161900,37422176.0000,3
2017-07-04,20170704134000000,sh.601398,5.2300,5.2400,5.2200,5.2200,722800,3776123.0000,3
2017-07-04,20170704134500000,sh.601398,5.2300,5.2400,5.2200,5.2300,6447600,33765012.0000,3
2017-07-04,20170704135000000,sh.601398,5.2300,5.2400,5.2300,5.2300,1055200,5524603.0000,3
2017-07-04,20170704135500000,sh.601398,5.2400,5.2500,5.2300,5.2400,1352800,7093157.0000,3
2017-07-04,20170704140000000,sh.601398,5.2400,5.2500,5.2400,5.2400,1664300,8730615.0000,3
2017-07-04,20170704140500000,sh.601398,5.2400,5.2500,5.2300,5.2400,2267000,11885433.0000,3
2017-07-04,20170704141000000,sh.601398,5.2400,5.2500,5.2300,5.2300,1657600,8690815.0000,3
2017-07-04,20170704141500000,sh.601398,5.2300,5.2500,5.2300,5.2400,1510000,7917308.0000,3
2017-07-04,20170704142000000,sh.601398,5.2400,5.2500,5.2400,5.2400,980500,5142881.0000,3
2017-07-04,20170704142500000,sh.601398,5.2400,5.2500,5.2200,5.2300,3244400,16988600.0000,3
2017-07-04,20170704143000000,sh.601398,5.2300,5.2500,5.2200,5.2400,5294700,27724308.0000,3
2017-07-04,20170704143500000,sh.601398,5.2300,5.2400,5.2200,5.2400,758400,3971963.0000,3
2017-07-04,20170704144000000,sh.601398,5.2400,5.2400,5.2200,5.2200,864200,4521602.0000,3
2017-07-04,20170704144500000,sh.601398,5.2200,5.2500,5.2200,5.2400,4634900,24278952.0000,3
2017-07-04,20170704145000000,sh.601398,5.2300,5.2500,5.2300,5.2500,3435100,18006612.0000,3
2017-07-04,20170704145500000,sh.601398,5.2300,5.2600,5.2300,5.2400,4974400,26107396.0000,3
2017-07-04,20170704150000000,sh.601398,5.2400,5.2800,5.2400,5.2500,12101200,63673656.0000,3
2017-07-05,20170705093500000,sh.601398,5.2400,5.2400,5.2200,5.2300,3059200,16001593.0000,3
2017-07-05,20170705094000000,sh.601398,5.2200,5.2300,5.2200,5.2300,679600,3551972.0000,3
2017-07-05,20170705094500000,sh.601398,5.2200,5.2300,5.2000,5.2100,5752600,30005876.0000,3
2017-07-05,20170705095000000,sh.601398,5.2000,5.2200,5.2000,5.2100,5275700,27470472.0000,3
2017-07-05,20170705095500000,sh.601398,5.2000,5.2100,5.2000,5.2100,3039000,15813250.0000,3
2017-07-05,20170705100000000,sh.601398,5.2100,5.2200,5.2000,5.2100,2068700,10787068.0000,3
2017-07-05,20170705100500000,sh.601398,5.2100,5.2200,5.2100,5.2200,2673700,13951151.0000,3
2017-07-05,20170705101000000,sh.601398,5.2200,5.2200,5.2100,5.2200,1000500,5217067.0000,3
2017-07-05,20170705101500000,sh.601398,5.2200,5.2200,5.2000,5.2000,2368300,12335766.0000,3
2017-07-05,20170705102000000,sh.601398,5.2000,5.2100,5.2000,5.2000,1498900,7801795.0000,3
2017-07-05,20170705102500000,sh.601398,5.2100,5.2200,5.2000,5.2200,999800,5211220.0000,3
2017-07-05,20170705103000000,sh.601398,5.2200,5.2200,5.2100,5.2100,1197800,6242824.0000,3
2017-07-05,20170705103500000,sh.601398,5.2200,5.2200,5.2100,5.2200,908500,4740069.0000,3
2017-07-05,20170705104000000,sh.601398,5.2200,5.2300,5.2100,5.2300,1727100,9015023.0000,3
2017-07-05,20170705104500000,sh.601398,5.2300,5.2300,5.2200,5.2300,1136700,5942523.0000,3
2017-07-05,20170705105000000,sh.601398,5.2300,5.2300,5.2100,5.2200,1227200,6409663.0000,3
2017-07-05,20170705105500000,sh.601398,5.2100,5.2300,5.2100,5.2200,788100,4114446.0000,3
2017-07-05,20170705110000000,sh.601398,5.2100,5.2300,5.2100,5.2200,789400,4119946.0000,3
2017-07-05,20170705110500000,sh.601398,5.2200,5.2300,5.2100,5.2200,831300,4342174.0000,3
2017-07-05,20170705111000000,sh.601398,5.2200,5.2300,5.2100,5.2200,1997700,10433149.0000,3
2017-07-05,20170705111500000,sh.601398,5.2300,5.2400,5.2200,5.2400,1615600,8450325.0000,3
2017-07-05,20170705112000000,sh.601398,5.2400,5.2400,5.2300,5.2400,595100,3115195.0000,3
2017-07-05,20170705112500000,sh.601398,5.2300,5.2400,5.2200,5.2400,2323600,12161377.0000,3
2017-07-05,20170705113000000,sh.601398,5.2400,5.2400,5.2300,5.2400,480700,2517521.0000,3
2017-07-05,20170705130500000,sh.601398,5.2400,5.2500,5.2400,5.2500,1397900,7330416.0000,3
2017-07-05,20170705131000000,sh.601398,5.2500,5.2500,5.2400,5.2400,759300,3984142.0000,3
2017-07-05,20170705131500000,sh.601398,5.2500,5.2500,5.2400,5.2400,719000,3772599.0000,3
2017-07-05,20170705132000000,sh.601398,5.2500,5.2500,5.2400,5.2400,995600,5221160.0000,3
2017-07-05,20170705132500000,sh.601398,5.2500,5.2500,5.2400,5.2500,996800,5228738.0000,3
2017-07-05,20170705133000000,sh.601398,5.2400,5.2500,5.2300,5.2400,3034500,15900362.0000,3
2017-07-05,20170705133500000,sh.601398,5.2300,5.2400,5.2300,5.2400,1275100,6677117.0000,3
2017-07-05,20170705134000000,sh.601398,5.2300,5.2400,5.2300,5.2400,1909200,9996057.0000,3
2017-07-05,20170705134500000,sh.601398,5.2400,5.2500,5.2300,5.2500,2001100,10491695.0000,3
2017-07-05,20170705135000000,sh.601398,5.2500,5.2500,5.2300,5.2400,2215300,11617814.0000,3
2017-07-05,20170705135500000,sh.601398,5.2400,5.2500,5.2400,5.2500,2392700,12550294.0000,3
2017-07-05,20170705140000000,sh.601398,5.2400,5.2500,5.2400,5.2400,2309100,12109714.0000,3
2017-07-05,20170705140500000,sh.601398,5.2400,5.2500,5.2100,5.2100,4553700,23796990.0000,3
2017-07-05,20170705141000000,sh.601398,5.2200,5.2300,5.2100,5.2300,662300,3460333.0000,3
2017-07-05,20170705141500000,sh.601398,5.2300,5.2300,5.2200,5.2300,1418700,7410424.0000,3
2017-07-05,20170705142000000,sh.601398,5.2300,5.2300,5.2200,5.2200,931400,4867000.0000,3
2017-07-05,20170705142500000,sh.601398,5.2300,5.2300,5.2200,5.2200,1581200,8262314.0000,3
2017-07-05,20170705143000000,sh.601398,5.2300,5.2300,5.2200,5.2200,1339700,7004195.0000,3
2017-07-05,20170705143500000,sh.601398,5.2300,5.2400,5.2200,5.2300,4824400,25230484.0000,3
2017-07-05,20170705144000000,sh.601398,5.2400,5.2400,5.2200,5.2200,2133000,11153884.0000,3
2017-07-05,20170705144500000,sh.601398,5.2300,5.2400,5.2200,5.2400,1769200,9261034.0000,3
2017-07-05,20170705145000000,sh.601398,5.2400,5.2400,5.2000,5.2100,17348300,90449152.0000,3
2017-07-05,20170705145500000,sh.601398,5.2200,5.2300,5.2100,5.2300,1713300,8949066.0000,3
2017-07-05,20170705150000000,sh.601398,5.2300,5.2300,5.2200,5.2300,1941000,10146847.0000,3
2017-07-06,20170706093500000,sh.601398,5.2100,5.2300,5.2100,5.2300,4101200,21404168.0000,3
2017-07-06,20170706094000000,sh.601398,5.2200,5.2300,5.2200,5.2300,3425400,17899768.0000,3
2017-07-06,20170706094500000,sh.601398,5.2300,5.2300,5.2200,5.2300,2888200,15093681.0000,3
2017-07-06,20170706095000000,sh.601398,5.2200,5.2400,5.2100,5.2300,5228600,27339984.0000,3
2017-07-06,20170706095500000,sh.601398,5.2300,5.2500,5.2200,5.2500,7814200,40931440.0000,3
2017-07-06,20170706100000000,sh.601398,5.2400,5.2600,5.2400,5.2500,6613100,34716744.0000,3
2017-07-06,20170706100500000,sh.601398,5.2600,5.2600,5.2400,5.2500,3084500,16193495.0000,3
2017-07-06,20170706101000000,sh.601398,5.2500,5.2500,5.2300,5.2400,2186700,11462660.0000,3
2017-07-06,20170706101500000,sh.601398,5.2300,5.2500,5.2300,5.2500,1102600,5775516.0000,3
2017-07-06,20170706102000000,sh.601398,5.2400,5.2500,5.2300,5.2400,1099100,5757652.0000,3
2017-07-06,20170706102500000,sh.601398,5.2300,5.2400,5.2300,5.2300,1046800,5479651.0000,3
2017-07-06,20170706103000000,sh.601398,5.2300,5.2500,5.2300,5.2400,1552100,8136905.0000,3
2017-07-06,20170706103500000,sh.601398,5.2500,5.2500,5.2300,5.2300,2070700,10850154.0000,3
2017-07-06,20170706104000000,sh.601398,5.2300,5.2400,5.2300,5.2300,649700,3401819.0000,3
2017-07-06,20170706104500000,sh.601398,5.2300,5.2400,5.2300,5.2300,557700,2919785.0000,3
2017-07-06,20170706105000000,sh.601398,5.2300,5.2400,5.2300,5.2400,935800,4901136.0000,3
2017-07-06,20170706105500000,sh.601398,5.2300,5.2500,5.2300,5.2300,878200,4599161.0000,3
2017-07-06,20170706110000000,sh.601398,5.2300,5.2400,5.2300,5.2400,973300,5094306.0000,3
2017-07-06,20170706110500000,sh.601398,5.2400,5.2400,5.2300,5.2300,1174300,6147066.0000,3
2017-07-06,20170706111000000,sh.601398,5.2400,5.2400,5.2300,5.2300,1101800,5767901.0000,3
2017-07-06,20170706111500000,sh.601398,5.2400,5.2400,5.2300,5.2400,968900,5075177.0000,3
2017-07-06,20170706112000000,sh.601398,5.2300,5.2400,5.2300,5.2300,964900,5053656.0000,3
2017-07-06,20170706112500000,sh.601398,5.2400,5.2400,5.2300,5.2300,1160500,6076349.0000,3
2017-07-06,20170706113000000,sh.601398,5.2400,5.2400,5.2200,5.2200,1337200,6994950.0000,3
2017-07-06,20170706130500000,sh.601398,5.2200,5.2400,5.2200,5.2300,1623400,8487516.0000,3
2017-07-06,20170706131000000,sh.601398,5.2200,5.2300,5.2200,5.2300,1559300,8142605.0000,3
2017-07-06,20170706131500000,sh.601398,5.2200,5.2300,5.2200,5.2300,564700,2948749.0000,3
2017-07-06,20170706132000000,sh.601398,5.2300,5.2300,5.2200,5.2300,585200,3057698.0000,3
2017-07-06,20170706132500000,sh.601398,5.2300,5.2300,5.2200,5.2200,1484700,7761709.0000,3
2017-07-06,20170706133000000,sh.601398,5.2300,5.2400,5.2200,5.2300,1152600,6026764.0000,3
2017-07-06,20170706133500000,sh.601398,5.2300,5.2300,5.2200,5.2300,373700,1952763.0000,3
2017-07-06,20170706134000000,sh.601398,5.2300,5.2300,5.2200,5.2200,370000,1933035.0000,3
2017-07-06,20170706134500000,sh.601398,5.2300,5.2300,5.2200,5.2300,1723900,9011188.0000,3
2017-07-06,20170706135000000,sh.601398,5.2200,5.2400,5.2200,5.2400,2206100,11539194.0000,3
2017-07-06,20170706135500000,sh.601398,5.2400,5.2400,5.2200,5.2200,3177900,16620165.0000,3
2017-07-06,20170706140000000,sh.601398,5.2200,5.2400,5.2200,5.2200,904200,4727353.0000,3
2017-07-06,20170706140500000,sh.601398,5.2300,5.2400,5.2200,5.2400,1580000,8263721.0000,3
2017-07-06,20170706141000000,sh.601398,5.2300,5.2500,5.2300,5.2400,3431700,17979644.0000,3
2017-07-06,20170706141500000,sh.601398,5.2400,5.2500,5.2300,5.2400,3800900,19911116.0000,3
2017-07-06,20170706142000000,sh.601398,5.2300,5.2400,5.2200,5.2300,2169500,11347318.0000,3
2017-07-06,20170706142500000,sh.601398,5.2300,5.2400,5.2200,5.2300,1677500,8774540.0000,3
2017-07-06,20170706143000000,sh.601398,5.2300,5.2400,5.2200,5.2300,4692900,24556674.0000,3
2017-07-06,20170706143500000,sh.601398,5.2300,5.2400,5.2200,5.2400,5092200,26633360.0000,3
2017-07-06,20170706144000000,sh.601398,5.2400,5.2400,5.2200,5.2400,3455900,18078324.0000,3
2017-07-06,20170706144500000,sh.601398,5.2300,5.2400,5.2200,5.2200,1278200,6679770.0000,3
2017-07-06,20170706145000000,sh.601398,5.2300,5.2400,5.2200,5.2300,3427600,17922140.0000,3
2017-07-06,20170706145500000,sh.601398,5.2300,5.2400,5.2200,5.2300,4536900,23724444.0000,3
2017-07-06,20170706150000000,sh.601398,5.2200,5.2400,5.2200,5.2300,3671200,19194900.0000,3
2017-07-07,20170707093500000,sh.601398,5.2300,5.2300,5.2200,5.2200,3944300,20617230.0000,3
2017-07-07,20170707094000000,sh.601398,5.2200,5.2300,5.2200,5.2200,2501300,13067690.0000,3
2017-07-07,20170707094500000,sh.601398,5.2200,5.2300,5.2200,5.2300,3894300,20359218.0000,3
2017-07-07,20170707095000000,sh.601398,5.2300,5.2300,5.2200,5.2200,3933800,20545816.0000,3
2017-07-07,20170707095500000,sh.601398,5.2300,5.2300,5.2100,5.2200,2266200,11833483.0000,3
2017-07-07,20170707100000000,sh.601398,5.2200,5.2300,5.2100,5.2200,10848500,56592988.0000,3
2017-07-07,20170707100500000,sh.601398,5.2200,5.2300,5.2100,5.2100,2008500,10483292.0000,3
2017-07-07,20170707101000000,sh.601398,5.2100,5.2200,5.2100,5.2100,739100,3855443.0000,3
2017-07-07,20170707101500000,sh.601398,5.2100,5.2200,5.2100,5.2100,789500,4116983.0000,3
2017-07-07,20170707102000000,sh.601398,5.2100,5.2200,5.2000,5.2000,9503200,49466824.0000,3
2017-07-07,20170707102500000,sh.601398,5.2000,5.2100,5.1900,5.2000,2853700,14842576.0000,3
2017-07-07,20170707103000000,sh.601398,5.2000,5.2100,5.2000,5.2000,1483200,7716481.0000,3
2017-07-07,20170707103500000,sh.601398,5.2000,5.2100,5.2000,5.2000,1182800,6154373.0000,3
2017-07-07,20170707104000000,sh.601398,5.2000,5.2100,5.2000,5.2000,780800,4064040.0000,3
2017-07-07,20170707104500000,sh.601398,5.2000,5.2100,5.1900,5.1900,2817000,14649470.0000,3
2017-07-07,20170707105000000,sh.601398,5.1900,5.2000,5.1900,5.2000,1677100,8710764.0000,3
2017-07-07,20170707105500000,sh.601398,5.1900,5.2000,5.1900,5.2000,1169600,6073833.0000,3
2017-07-07,20170707110000000,sh.601398,5.2000,5.2000,5.1900,5.2000,3253100,16894568.0000,3
2017-07-07,20170707110500000,sh.601398,5.1900,5.2000,5.1900,5.1900,1410300,7324834.0000,3
2017-07-07,20170707111000000,sh.601398,5.1900,5.2000,5.1900,5.2000,1217100,6323710.0000,3
2017-07-07,20170707111500000,sh.601398,5.1900,5.2100,5.1900,5.2100,3066600,15955084.0000,3
2017-07-07,20170707112000000,sh.601398,5.2000,5.2200,5.2000,5.2100,2483000,12937886.0000,3
2017-07-07,20170707112500000,sh.601398,5.2000,5.2100,5.2000,5.2100,522900,2723115.0000,3
2017-07-07,20170707113000000,sh.601398,5.2100,5.2100,5.2000,5.2000,590500,3073647.0000,3
2017-07-07,20170707130500000,sh.601398,5.2000,5.2100,5.2000,5.2000,1345600,6998784.0000,3
2017-07-07,20170707131000000,sh.601398,5.2000,5.2100,5.2000,5.2000,784500,4081095.0000,3
2017-07-07,20170707131500000,sh.601398,5.2100,5.2100,5.2000,5.2100,638300,3323725.0000,3
2017-07-07,20170707132000000,sh.601398,5.2100,5.2200,5.2000,5.2100,785000,4087157.0000,3
2017-07-07,20170707132500000,sh.601398,5.2200,5.2200,5.2000,5.2100,337000,1756256.0000,3
2017-07-07,20170707133000000,sh.601398,5.2100,5.2200,5.2000,5.2100,1654600,8631164.0000,3
2017-07-07,20170707133500000,sh.601398,5.2100,5.2200,5.2100,5.2100,1127600,5881285.0000,3
2017-07-07,20170707134000000,sh.601398,5.2200,5.2200,5.2100,5.2200,2145000,11192830.0000,3
2017-07-07,20170707134500000,sh.601398,5.2200,5.2200,5.2100,5.2200,2640200,13778785.0000,3
2017-07-07,20170707135000000,sh.601398,5.2100,5.2200,5.2000,5.2100,1712600,8927869.0000,3
2017-07-07,20170707135500000,sh.601398,5.2100,5.2100,5.1900,5.2000,6546200,34050288.0000,3
2017-07-07,20170707140000000,sh.601398,5.2100,5.2100,5.2000,5.2000,3767100,19612262.0000,3
2017-07-07,20170707140500000,sh.601398,5.2100,5.2200,5.2000,5.2000,4682500,24388476.0000,3
2017-07-07,20170707141000000,sh.601398,5.2100,5.2100,5.2000,5.2000,899200,4677541.0000,3
2017-07-07,20170707141500000,sh.601398,5.2000,5.2200,5.2000,5.2200,10242800,53364488.0000,3
2017-07-07,20170707142000000,sh.601398,5.2100,5.2200,5.2100,5.2200,3994200,20838624.0000,3
2017-07-07,20170707142500000,sh.601398,5.2200,5.2200,5.2100,5.2100,5584000,29122406.0000,3
2017-07-07,20170707143000000,sh.601398,5.2100,5.2200,5.2000,5.2200,6763700,35258256.0000,3
2017-07-07,20170707143500000,sh.601398,5.2200,5.2200,5.2100,5.2200,3896900,20334680.0000,3
2017-07-07,20170707144000000,sh.601398,5.2100,5.2200,5.2100,5.2200,4584100,23912482.0000,3
2017-07-07,20170707144500000,sh.601398,5.2200,5.2300,5.2100,5.2300,9010200,47064312.0000,3
2017-07-07,20170707145000000,sh.601398,5.2200,5.2300,5.2100,5.2100,8686000,45347564.0000,3
2017-07-07,20170707145500000,sh.601398,5.2200,5.2300,5.2100,5.2100,8375200,43700704.0000,3
2017-07-07,20170707150000000,sh.601398,5.2200,5.2200,5.2000,5.2100,6970000,36284740.0000,3
2017-07-10,20170710093500000,sh.601398,5.2100,5.2100,5.2000,5.2000,2461000,12815328.0000,3
2017-07-10,20170710094000000,sh.601398,5.2100,5.2100,5.1900,5.2000,4535700,23597440.0000,3
2017-07-10,20170710094500000,sh.601398,5.2000,5.2000,5.1900,5.2000,6596700,34264556.0000,3
2017-07-10,20170710095000000,sh.601398,5.2000,5.2000,5.1900,5.1900,1805700,9381214.0000,3
2017-07-10,20170710095500000,sh.601398,5.2000,5.2000,5.1800,5.1800,4388600,22768844.0000,3
2017-07-10,20170710100000000,sh.601398,5.1800,5.1900,5.1800,5.1900,4267200,22132284.0000,3
2017-07-10,20170710100500000,sh.601398,5.1900,5.2100,5.1800,5.2000,2844500,14780448.0000,3
2017-07-10,20170710101000000,sh.601398,5.2100,5.2100,5.2000,5.2100,1873100,9753143.0000,3
2017-07-10,20170710101500000,sh.601398,5.2100,5.2100,5.2000,5.2100,1866100,9716261.0000,3
2017-07-10,20170710102000000,sh.601398,5.2100,5.2100,5.2000,5.2100,1754100,9129654.0000,3
2017-07-10,20170710102500000,sh.601398,5.2000,5.2200,5.2000,5.2200,6095000,31725144.0000,3
2017-07-10,20170710103000000,sh.601398,5.2000,5.2100,5.2000,5.2000,1160000,6036656.0000,3
2017-07-10,20170710103500000,sh.601398,5.2100,5.2100,5.2000,5.2000,768400,4000260.0000,3
2017-07-10,20170710104000000,sh.601398,5.2000,5.2100,5.2000,5.2100,938300,4883433.0000,3
2017-07-10,20170710104500000,sh.601398,5.2000,5.2100,5.2000,5.2100,1379200,7182645.0000,3
2017-07-10,20170710105000000,sh.601398,5.2100,5.2200,5.2000,5.2100,2780500,14489995.0000,3
2017-07-10,20170710105500000,sh.601398,5.2200,5.2200,5.2100,5.2200,1283700,6692234.0000,3
2017-07-10,20170710110000000,sh.601398,5.2200,5.2200,5.2100,5.2100,865900,4516401.0000,3
2017-07-10,20170710110500000,sh.601398,5.2200,5.2200,5.2100,5.2200,963800,5028738.0000,3
2017-07-10,20170710111000000,sh.601398,5.2100,5.2200,5.2100,5.2100,3990900,20821724.0000,3
2017-07-10,20170710111500000,sh.601398,5.2100,5.2200,5.2000,5.2000,2490400,12979499.0000,3
2017-07-10,20170710112000000,sh.601398,5.2000,5.2100,5.2000,5.2100,1633200,8506428.0000,3
2017-07-10,20170710112500000,sh.601398,5.2100,5.2200,5.2000,5.2100,2481400,12926494.0000,3
2017-07-10,20170710113000000,sh.601398,5.2100,5.2200,5.2100,5.2200,570800,2977954.0000,3
2017-07-10,20170710130500000,sh.601398,5.2200,5.2200,5.2100,5.2200,1199500,6255402.0000,3
2017-07-10,20170710131000000,sh.601398,5.2200,5.2200,5.2000,5.2100,3029100,15782233.0000,3
2017-07-10,20170710131500000,sh.601398,5.2100,5.2100,5.2000,5.2100,1747700,9092592.0000,3
2017-07-10,20170710132000000,sh.601398,5.2100,5.2100,5.2000,5.2100,742700,3867191.0000,3
2017-07-10,20170710132500000,sh.601398,5.2100,5.2100,5.2000,5.2100,1217700,6336886.0000,3
2017-07-10,20170710133000000,sh.601398,5.2100,5.2100,5.2000,5.2000,2244600,11689777.0000,3
2017-07-10,20170710133500000,sh.601398,5.2000,5.2100,5.2000,5.2100,3053100,15903567.0000,3
2017-07-10,20170710134000000,sh.601398,5.2000,5.2100,5.2000,5.2100,1725600,8989135.0000,3
2017-07-10,20170710134500000,sh.601398,5.2200,5.2200,5.2000,5.2000,1721200,8958446.0000,3
2017-07-10,20170710135000000,sh.601398,5.2100,5.2100,5.2000,5.2100,957600,4984655.0000,3
2017-07-10,20170710135500000,sh.601398,5.2000,5.2100,5.2000,5.2000,793500,4130678.0000,3
2017-07-10,20170710140000000,sh.601398,5.2100,5.2100,5.2000,5.2000,1323600,6892369.0000,3
2017-07-10,20170710140500000,sh.601398,5.2100,5.2100,5.2000,5.2100,1701400,8860309.0000,3
2017-07-10,20170710141000000,sh.601398,5.2100,5.2100,5.2000,5.2100,2271500,11827805.0000,3
2017-07-10,20170710141500000,sh.601398,5.2000,5.2100,5.2000,5.2000,1603000,8344575.0000,3
2017-07-10,20170710142000000,sh.601398,5.2100,5.2300,5.2000,5.2200,15175200,79111632.0000,3
2017-07-10,20170710142500000,sh.601398,5.2200,5.2300,5.2200,5.2300,2228700,11646457.0000,3
2017-07-10,20170710143000000,sh.601398,5.2300,5.2300,5.2200,5.2200,1275700,6668314.0000,3
2017-07-10,20170710143500000,sh.601398,5.2200,5.2300,5.2200,5.2200,1850000,9665294.0000,3
2017-07-10,20170710144000000,sh.601398,5.2300,5.2300,5.2200,5.2300,5628000,29386626.0000,3
2017-07-10,20170710144500000,sh.601398,5.2300,5.2300,5.2200,5.2300,3887300,20306612.0000,3
2017-07-10,20170710145000000,sh.601398,5.2300,5.2300,5.2200,5.2300,5593800,29239948.0000,3
2017-07-10,20170710145500000,sh.601398,5.2300,5.2300,5.2200,5.2300,8558200,44752312.0000,3
2017-07-10,20170710150000000,sh.601398,5.2300,5.2400,5.2200,5.2300,10554000,55239520.0000,3
2017-07-11,20170711093500000,sh.601398,5.0000,5.0000,4.9700,4.9900,18390900,91685280.0000,3
2017-07-11,20170711094000000,sh.601398,4.9900,4.9900,4.9700,4.9800,10177700,50718440.0000,3
2017-07-11,20170711094500000,sh.601398,5.0000,5.0000,4.9800,4.9900,3236200,16142498.0000,3
2017-07-11,20170711095000000,sh.601398,4.9900,4.9900,4.9800,4.9900,3473700,17319420.0000,3
2017-07-11,20170711095500000,sh.601398,4.9800,4.9900,4.9700,4.9800,5371500,26752562.0000,3
2017-07-11,20170711100000000,sh.601398,4.9800,4.9900,4.9700,4.9900,4338300,21592900.0000,3
2017-07-11,20170711100500000,sh.601398,4.9800,4.9900,4.9700,4.9800,2783700,13870763.0000,3
2017-07-11,20170711101000000,sh.601398,4.9800,4.9900,4.9700,4.9800,2145200,10694090.0000,3
2017-07-11,20170711101500000,sh.601398,4.9900,4.9900,4.9800,4.9900,1920300,9576449.0000,3
2017-07-11,20170711102000000,sh.601398,4.9800,4.9900,4.9800,4.9900,1967100,9810467.0000,3
2017-07-11,20170711102500000,sh.601398,4.9900,4.9900,4.9800,4.9800,2545300,12692291.0000,3
2017-07-11,20170711103000000,sh.601398,4.9900,5.0000,4.9800,4.9900,9802100,48931752.0000,3
2017-07-11,20170711103500000,sh.601398,5.0000,5.0100,4.9900,5.0100,12146700,60740624.0000,3
2017-07-11,20170711104000000,sh.601398,5.0100,5.0100,5.0000,5.0100,2286800,11446179.0000,3
2017-07-11,20170711104500000,sh.601398,5.0100,5.0100,5.0000,5.0100,2706800,13542365.0000,3
2017-07-11,20170711105000000,sh.601398,5.0000,5.0100,4.9900,5.0000,3851900,19259776.0000,3
2017-07-11,20170711105500000,sh.601398,5.0000,5.0000,4.9900,5.0000,1242500,6206097.0000,3
2017-07-11,20170711110000000,sh.601398,5.0000,5.0100,4.9900,5.0100,5241300,26199540.0000,3
2017-07-11,20170711110500000,sh.601398,5.0100,5.0200,5.0000,5.0200,8647000,43351204.0000,3
2017-07-11,20170711111000000,sh.601398,5.0200,5.0200,5.0100,5.0200,1460500,7327160.0000,3
2017-07-11,20170711111500000,sh.601398,5.0200,5.0200,5.0000,5.0100,1446400,7249004.0000,3
2017-07-11,20170711112000000,sh.601398,5.0100,5.0200,5.0000,5.0100,1061800,5322586.0000,3
2017-07-11,20170711112500000,sh.601398,5.0100,5.0200,5.0100,5.0100,1323500,6640832.0000,3
2017-07-11,20170711113000000,sh.601398,5.0100,5.0300,5.0100,5.0300,3148900,15810402.0000,3
2017-07-11,20170711130500000,sh.601398,5.0300,5.0500,5.0300,5.0500,5604300,28232348.0000,3
2017-07-11,20170711131000000,sh.601398,5.0500,5.0500,5.0300,5.0300,4827200,24338428.0000,3
2017-07-11,20170711131500000,sh.601398,5.0400,5.0500,5.0300,5.0400,12795400,64470948.0000,3
2017-07-11,20170711132000000,sh.601398,5.0300,5.0400,5.0300,5.0400,5030400,25344070.0000,3
2017-07-11,20170711132500000,sh.601398,5.0400,5.0400,5.0300,5.0300,9024400,45430772.0000,3
2017-07-11,20170711133000000,sh.601398,5.0300,5.0400,5.0200,5.0400,9069300,45612536.0000,3
2017-07-11,20170711133500000,sh.601398,5.0400,5.0400,5.0200,5.0300,8051200,40470196.0000,3
2017-07-11,20170711134000000,sh.601398,5.0300,5.0300,5.0200,5.0200,7114800,35736080.0000,3
2017-07-11,20170711134500000,sh.601398,5.0200,5.0300,5.0200,5.0300,9668900,48619896.0000,3
2017-07-11,20170711135000000,sh.601398,5.0300,5.0300,5.0200,5.0300,5552000,27896192.0000,3
2017-07-11,20170711135500000,sh.601398,5.0300,5.0400,5.0200,5.0400,5580300,28074256.0000,3
2017-07-11,20170711140000000,sh.601398,5.0400,5.0500,5.0300,5.0500,6212600,31350288.0000,3
2017-07-11,20170711140500000,sh.601398,5.0500,5.0700,5.0400,5.0600,7135700,36085192.0000,3
2017-07-11,20170711141000000,sh.601398,5.0500,5.0600,5.0500,5.0600,7760000,39235416.0000,3
2017-07-11,20170711141500000,sh.601398,5.0500,5.0600,5.0500,5.0600,3387800,17133264.0000,3
2017-07-11,20170711142000000,sh.601398,5.0600,5.0800,5.0500,5.0800,8922500,45194012.0000,3
2017-07-11,20170711142500000,sh.601398,5.0800,5.0800,5.0700,5.0700,6504400,33034536.0000,3
2017-07-11,20170711143000000,sh.601398,5.0700,5.0800,5.0600,5.0600,2664200,13507945.0000,3
2017-07-11,20170711143500000,sh.601398,5.0700,5.0700,5.0600,5.0600,1964600,9949599.0000,3
2017-07-11,20170711144000000,sh.601398,5.0700,5.0700,5.0500,5.0600,3678700,18600836.0000,3
2017-07-11,20170711144500000,sh.601398,5.0500,5.0600,5.0500,5.0600,1713800,8667623.0000,3
2017-07-11,20170711145000000,sh.601398,5.0600,5.0600,5.0500,5.0500,1426400,7209495.0000,3
2017-07-11,20170711145500000,sh.601398,5.0600,5.0600,5.0500,5.0500,1404100,7097019.0000,3
2017-07-11,20170711150000000,sh.601398,5.0600,5.0600,5.0500,5.0600,3117200,15758757.0000,3
2017-07-12,20170712093500000,sh.601398,5.0600,5.0800,5.0600,5.0700,9099500,46117048.0000,3
2017-07-12,20170712094000000,sh.601398,5.0700,5.1000,5.0700,5.1000,7502800,38155224.0000,3
2017-07-12,20170712094500000,sh.601398,5.1000,5.1400,5.1000,5.1300,8408900,43015976.0000,3
2017-07-12,20170712095000000,sh.601398,5.1300,5.1400,5.1100,5.1300,7052900,36154244.0000,3
2017-07-12,20170712095500000,sh.601398,5.1200,5.1400,5.1100,5.1300,6162100,31595982.0000,3
2017-07-12,20170712100000000,sh.601398,5.1200,5.1300,5.1000,5.1100,9949200,50833944.0000,3
2017-07-12,20170712100500000,sh.601398,5.1000,5.1200,5.1000,5.1100,5824900,29742524.0000,3
2017-07-12,20170712101000000,sh.601398,5.1100,5.1200,5.0900,5.1000,10291700,52473824.0000,3
2017-07-12,20170712101500000,sh.601398,5.1000,5.1100,5.0800,5.1000,4980400,25369880.0000,3
2017-07-12,20170712102000000,sh.601398,5.1000,5.1200,5.0900,5.1100,3446000,17586268.0000,3
2017-07-12,20170712102500000,sh.601398,5.1100,5.1300,5.1000,5.1300,4168500,21324290.0000,3
2017-07-12,20170712103000000,sh.601398,5.1200,5.1500,5.1200,5.1500,6887400,35367208.0000,3
2017-07-12,20170712103500000,sh.601398,5.1400,5.1500,5.1300,5.1300,4037400,20734228.0000,3
2017-07-12,20170712104000000,sh.601398,5.1400,5.1400,5.1200,5.1400,4719000,24220222.0000,3
2017-07-12,20170712104500000,sh.601398,5.1400,5.1500,5.1100,5.1200,6632900,34013488.0000,3
2017-07-12,20170712105000000,sh.601398,5.1100,5.1400,5.1100,5.1300,3418900,17511376.0000,3
2017-07-12,20170712105500000,sh.601398,5.1300,5.1300,5.1200,5.1300,1426800,7312634.0000,3
2017-07-12,20170712110000000,sh.601398,5.1200,5.1300,5.1200,5.1200,3386500,17344952.0000,3
2017-07-12,20170712110500000,sh.601398,5.1200,5.1300,5.1100,5.1300,857400,4392004.0000,3
2017-07-12,20170712111000000,sh.601398,5.1200,5.1400,5.1200,5.1300,2462100,12628812.0000,3
2017-07-12,20170712111500000,sh.601398,5.1300,5.1300,5.1200,5.1200,2952200,15129640.0000,3
2017-07-12,20170712112000000,sh.601398,5.1300,5.1500,5.1200,5.1500,7447800,38249200.0000,3
2017-07-12,20170712112500000,sh.601398,5.1400,5.1500,5.1400,5.1400,6869200,35355764.0000,3
2017-07-12,20170712113000000,sh.601398,5.1500,5.1500,5.1300,5.1300,1592000,8195474.0000,3
2017-07-12,20170712130500000,sh.601398,5.1300,5.1500,5.1300,5.1400,3826100,19657616.0000,3
2017-07-12,20170712131000000,sh.601398,5.1400,5.1400,5.1300,5.1300,844700,4336878.0000,3
2017-07-12,20170712131500000,sh.601398,5.1400,5.1400,5.1300,5.1400,746300,3833982.0000,3
2017-07-12,20170712132000000,sh.601398,5.1400,5.1400,5.1200,5.1300,3110400,15957595.0000,3
2017-07-12,20170712132500000,sh.601398,5.1300,5.1300,5.1100,5.1200,2690200,13775270.0000,3
2017-07-12,20170712133000000,sh.601398,5.1200,5.1300,5.1100,5.1300,2334300,11954586.0000,3
2017-07-12,20170712133500000,sh.601398,5.1300,5.1300,5.1200,5.1300,699400,3584061.0000,3
2017-07-12,20170712134000000,sh.601398,5.1300,5.1300,5.1100,5.1100,2269100,11621526.0000,3
2017-07-12,20170712134500000,sh.601398,5.1200,5.1300,5.1000,5.1000,5543100,28336940.0000,3
2017-07-12,20170712135000000,sh.601398,5.1100,5.1200,5.1000,5.1100,6512500,33265236.0000,3
2017-07-12,20170712135500000,sh.601398,5.1200,5.1200,5.1100,5.1100,995900,5092440.0000,3
2017-07-12,20170712140000000,sh.601398,5.1200,5.1200,5.1000,5.1100,2610200,13339105.0000,3
2017-07-12,20170712140500000,sh.601398,5.1200,5.1200,5.0800,5.1000,11475700,58481340.0000,3
2017-07-12,20170712141000000,sh.601398,5.1000,5.1000,5.0800,5.0900,1947800,9917738.0000,3
2017-07-12,20170712141500000,sh.601398,5.0900,5.1000,5.0800,5.1000,5077400,25810252.0000,3
2017-07-12,20170712142000000,sh.601398,5.1000,5.1000,5.0900,5.0900,2951300,15026333.0000,3
2017-07-12,20170712142500000,sh.601398,5.1000,5.1000,5.0800,5.0900,5351800,27239152.0000,3
2017-07-12,20170712143000000,sh.601398,5.0900,5.0900,5.0800,5.0800,2891900,14708737.0000,3
2017-07-12,20170712143500000,sh.601398,5.0900,5.0900,5.0800,5.0800,2040200,10372443.0000,3
2017-07-12,20170712144000000,sh.601398,5.0800,5.0800,5.0600,5.0600,7688800,38994936.0000,3
2017-07-12,20170712144500000,sh.601398,5.0700,5.0700,5.0500,5.0700,9856500,49878780.0000,3
2017-07-12,20170712145000000,sh.601398,5.0700,5.0800,5.0600,5.0600,3030800,15360405.0000,3
2017-07-12,20170712145500000,sh.601398,5.0700,5.0800,5.0700,5.0800,2174200,11034424.0000,3
2017-07-12,20170712150000000,sh.601398,5.0700,5.0900,5.0700,5.0800,3588500,18227888.0000,3
2017-07-13,20170713093500000,sh.601398,5.1000,5.1300,5.1000,5.1300,6119900,31315084.0000,3
2017-07-13,20170713094000000,sh.601398,5.1200,5.1400,5.1200,5.1200,6536700,33513560.0000,3
2017-07-13,20170713094500000,sh.601398,5.1300,5.1300,5.1100,5.1200,5211700,26687872.0000,3
2017-07-13,20170713095000000,sh.601398,5.1200,5.1300,5.1100,5.1200,3584700,18348742.0000,3
2017-07-13,20170713095500000,sh.601398,5.1200,5.1200,5.1100,5.1200,4687000,23980686.0000,3
2017-07-13,20170713100000000,sh.601398,5.1200,5.1200,5.1100,5.1200,3411000,17450156.0000,3
2017-07-13,20170713100500000,sh.601398,5.1100,5.1300,5.1100,5.1200,7758200,39684792.0000,3
2017-07-13,20170713101000000,sh.601398,5.1100,5.1200,5.0900,5.0900,4363700,22273780.0000,3
2017-07-13,20170713101500000,sh.601398,5.1000,5.1100,5.0900,5.0900,3701100,18856608.0000,3
2017-07-13,20170713102000000,sh.601398,5.0900,5.1100,5.0900,5.1000,1879200,9584427.0000,3
2017-07-13,20170713102500000,sh.601398,5.1000,5.1100,5.1000,5.1000,4273200,21819152.0000,3
2017-07-13,20170713103000000,sh.601398,5.1000,5.1100,5.0900,5.0900,2218800,11313246.0000,3
2017-07-13,20170713103500000,sh.601398,5.1000,5.1100,5.0900,5.1100,3424100,17464668.0000,3
2017-07-13,20170713104000000,sh.601398,5.1000,5.1100,5.0900,5.0900,1372000,6997769.0000,3
2017-07-13,20170713104500000,sh.601398,5.1000,5.1100,5.0900,5.1000,1664300,8486469.0000,3
2017-07-13,20170713105000000,sh.601398,5.1000,5.1100,5.0900,5.1000,1275100,6508591.0000,3
2017-07-13,20170713105500000,sh.601398,5.1000,5.1100,5.1000,5.1100,1015200,5185198.0000,3
2017-07-13,20170713110000000,sh.601398,5.1100,5.1100,5.1000,5.1100,1674500,8553143.0000,3
2017-07-13,20170713110500000,sh.601398,5.1000,5.1200,5.1000,5.1200,4335900,22181912.0000,3
2017-07-13,20170713111000000,sh.601398,5.1200,5.1300,5.1100,5.1100,17889100,91593672.0000,3
2017-07-13,20170713111500000,sh.601398,5.1100,5.1200,5.1100,5.1200,2842400,14550255.0000,3
2017-07-13,20170713112000000,sh.601398,5.1100,5.1300,5.1100,5.1300,4068500,20833878.0000,3
2017-07-13,20170713112500000,sh.601398,5.1200,5.1300,5.1200,5.1300,2337500,11986379.0000,3
2017-07-13,20170713113000000,sh.601398,5.1300,5.1300,5.1200,5.1300,2060600,10565468.0000,3
2017-07-13,20170713130500000,sh.601398,5.1200,5.1300,5.1200,5.1200,3266400,16751526.0000,3
2017-07-13,20170713131000000,sh.601398,5.1200,5.1400,5.1200,5.1300,4038100,20717920.0000,3
2017-07-13,20170713131500000,sh.601398,5.1300,5.1400,5.1200,5.1300,3647400,18728640.0000,3
2017-07-13,20170713132000000,sh.601398,5.1400,5.1400,5.1300,5.1300,3452500,17733068.0000,3
2017-07-13,20170713132500000,sh.601398,5.1400,5.1400,5.1300,5.1300,2856100,14670161.0000,3
2017-07-13,20170713133000000,sh.601398,5.1400,5.1400,5.1300,5.1400,3314300,17025132.0000,3
2017-07-13,20170713133500000,sh.601398,5.1400,5.1400,5.1200,5.1200,3934200,20203404.0000,3
2017-07-13,20170713134000000,sh.601398,5.1400,5.1400,5.1200,5.1400,4421500,22705400.0000,3
2017-07-13,20170713134500000,sh.601398,5.1400,5.1500,5.1300,5.1500,8233900,42343428.0000,3
2017-07-13,20170713135000000,sh.601398,5.1500,5.1500,5.1300,5.1300,4203500,21633748.0000,3
2017-07-13,20170713135500000,sh.601398,5.1400,5.1500,5.1300,5.1400,3650700,18764918.0000,3
2017-07-13,20170713140000000,sh.601398,5.1500,5.1500,5.1300,5.1400,3506900,18033528.0000,3
2017-07-13,20170713140500000,sh.601398,5.1400,5.1600,5.1300,5.1500,5320400,27390880.0000,3
2017-07-13,20170713141000000,sh.601398,5.1500,5.1700,5.1500,5.1600,9808400,50638992.0000,3
2017-07-13,20170713141500000,sh.601398,5.1600,5.1800,5.1600,5.1600,5295400,27386512.0000,3
2017-07-13,20170713142000000,sh.601398,5.1600,5.1900,5.1600,5.1900,8731900,45196712.0000,3
2017-07-13,20170713142500000,sh.601398,5.1800,5.1900,5.1700,5.1800,8226700,42630568.0000,3
2017-07-13,20170713143000000,sh.601398,5.1800,5.1900,5.1800,5.1800,4434700,23000852.0000,3
2017-07-13,20170713143500000,sh.601398,5.1800,5.1900,5.1700,5.1800,2898600,15025365.0000,3
2017-07-13,20170713144000000,sh.601398,5.1800,5.1800,5.1700,5.1800,1425500,7377826.0000,3
2017-07-13,20170713144500000,sh.601398,5.1800,5.1800,5.1700,5.1700,2045700,10586026.0000,3
2017-07-13,20170713145000000,sh.601398,5.1800,5.1800,5.1700,5.1800,2582900,13361723.0000,3
2017-07-13,20170713145500000,sh.601398,5.1700,5.1800,5.1700,5.1700,5334400,27596730.0000,3
2017-07-13,20170713150000000,sh.601398,5.1800,5.1800,5.1600,5.1600,8028600,41478280.0000,3
2017-07-14,20170714093500000,sh.601398,5.1700,5.1900,5.1600,5.1700,8139600,42103816.0000,3
2017-07-14,20170714094000000,sh.601398,5.1700,5.1900,5.1600,5.1800,6256100,32380444.0000,3
2017-07-14,20170714094500000,sh.601398,5.1800,5.1900,5.1700,5.1800,5453200,28257066.0000,3
2017-07-14,20170714095000000,sh.601398,5.1800,5.1800,5.1600,5.1700,3106400,16048785.0000,3
2017-07-14,20170714095500000,sh.601398,5.1600,5.1800,5.1600,5.1700,2473000,12790150.0000,3
2017-07-14,20170714100000000,sh.601398,5.1700,5.1800,5.1500,5.1600,3714200,19185952.0000,3
2017-07-14,20170714100500000,sh.601398,5.1500,5.1700,5.1500,5.1500,2873600,14816086.0000,3
2017-07-14,20170714101000000,sh.601398,5.1600,5.1700,5.1500,5.1500,3109100,16039973.0000,3
2017-07-14,20170714101500000,sh.601398,5.1500,5.1700,5.1500,5.1600,1475700,7613744.0000,3
2017-07-14,20170714102000000,sh.601398,5.1600,5.1600,5.1500,5.1600,1185800,6112521.0000,3
2017-07-14,20170714102500000,sh.601398,5.1600,5.1700,5.1500,5.1600,891200,4598100.0000,3
2017-07-14,20170714103000000,sh.601398,5.1600,5.1700,5.1600,5.1600,879500,4542691.0000,3
2017-07-14,20170714103500000,sh.601398,5.1600,5.1700,5.1500,5.1600,2122000,10940382.0000,3
2017-07-14,20170714104000000,sh.601398,5.1600,5.1600,5.1500,5.1600,513100,2645671.0000,3
2017-07-14,20170714104500000,sh.601398,5.1600,5.1600,5.1500,5.1600,908200,4679977.0000,3
2017-07-14,20170714105000000,sh.601398,5.1600,5.1600,5.1500,5.1600,1603300,8265075.0000,3
2017-07-14,20170714105500000,sh.601398,5.1600,5.1600,5.1500,5.1600,623100,3212030.0000,3
2017-07-14,20170714110000000,sh.601398,5.1500,5.1600,5.1500,5.1600,1107900,5711060.0000,3
2017-07-14,20170714110500000,sh.601398,5.1500,5.1600,5.1500,5.1600,921600,4751053.0000,3
2017-07-14,20170714111000000,sh.601398,5.1600,5.1600,5.1500,5.1600,1443000,7434693.0000,3
2017-07-14,20170714111500000,sh.601398,5.1600,5.1600,5.1400,5.1500,2341200,12063540.0000,3
2017-07-14,20170714112000000,sh.601398,5.1500,5.1600,5.1400,5.1600,1773600,9136558.0000,3
2017-07-14,20170714112500000,sh.601398,5.1500,5.1600,5.1400,5.1400,2154800,11097652.0000,3
2017-07-14,20170714113000000,sh.601398,5.1400,5.1600,5.1400,5.1600,779600,4012073.0000,3
2017-07-14,20170714130500000,sh.601398,5.1500,5.1700,5.1500,5.1700,4288700,22125062.0000,3
2017-07-14,20170714131000000,sh.601398,5.1700,5.1700,5.1600,5.1700,1526500,7885143.0000,3
2017-07-14,20170714131500000,sh.601398,5.1600,5.1700,5.1600,5.1700,866600,4473919.0000,3
2017-07-14,20170714132000000,sh.601398,5.1700,5.1700,5.1600,5.1600,840500,4341897.0000,3
2017-07-14,20170714132500000,sh.601398,5.1600,5.1800,5.1600,5.1700,1251700,6474286.0000,3
2017-07-14,20170714133000000,sh.601398,5.1800,5.1800,5.1600,5.1700,539000,2788661.0000,3
2017-07-14,20170714133500000,sh.601398,5.1700,5.1800,5.1700,5.1700,908900,4704583.0000,3
2017-07-14,20170714134000000,sh.601398,5.1700,5.1800,5.1600,5.1600,1068200,5525593.0000,3
2017-07-14,20170714134500000,sh.601398,5.1600,5.1800,5.1600,5.1700,1053600,5442889.0000,3
2017-07-14,20170714135000000,sh.601398,5.1700,5.1700,5.1600,5.1600,605000,3126349.0000,3
2017-07-14,20170714135500000,sh.601398,5.1700,5.1800,5.1600,5.1800,816100,4221340.0000,3
2017-07-14,20170714140000000,sh.601398,5.1800,5.1800,5.1700,5.1800,692200,3582864.0000,3
2017-07-14,20170714140500000,sh.601398,5.1800,5.1800,5.1600,5.1800,960300,4968999.0000,3
2017-07-14,20170714141000000,sh.601398,5.1700,5.1800,5.1600,5.1700,1464600,7569101.0000,3
2017-07-14,20170714141500000,sh.601398,5.1700,5.1700,5.1500,5.1600,2400000,12386041.0000,3
2017-07-14,20170714142000000,sh.601398,5.1600,5.1700,5.1500,5.1700,1548200,7994420.0000,3
2017-07-14,20170714142500000,sh.601398,5.1600,5.1700,5.1600,5.1700,837200,4322552.0000,3
2017-07-14,20170714143000000,sh.601398,5.1600,5.1700,5.1500,5.1700,1850500,9556982.0000,3
2017-07-14,20170714143500000,sh.601398,5.1600,5.1800,5.1500,5.1700,4225700,21821692.0000,3
2017-07-14,20170714144000000,sh.601398,5.1700,5.1800,5.1600,5.1800,1268200,6564040.0000,3
2017-07-14,20170714144500000,sh.601398,5.1700,5.1800,5.1700,5.1800,2782100,14406682.0000,3
2017-07-14,20170714145000000,sh.601398,5.1700,5.1800,5.1700,5.1700,865700,4478559.0000,3
2017-07-14,20170714145500000,sh.601398,5.1800,5.1800,5.1600,5.1800,2203500,11401516.0000,3
2017-07-14,20170714150000000,sh.601398,5.1700,5.1800,5.1700,5.1700,1193500,6178029.0000,3
2017-07-17,20170717093500000,sh.601398,5.1900,5.2800,5.1800,5.2700,18190800,95060672.0000,3
2017-07-17,20170717094000000,sh.601398,5.2700,5.2800,5.2500,5.2500,16461600,86690592.0000,3
2017-07-17,20170717094500000,sh.601398,5.2500,5.2600,5.2300,5.2300,9285400,48733352.0000,3
2017-07-17,20170717095000000,sh.601398,5.2500,5.2500,5.2100,5.2200,13126800,68614176.0000,3
2017-07-17,20170717095500000,sh.601398,5.2100,5.2400,5.1700,5.2400,11628000,60583600.0000,3
2017-07-17,20170717100000000,sh.601398,5.2400,5.2500,5.2200,5.2300,6752900,35345972.0000,3
2017-07-17,20170717100500000,sh.601398,5.2300,5.2500,5.2200,5.2500,7785600,40773016.0000,3
2017-07-17,20170717101000000,sh.601398,5.2400,5.2500,5.2400,5.2500,5999700,31485698.0000,3
2017-07-17,20170717101500000,sh.601398,5.2400,5.2600,5.2400,5.2400,6006100,31540480.0000,3
2017-07-17,20170717102000000,sh.601398,5.2500,5.2500,5.2300,5.2500,6463200,33866240.0000,3
2017-07-17,20170717102500000,sh.601398,5.2500,5.2500,5.2400,5.2400,3456900,18124886.0000,3
2017-07-17,20170717103000000,sh.601398,5.2500,5.2500,5.2300,5.2400,3136300,16444865.0000,3
2017-07-17,20170717103500000,sh.601398,5.2400,5.2500,5.2400,5.2500,4105500,21539868.0000,3
2017-07-17,20170717104000000,sh.601398,5.2500,5.2600,5.2400,5.2600,3637900,19116240.0000,3
2017-07-17,20170717104500000,sh.601398,5.2500,5.2600,5.2500,5.2500,6775000,35608672.0000,3
2017-07-17,20170717105000000,sh.601398,5.2600,5.2600,5.2500,5.2600,1826700,9603668.0000,3
2017-07-17,20170717105500000,sh.601398,5.2600,5.2600,5.2500,5.2600,1692900,8900135.0000,3
2017-07-17,20170717110000000,sh.601398,5.2500,5.2700,5.2500,5.2700,4171900,21958062.0000,3
2017-07-17,20170717110500000,sh.601398,5.2600,5.3000,5.2600,5.3000,17844100,94227456.0000,3
2017-07-17,20170717111000000,sh.601398,5.2900,5.3400,5.2900,5.3100,13732400,72946344.0000,3
2017-07-17,20170717111500000,sh.601398,5.3100,5.3200,5.3000,5.3100,4078200,21661252.0000,3
2017-07-17,20170717112000000,sh.601398,5.3100,5.3200,5.3000,5.3100,4506500,23944528.0000,3
2017-07-17,20170717112500000,sh.601398,5.3000,5.3300,5.3000,5.3300,4417000,23508712.0000,3
2017-07-17,20170717113000000,sh.601398,5.3300,5.3300,5.3100,5.3200,4290500,22851720.0000,3
2017-07-17,20170717130500000,sh.601398,5.3200,5.3300,5.3000,5.3200,7670600,40771736.0000,3
2017-07-17,20170717131000000,sh.601398,5.3200,5.3300,5.3100,5.3200,6922500,36843224.0000,3
2017-07-17,20170717131500000,sh.601398,5.3200,5.3300,5.3100,5.3300,4759300,25328244.0000,3
2017-07-17,20170717132000000,sh.601398,5.3100,5.3300,5.3100,5.3200,3044300,16214347.0000,3
2017-07-17,20170717132500000,sh.601398,5.3300,5.3400,5.3200,5.3300,2270600,12107990.0000,3
2017-07-17,20170717133000000,sh.601398,5.3300,5.3400,5.3300,5.3300,3618200,19310504.0000,3
2017-07-17,20170717133500000,sh.601398,5.3400,5.3500,5.3300,5.3400,5369800,28689684.0000,3
2017-07-17,20170717134000000,sh.601398,5.3400,5.3400,5.3300,5.3300,2521600,13456852.0000,3
2017-07-17,20170717134500000,sh.601398,5.3300,5.3400,5.3300,5.3300,1806800,9637202.0000,3
2017-07-17,20170717135000000,sh.601398,5.3300,5.3400,5.3200,5.3200,3941200,21000458.0000,3
2017-07-17,20170717135500000,sh.601398,5.3300,5.3300,5.3100,5.3100,1253500,6670815.0000,3
2017-07-17,20170717140000000,sh.601398,5.3200,5.3200,5.3100,5.3200,1407800,7485880.0000,3
2017-07-17,20170717140500000,sh.601398,5.3200,5.3300,5.3100,5.3200,2130400,11342698.0000,3
2017-07-17,20170717141000000,sh.601398,5.3300,5.3300,5.3100,5.3200,1698300,9040905.0000,3
2017-07-17,20170717141500000,sh.601398,5.3300,5.3300,5.3100,5.3100,2125900,11297195.0000,3
2017-07-17,20170717142000000,sh.601398,5.3100,5.3100,5.2800,5.2900,7150900,37856056.0000,3
2017-07-17,20170717142500000,sh.601398,5.2800,5.3100,5.2800,5.3000,4105100,21733804.0000,3
2017-07-17,20170717143000000,sh.601398,5.3000,5.3100,5.2700,5.2800,2540500,13434471.0000,3
2017-07-17,20170717143500000,sh.601398,5.2800,5.2800,5.2500,5.2600,3441800,18122794.0000,3
2017-07-17,20170717144000000,sh.601398,5.2600,5.2700,5.2500,5.2500,3164100,16642852.0000,3
2017-07-17,20170717144500000,sh.601398,5.2600,5.3000,5.2500,5.2900,5058300,26675288.0000,3
2017-07-17,20170717145000000,sh.601398,5.2900,5.2900,5.2600,5.2900,6096000,32144260.0000,3
2017-07-17,20170717145500000,sh.601398,5.2800,5.3400,5.2800,5.3200,21678300,115281336.0000,3
2017-07-17,20170717150000000,sh.601398,5.3200,5.3700,5.3200,5.3400,34738200,185713856.0000,3
2017-07-18,20170718093500000,sh.601398,5.2900,5.3200,5.2800,5.2900,11149300,59046332.0000,3
2017-07-18,20170718094000000,sh.601398,5.2800,5.3000,5.2700,5.2900,5125800,27095262.0000,3
2017-07-18,20170718094500000,sh.601398,5.2900,5.3200,5.2900,5.3200,8278700,43869864.0000,3
2017-07-18,20170718095000000,sh.601398,5.3200,5.3400,5.3100,5.3400,8323800,44321300.0000,3
2017-07-18,20170718095500000,sh.601398,5.3300,5.3400,5.3300,5.3300,7900900,42163032.0000,3
2017-07-18,20170718100000000,sh.601398,5.3300,5.3600,5.3200,5.3500,4254100,22722864.0000,3
2017-07-18,20170718100500000,sh.601398,5.3500,5.3700,5.3500,5.3700,8391100,44968480.0000,3
2017-07-18,20170718101000000,sh.601398,5.3600,5.3800,5.3500,5.3600,8803100,47244592.0000,3
2017-07-18,20170718101500000,sh.601398,5.3600,5.3600,5.3400,5.3500,5894800,31556404.0000,3
2017-07-18,20170718102000000,sh.601398,5.3600,5.3600,5.3200,5.3200,4586600,24473016.0000,3
2017-07-18,20170718102500000,sh.601398,5.3300,5.3400,5.3200,5.3400,2138800,11403914.0000,3
2017-07-18,20170718103000000,sh.601398,5.3300,5.3400,5.3100,5.3100,3987400,21238678.0000,3
2017-07-18,20170718103500000,sh.601398,5.3200,5.3200,5.3100,5.3100,4419000,23487656.0000,3
2017-07-18,20170718104000000,sh.601398,5.3200,5.3200,5.3100,5.3100,1978200,10509365.0000,3
2017-07-18,20170718104500000,sh.601398,5.3100,5.3100,5.2800,5.2900,6338200,33522448.0000,3
2017-07-18,20170718105000000,sh.601398,5.2800,5.3000,5.2800,5.3000,4441000,23476836.0000,3
2017-07-18,20170718105500000,sh.601398,5.3100,5.3100,5.2800,5.2900,2602700,13770315.0000,3
2017-07-18,20170718110000000,sh.601398,5.2800,5.2900,5.2800,5.2900,1865900,9862728.0000,3
2017-07-18,20170718110500000,sh.601398,5.2900,5.2900,5.2800,5.2900,1234600,6527341.0000,3
2017-07-18,20170718111000000,sh.601398,5.2900,5.3000,5.2800,5.3000,2376400,12580951.0000,3
2017-07-18,20170718111500000,sh.601398,5.2900,5.3100,5.2900,5.3000,1340000,7102931.0000,3
2017-07-18,20170718112000000,sh.601398,5.3000,5.3000,5.2900,5.2900,856200,4536356.0000,3
2017-07-18,20170718112500000,sh.601398,5.3000,5.3100,5.2900,5.3100,3893300,20639184.0000,3
2017-07-18,20170718113000000,sh.601398,5.3000,5.3100,5.2900,5.3000,1054000,5584682.0000,3
2017-07-18,20170718130500000,sh.601398,5.2900,5.3100,5.2800,5.3000,5872700,31069316.0000,3
2017-07-18,20170718131000000,sh.601398,5.3100,5.3100,5.3000,5.3100,1149500,6097628.0000,3
2017-07-18,20170718131500000,sh.601398,5.3100,5.3100,5.2900,5.3000,3249600,17227324.0000,3
2017-07-18,20170718132000000,sh.601398,5.3100,5.3100,5.2800,5.2900,6488100,34354224.0000,3
2017-07-18,20170718132500000,sh.601398,5.3000,5.3100,5.2900,5.3000,3886400,20592724.0000,3
2017-07-18,20170718133000000,sh.601398,5.3000,5.3000,5.2800,5.2800,3768500,19932480.0000,3
2017-07-18,20170718133500000,sh.601398,5.2800,5.2800,5.2500,5.2600,4799000,25269484.0000,3
2017-07-18,20170718134000000,sh.601398,5.2600,5.2800,5.2500,5.2700,2233600,11754266.0000,3
2017-07-18,20170718134500000,sh.601398,5.2700,5.2700,5.2500,5.2600,1674500,8805161.0000,3
2017-07-18,20170718135000000,sh.601398,5.2500,5.2700,5.2500,5.2600,2295200,12078592.0000,3
2017-07-18,20170718135500000,sh.601398,5.2600,5.2700,5.2600,5.2700,1307900,6888786.0000,3
2017-07-18,20170718140000000,sh.601398,5.2700,5.2700,5.2500,5.2600,2505900,13183511.0000,3
2017-07-18,20170718140500000,sh.601398,5.2700,5.3000,5.2600,5.2900,5402800,28543052.0000,3
2017-07-18,20170718141000000,sh.601398,5.3000,5.3000,5.2800,5.3000,2305800,12207750.0000,3
2017-07-18,20170718141500000,sh.601398,5.2900,5.3000,5.2800,5.2800,1471500,7787227.0000,3
2017-07-18,20170718142000000,sh.601398,5.2800,5.2900,5.2800,5.2800,1449100,7657370.0000,3
2017-07-18,20170718142500000,sh.601398,5.2800,5.2900,5.2800,5.2900,1428200,7551288.0000,3
2017-07-18,20170718143000000,sh.601398,5.2900,5.3000,5.2700,5.2900,2058000,10875728.0000,3
2017-07-18,20170718143500000,sh.601398,5.2900,5.3000,5.2800,5.3000,1306100,6906042.0000,3
2017-07-18,20170718144000000,sh.601398,5.3000,5.3100,5.2900,5.3000,10212500,54133240.0000,3
2017-07-18,20170718144500000,sh.601398,5.3100,5.3200,5.2900,5.3000,2505300,13276649.0000,3
2017-07-18,20170718145000000,sh.601398,5.3000,5.3000,5.2700,5.2800,2220100,11723142.0000,3
2017-07-18,20170718145500000,sh.601398,5.2800,5.2900,5.2700,5.2800,1598700,8441534.0000,3
2017-07-18,20170718150000000,sh.601398,5.2800,5.2900,5.2700,5.2800,2312300,12205544.0000,3
2017-07-19,20170719093500000,sh.601398,5.2700,5.2900,5.2500,5.2800,3209700,16912900.0000,3
2017-07-19,20170719094000000,sh.601398,5.2800,5.2900,5.2600,5.2800,4995100,26360384.0000,3
2017-07-19,20170719094500000,sh.601398,5.2800,5.3100,5.2800,5.3000,3150500,16693837.0000,3
2017-07-19,20170719095000000,sh.601398,5.3000,5.3300,5.2900,5.3200,5968200,31732052.0000,3
2017-07-19,20170719095500000,sh.601398,5.3100,5.3200,5.3000,5.3100,1746800,9275611.0000,3
2017-07-19,20170719100000000,sh.601398,5.3200,5.3300,5.3100,5.3100,4014700,21359678.0000,3
2017-07-19,20170719100500000,sh.601398,5.3100,5.3400,5.3100,5.3300,7534600,40144304.0000,3
2017-07-19,20170719101000000,sh.601398,5.3200,5.3300,5.3100,5.3100,2157700,11481147.0000,3
2017-07-19,20170719101500000,sh.601398,5.3100,5.3300,5.3100,5.3200,1380000,7344023.0000,3
2017-07-19,20170719102000000,sh.601398,5.3300,5.3300,5.3000,5.3000,6607200,35079828.0000,3
2017-07-19,20170719102500000,sh.601398,5.2900,5.3000,5.2900,5.3000,1965500,10405848.0000,3
2017-07-19,20170719103000000,sh.601398,5.2900,5.3100,5.2900,5.3100,1620000,8590598.0000,3
2017-07-19,20170719103500000,sh.601398,5.3100,5.3200,5.3000,5.3200,2425100,12860024.0000,3
2017-07-19,20170719104000000,sh.601398,5.3200,5.3200,5.2900,5.3000,2681800,14220301.0000,3
2017-07-19,20170719104500000,sh.601398,5.3000,5.3100,5.2800,5.3000,3168800,16785386.0000,3
2017-07-19,20170719105000000,sh.601398,5.3000,5.3100,5.2900,5.2900,2681900,14212974.0000,3
2017-07-19,20170719105500000,sh.601398,5.2900,5.3100,5.2900,5.3000,1986500,10525578.0000,3
2017-07-19,20170719110000000,sh.601398,5.2900,5.3000,5.2800,5.2800,3405200,18001646.0000,3
2017-07-19,20170719110500000,sh.601398,5.2800,5.2900,5.2700,5.2900,876900,4634426.0000,3
2017-07-19,20170719111000000,sh.601398,5.2900,5.3000,5.2800,5.2900,1098300,5812388.0000,3
2017-07-19,20170719111500000,sh.601398,5.2900,5.3000,5.2900,5.3000,536900,2843634.0000,3
2017-07-19,20170719112000000,sh.601398,5.2900,5.3000,5.2900,5.3000,899200,4761475.0000,3
2017-07-19,20170719112500000,sh.601398,5.3000,5.3000,5.2800,5.2800,755700,3997197.0000,3
2017-07-19,20170719113000000,sh.601398,5.2900,5.2900,5.2600,5.2700,6221600,32800308.0000,3
2017-07-19,20170719130500000,sh.601398,5.2700,5.2900,5.2600,5.2800,5712700,30101492.0000,3
2017-07-19,20170719131000000,sh.601398,5.2700,5.2900,5.2700,5.2900,2461000,12990373.0000,3
2017-07-19,20170719131500000,sh.601398,5.2900,5.2900,5.2700,5.2800,1155900,6104792.0000,3
2017-07-19,20170719132000000,sh.601398,5.2700,5.2800,5.2700,5.2800,848700,4476799.0000,3
2017-07-19,20170719132500000,sh.601398,5.2700,5.2800,5.2600,5.2800,7495900,39504216.0000,3
2017-07-19,20170719133000000,sh.601398,5.2800,5.2900,5.2700,5.2800,1137600,6001565.0000,3
2017-07-19,20170719133500000,sh.601398,5.2800,5.2800,5.2700,5.2700,823100,4343139.0000,3
2017-07-19,20170719134000000,sh.601398,5.2800,5.2900,5.2600,5.2900,6180900,32585592.0000,3
2017-07-19,20170719134500000,sh.601398,5.2900,5.2900,5.2700,5.2900,631100,3335280.0000,3
2017-07-19,20170719135000000,sh.601398,5.2900,5.2900,5.2800,5.2800,582000,3077242.0000,3
2017-07-19,20170719135500000,sh.601398,5.2800,5.2900,5.2800,5.2800,421000,2225242.0000,3
2017-07-19,20170719140000000,sh.601398,5.2800,5.2900,5.2700,5.2700,902100,4763702.0000,3
2017-07-19,20170719140500000,sh.601398,5.2800,5.2800,5.2700,5.2800,917000,4838802.0000,3
2017-07-19,20170719141000000,sh.601398,5.2700,5.2900,5.2700,5.2900,1463700,7729620.0000,3
2017-07-19,20170719141500000,sh.601398,5.2900,5.2900,5.2800,5.2900,2756500,14580522.0000,3
2017-07-19,20170719142000000,sh.601398,5.2900,5.2900,5.2800,5.2900,2182500,11543711.0000,3
2017-07-19,20170719142500000,sh.601398,5.2900,5.3000,5.2800,5.3000,3328000,17628780.0000,3
2017-07-19,20170719143000000,sh.601398,5.3000,5.3500,5.3000,5.3400,11159000,59439904.0000,3
2017-07-19,20170719143500000,sh.601398,5.3300,5.3400,5.3000,5.3100,9819300,52240568.0000,3
2017-07-19,20170719144000000,sh.601398,5.3100,5.3300,5.2900,5.3000,12299100,65184736.0000,3
2017-07-19,20170719144500000,sh.601398,5.3000,5.3200,5.2800,5.3000,12201800,64583532.0000,3
2017-07-19,20170719145000000,sh.601398,5.3000,5.3100,5.2800,5.3000,13030200,68938720.0000,3
2017-07-19,20170719145500000,sh.601398,5.3000,5.3000,5.2400,5.2700,44289000,232892368.0000,3
2017-07-19,20170719150000000,sh.601398,5.2600,5.2900,5.2300,5.2700,27840200,146177840.0000,3
2017-07-20,20170720093500000,sh.601398,5.2700,5.2900,5.2500,5.2900,15635200,82476848.0000,3
2017-07-20,20170720094000000,sh.601398,5.2800,5.2900,5.2700,5.2700,3397500,17920564.0000,3
2017-07-20,20170720094500000,sh.601398,5.2700,5.2800,5.2400,5.2600,8416300,44251452.0000,3
2017-07-20,20170720095000000,sh.601398,5.2500,5.2600,5.2400,5.2400,6734800,35353752.0000,3
2017-07-20,20170720095500000,sh.601398,5.2400,5.2500,5.2400,5.2500,3250700,17046054.0000,3
2017-07-20,20170720100000000,sh.601398,5.2500,5.2600,5.2400,5.2500,5643100,29597612.0000,3
2017-07-20,20170720100500000,sh.601398,5.2500,5.2500,5.2300,5.2400,6995700,36652760.0000,3
2017-07-20,20170720101000000,sh.601398,5.2400,5.2400,5.2300,5.2400,4820400,25224940.0000,3
2017-07-20,20170720101500000,sh.601398,5.2400,5.2500,5.2300,5.2300,3278400,17171440.0000,3
2017-07-20,20170720102000000,sh.601398,5.2400,5.2400,5.2300,5.2400,2433600,12743940.0000,3
2017-07-20,20170720102500000,sh.601398,5.2300,5.2400,5.2300,5.2400,3644300,19085476.0000,3
2017-07-20,20170720103000000,sh.601398,5.2400,5.2400,5.2200,5.2300,6392200,33425270.0000,3
2017-07-20,20170720103500000,sh.601398,5.2300,5.2400,5.2200,5.2300,1287600,6739011.0000,3
2017-07-20,20170720104000000,sh.601398,5.2400,5.2500,5.2300,5.2500,1797300,9414382.0000,3
2017-07-20,20170720104500000,sh.601398,5.2500,5.2600,5.2400,5.2400,1959300,10284817.0000,3
2017-07-20,20170720105000000,sh.601398,5.2500,5.2600,5.2500,5.2600,2015800,10598552.0000,3
2017-07-20,20170720105500000,sh.601398,5.2600,5.2700,5.2600,5.2700,2179700,11482508.0000,3
2017-07-20,20170720110000000,sh.601398,5.2600,5.2700,5.2600,5.2600,1442900,7598068.0000,3
2017-07-20,20170720110500000,sh.601398,5.2700,5.2700,5.2500,5.2600,5169600,27193944.0000,3
2017-07-20,20170720111000000,sh.601398,5.2600,5.2700,5.2500,5.2700,3312800,17445240.0000,3
2017-07-20,20170720111500000,sh.601398,5.2700,5.2700,5.2600,5.2600,6485700,34161824.0000,3
2017-07-20,20170720112000000,sh.601398,5.2700,5.2800,5.2600,5.2700,3517200,18548300.0000,3
2017-07-20,20170720112500000,sh.601398,5.2800,5.2800,5.2700,5.2800,5986500,31578720.0000,3
2017-07-20,20170720113000000,sh.601398,5.2700,5.2800,5.2700,5.2800,2235700,11803856.0000,3
2017-07-20,20170720130500000,sh.601398,5.2800,5.2900,5.2700,5.2800,6383900,33704816.0000,3
2017-07-20,20170720131000000,sh.601398,5.2800,5.2800,5.2700,5.2800,5100400,26895252.0000,3
2017-07-20,20170720131500000,sh.601398,5.2800,5.2800,5.2700,5.2700,2088000,11015639.0000,3
2017-07-20,20170720132000000,sh.601398,5.2800,5.2800,5.2600,5.2600,2919200,15383049.0000,3
2017-07-20,20170720132500000,sh.601398,5.2700,5.2700,5.2600,5.2600,2896700,15249782.0000,3
2017-07-20,20170720133000000,sh.601398,5.2600,5.2700,5.2500,5.2500,2492500,13110384.0000,3
2017-07-20,20170720133500000,sh.601398,5.2600,5.2700,5.2500,5.2600,4511200,23698978.0000,3
2017-07-20,20170720134000000,sh.601398,5.2700,5.2700,5.2500,5.2600,2267200,11935158.0000,3
2017-07-20,20170720134500000,sh.601398,5.2600,5.2800,5.2600,5.2700,3279000,17281584.0000,3
2017-07-20,20170720135000000,sh.601398,5.2700,5.2800,5.2600,5.2600,2135900,11261867.0000,3
2017-07-20,20170720135500000,sh.601398,5.2700,5.2800,5.2600,5.2700,1692900,8935211.0000,3
2017-07-20,20170720140000000,sh.601398,5.2700,5.2800,5.2700,5.2800,2236200,11805428.0000,3
2017-07-20,20170720140500000,sh.601398,5.2800,5.2900,5.2700,5.2800,1017100,5372045.0000,3
2017-07-20,20170720141000000,sh.601398,5.2900,5.2900,5.2800,5.2900,2279200,12045647.0000,3
2017-07-20,20170720141500000,sh.601398,5.2800,5.2900,5.2800,5.2800,1258400,6651214.0000,3
2017-07-20,20170720142000000,sh.601398,5.2900,5.2900,5.2700,5.2700,1748800,9237255.0000,3
2017-07-20,20170720142500000,sh.601398,5.2800,5.2800,5.2700,5.2700,2445800,12902162.0000,3
2017-07-20,20170720143000000,sh.601398,5.2800,5.2900,5.2700,5.2800,852900,4501911.0000,3
2017-07-20,20170720143500000,sh.601398,5.2700,5.2900,5.2700,5.2800,878700,4642821.0000,3
2017-07-20,20170720144000000,sh.601398,5.2800,5.2900,5.2700,5.2700,1545600,8165532.0000,3
2017-07-20,20170720144500000,sh.601398,5.2800,5.2800,5.2700,5.2800,2104200,11101772.0000,3
2017-07-20,20170720145000000,sh.601398,5.2800,5.2900,5.2700,5.2900,4337900,22924116.0000,3
2017-07-20,20170720145500000,sh.601398,5.2900,5.2900,5.2800,5.2900,3794200,20068636.0000,3
2017-07-20,20170720150000000,sh.601398,5.2900,5.3000,5.2800,5.2900,7180800,37995144.0000,3
2017-07-21,20170721093500000,sh.601398,5.2800,5.2900,5.2700,5.2900,2409600,12727760.0000,3
2017-07-21,20170721094000000,sh.601398,5.2800,5.2900,5.2800,5.2800,1748900,9243944.0000,3
2017-07-21,20170721094500000,sh.601398,5.2800,5.2900,5.2800,5.2800,2145700,11331521.0000,3
2017-07-21,20170721095000000,sh.601398,5.2900,5.2900,5.2800,5.2900,1441800,7619761.0000,3
2017-07-21,20170721095500000,sh.601398,5.2800,5.2900,5.2800,5.2900,1748400,9240868.0000,3
2017-07-21,20170721100000000,sh.601398,5.2900,5.3100,5.2800,5.2900,5684300,30093384.0000,3
2017-07-21,20170721100500000,sh.601398,5.2900,5.3000,5.2900,5.3000,1233400,6535669.0000,3
2017-07-21,20170721101000000,sh.601398,5.3000,5.3000,5.2900,5.3000,1668000,8839088.0000,3
2017-07-21,20170721101500000,sh.601398,5.3000,5.3000,5.2900,5.3000,2092200,11076869.0000,3
2017-07-21,20170721102000000,sh.601398,5.3000,5.3000,5.2900,5.2900,2644500,14003203.0000,3
2017-07-21,20170721102500000,sh.601398,5.3000,5.3000,5.2800,5.2800,1434400,7594487.0000,3
2017-07-21,20170721103000000,sh.601398,5.2900,5.3000,5.2800,5.2900,1206700,6382963.0000,3
2017-07-21,20170721103500000,sh.601398,5.2900,5.3000,5.2800,5.2800,2136700,11302333.0000,3
2017-07-21,20170721104000000,sh.601398,5.2900,5.2900,5.2800,5.2800,1203100,6361286.0000,3
2017-07-21,20170721104500000,sh.601398,5.2900,5.2900,5.2800,5.2800,1212900,6413681.0000,3
2017-07-21,20170721105000000,sh.601398,5.2900,5.2900,5.2800,5.2900,964900,5102598.0000,3
2017-07-21,20170721105500000,sh.601398,5.2900,5.3000,5.2900,5.2900,979100,5186586.0000,3
2017-07-21,20170721110000000,sh.601398,5.2900,5.3000,5.2800,5.2900,1040200,5508814.0000,3
2017-07-21,20170721110500000,sh.601398,5.3000,5.3000,5.2800,5.2900,913200,4834909.0000,3
2017-07-21,20170721111000000,sh.601398,5.3000,5.3000,5.2900,5.2900,936100,4958986.0000,3
2017-07-21,20170721111500000,sh.601398,5.3000,5.3000,5.2900,5.2900,1241500,6576008.0000,3
2017-07-21,20170721112000000,sh.601398,5.2900,5.3000,5.2900,5.3000,1810900,9595618.0000,3
2017-07-21,20170721112500000,sh.601398,5.3000,5.3100,5.2900,5.3000,1399200,7425242.0000,3
2017-07-21,20170721113000000,sh.601398,5.3100,5.3100,5.3000,5.3000,1573500,8352225.0000,3
2017-07-21,20170721130500000,sh.601398,5.3100,5.3100,5.3000,5.3000,2089000,11084413.0000,3
2017-07-21,20170721131000000,sh.601398,5.3100,5.3100,5.3000,5.3100,877200,4655647.0000,3
2017-07-21,20170721131500000,sh.601398,5.3000,5.3100,5.3000,5.3100,4311200,22887692.0000,3
2017-07-21,20170721132000000,sh.601398,5.3100,5.3200,5.3000,5.3200,1123800,5972325.0000,3
2017-07-21,20170721132500000,sh.601398,5.3100,5.3300,5.3100,5.3200,5553800,29542776.0000,3
2017-07-21,20170721133000000,sh.601398,5.3300,5.3500,5.3200,5.3500,13686400,73005304.0000,3
2017-07-21,20170721133500000,sh.601398,5.3500,5.3500,5.3300,5.3400,6406200,34189008.0000,3
2017-07-21,20170721134000000,sh.601398,5.3300,5.3400,5.3200,5.3200,4333300,23092928.0000,3
2017-07-21,20170721134500000,sh.601398,5.3100,5.3200,5.3100,5.3200,2242400,11916990.0000,3
2017-07-21,20170721135000000,sh.601398,5.3200,5.3300,5.3100,5.3300,2066400,10993253.0000,3
2017-07-21,20170721135500000,sh.601398,5.3300,5.3300,5.3200,5.3300,1646100,8772740.0000,3
2017-07-21,20170721140000000,sh.601398,5.3200,5.3400,5.3200,5.3300,1686800,8989199.0000,3
2017-07-21,20170721140500000,sh.601398,5.3400,5.3400,5.3200,5.3300,2285300,12181420.0000,3
2017-07-21,20170721141000000,sh.601398,5.3300,5.3400,5.3200,5.3400,2255300,12031660.0000,3
2017-07-21,20170721141500000,sh.601398,5.3400,5.3400,5.3300,5.3400,2552500,13628150.0000,3
2017-07-21,20170721142000000,sh.601398,5.3400,5.3500,5.3300,5.3500,4905500,26204220.0000,3
2017-07-21,20170721142500000,sh.601398,5.3400,5.3600,5.3300,5.3600,11274600,60316000.0000,3
2017-07-21,20170721143000000,sh.601398,5.3600,5.3600,5.3300,5.3400,3870900,20714436.0000,3
2017-07-21,20170721143500000,sh.601398,5.3300,5.3500,5.3300,5.3300,999900,5337651.0000,3
2017-07-21,20170721144000000,sh.601398,5.3400,5.3400,5.3300,5.3300,576800,3077568.0000,3
2017-07-21,20170721144500000,sh.601398,5.3400,5.3400,5.3300,5.3300,2099600,11200369.0000,3
2017-07-21,20170721145000000,sh.601398,5.3400,5.3400,5.3200,5.3400,2451100,13068638.0000,3
2017-07-21,20170721145500000,sh.601398,5.3400,5.3400,5.3300,5.3300,3038600,16206077.0000,3
2017-07-21,20170721150000000,sh.601398,5.3400,5.3400,5.3200,5.3300,3134500,16714850.0000,3
2017-07-24,20170724093500000,sh.601398,5.3200,5.3400,5.3200,5.3300,2376600,12670732.0000,3
2017-07-24,20170724094000000,sh.601398,5.3300,5.3400,5.3200,5.3400,2144000,11432072.0000,3
2017-07-24,20170724094500000,sh.601398,5.3300,5.3400,5.3300,5.3400,2146600,11458742.0000,3
2017-07-24,20170724095000000,sh.601398,5.3400,5.3700,5.3400,5.3600,6544000,35067724.0000,3
2017-07-24,20170724095500000,sh.601398,5.3600,5.3800,5.3500,5.3600,3152800,16918772.0000,3
2017-07-24,20170724100000000,sh.601398,5.3600,5.3600,5.3500,5.3600,1873900,10039705.0000,3
2017-07-24,20170724100500000,sh.601398,5.3500,5.3600,5.3500,5.3500,2146500,11500345.0000,3
2017-07-24,20170724101000000,sh.601398,5.3600,5.3600,5.3500,5.3600,1228300,6578707.0000,3
2017-07-24,20170724101500000,sh.601398,5.3600,5.3600,5.3500,5.3500,1460900,7825142.0000,3
2017-07-24,20170724102000000,sh.601398,5.3500,5.3600,5.3400,5.3500,2030400,10869429.0000,3
2017-07-24,20170724102500000,sh.601398,5.3600,5.3700,5.3500,5.3700,3607900,19336500.0000,3
2017-07-24,20170724103000000,sh.601398,5.3600,5.3700,5.3600,5.3600,2927700,15711365.0000,3
2017-07-24,20170724103500000,sh.601398,5.3600,5.3700,5.3600,5.3600,1835400,9847180.0000,3
2017-07-24,20170724104000000,sh.601398,5.3700,5.3700,5.3600,5.3700,2505000,13444917.0000,3
2017-07-24,20170724104500000,sh.601398,5.3600,5.4100,5.3600,5.4000,24859800,133986968.0000,3
2017-07-24,20170724105000000,sh.601398,5.4100,5.4200,5.4000,5.4100,8426400,45575180.0000,3
2017-07-24,20170724105500000,sh.601398,5.4000,5.4100,5.4000,5.4000,1757000,9501040.0000,3
2017-07-24,20170724110000000,sh.601398,5.4100,5.4100,5.4000,5.4000,2666500,14415774.0000,3
2017-07-24,20170724110500000,sh.601398,5.4000,5.4100,5.3900,5.4000,2117700,11434040.0000,3
2017-07-24,20170724111000000,sh.601398,5.4000,5.4100,5.4000,5.4100,1663800,8989962.0000,3
2017-07-24,20170724111500000,sh.601398,5.4000,5.4100,5.3900,5.4000,2288300,12358215.0000,3
2017-07-24,20170724112000000,sh.601398,5.3900,5.4100,5.3900,5.4100,2510500,13563457.0000,3
2017-07-24,20170724112500000,sh.601398,5.4000,5.4100,5.4000,5.4000,2564800,13861212.0000,3
2017-07-24,20170724113000000,sh.601398,5.4000,5.4100,5.3900,5.4000,3458000,18670314.0000,3
2017-07-24,20170724130500000,sh.601398,5.3900,5.4000,5.3900,5.3900,1898800,10249663.0000,3
2017-07-24,20170724131000000,sh.601398,5.4000,5.4100,5.3900,5.4100,3199900,17304436.0000,3
2017-07-24,20170724131500000,sh.601398,5.4000,5.4200,5.4000,5.4100,3359800,18172114.0000,3
2017-07-24,20170724132000000,sh.601398,5.4200,5.4200,5.4000,5.4100,4513900,24429182.0000,3
2017-07-24,20170724132500000,sh.601398,5.4000,5.4100,5.4000,5.4000,641200,3465155.0000,3
2017-07-24,20170724133000000,sh.601398,5.4000,5.4100,5.4000,5.4000,919500,4968989.0000,3
2017-07-24,20170724133500000,sh.601398,5.4100,5.4100,5.4000,5.4100,2110000,11410398.0000,3
2017-07-24,20170724134000000,sh.601398,5.4000,5.4200,5.4000,5.4200,3412600,18489960.0000,3
2017-07-24,20170724134500000,sh.601398,5.4300,5.4300,5.4200,5.4200,1503400,8156984.0000,3
2017-07-24,20170724135000000,sh.601398,5.4300,5.4300,5.4100,5.4200,2253800,12214935.0000,3
2017-07-24,20170724135500000,sh.601398,5.4200,5.4300,5.4100,5.4300,3279400,17784324.0000,3
2017-07-24,20170724140000000,sh.601398,5.4300,5.4300,5.4200,5.4300,2777200,15072198.0000,3
2017-07-24,20170724140500000,sh.601398,5.4200,5.4400,5.4200,5.4300,2185400,11868602.0000,3
2017-07-24,20170724141000000,sh.601398,5.4300,5.4400,5.4300,5.4400,4055300,22047992.0000,3
2017-07-24,20170724141500000,sh.601398,5.4300,5.4400,5.4300,5.4400,2676000,14551822.0000,3
2017-07-24,20170724142000000,sh.601398,5.4400,5.4400,5.4300,5.4300,2372600,12897977.0000,3
2017-07-24,20170724142500000,sh.601398,5.4300,5.4400,5.4300,5.4400,2958200,16081429.0000,3
2017-07-24,20170724143000000,sh.601398,5.4400,5.4400,5.4200,5.4400,2678000,14541107.0000,3
2017-07-24,20170724143500000,sh.601398,5.4300,5.4400,5.4200,5.4400,2247500,12208330.0000,3
2017-07-24,20170724144000000,sh.601398,5.4300,5.4400,5.4200,5.4200,4622300,25107812.0000,3
2017-07-24,20170724144500000,sh.601398,5.4200,5.4400,5.4100,5.4200,4016900,21787460.0000,3
2017-07-24,20170724145000000,sh.601398,5.4300,5.4400,5.4200,5.4400,2724800,14796064.0000,3
2017-07-24,20170724145500000,sh.601398,5.4400,5.4400,5.4300,5.4300,2982500,16199513.0000,3
2017-07-24,20170724150000000,sh.601398,5.4400,5.4400,5.3900,5.3900,19439000,105093688.0000,3
2017-07-25,20170725093500000,sh.601398,5.4000,5.4400,5.4000,5.4300,11799400,63999256.0000,3
2017-07-25,20170725094000000,sh.601398,5.4300,5.4800,5.4200,5.4700,10208500,55651536.0000,3
2017-07-25,20170725094500000,sh.601398,5.4600,5.4700,5.4500,5.4600,13032100,71213536.0000,3
2017-07-25,20170725095000000,sh.601398,5.4600,5.4700,5.4500,5.4500,5774000,31521960.0000,3
2017-07-25,20170725095500000,sh.601398,5.4500,5.4600,5.4200,5.4300,5523500,30017824.0000,3
2017-07-25,20170725100000000,sh.601398,5.4300,5.4600,5.4300,5.4600,5999200,32698394.0000,3
2017-07-25,20170725100500000,sh.601398,5.4600,5.4600,5.4400,5.4500,2384700,13001901.0000,3
2017-07-25,20170725101000000,sh.601398,5.4500,5.4700,5.4500,5.4600,2576600,14067791.0000,3
2017-07-25,20170725101500000,sh.601398,5.4600,5.4800,5.4500,5.4700,5533500,30266580.0000,3
2017-07-25,20170725102000000,sh.601398,5.4800,5.5400,5.4700,5.5300,24835200,136568544.0000,3
2017-07-25,20170725102500000,sh.601398,5.5400,5.5400,5.5000,5.5100,6907700,38063152.0000,3
2017-07-25,20170725103000000,sh.601398,5.5200,5.5300,5.5000,5.5200,4813800,26547864.0000,3
2017-07-25,20170725103500000,sh.601398,5.5300,5.5800,5.5200,5.5400,21500000,119261424.0000,3
2017-07-25,20170725104000000,sh.601398,5.5500,5.5500,5.5300,5.5300,7635400,42334360.0000,3
2017-07-25,20170725104500000,sh.601398,5.5400,5.5500,5.5100,5.5200,5884000,32530900.0000,3
2017-07-25,20170725105000000,sh.601398,5.5100,5.5300,5.4900,5.5000,8886200,48966640.0000,3
2017-07-25,20170725105500000,sh.601398,5.4900,5.5000,5.4800,5.4900,3911500,21474696.0000,3
2017-07-25,20170725110000000,sh.601398,5.4900,5.5000,5.4800,5.4800,3019300,16564931.0000,3
2017-07-25,20170725110500000,sh.601398,5.4800,5.5000,5.4800,5.5000,6253200,34323968.0000,3
2017-07-25,20170725111000000,sh.601398,5.4900,5.5100,5.4800,5.5000,5676500,31193672.0000,3
2017-07-25,20170725111500000,sh.601398,5.4900,5.5400,5.4900,5.5300,3077900,16987398.0000,3
2017-07-25,20170725112000000,sh.601398,5.5300,5.5300,5.5200,5.5200,2380100,13150328.0000,3
2017-07-25,20170725112500000,sh.601398,5.5200,5.5400,5.5200,5.5400,2585900,14299910.0000,3
2017-07-25,20170725113000000,sh.601398,5.5400,5.5400,5.5100,5.5300,2654100,14696991.0000,3
2017-07-25,20170725130500000,sh.601398,5.5300,5.5300,5.5000,5.5200,1650600,9115169.0000,3
2017-07-25,20170725131000000,sh.601398,5.5200,5.5300,5.5100,5.5100,781700,4314004.0000,3
2017-07-25,20170725131500000,sh.601398,5.5200,5.5300,5.5000,5.5300,962200,5308557.0000,3
2017-07-25,20170725132000000,sh.601398,5.5200,5.5300,5.5100,5.5100,1057600,5836480.0000,3
2017-07-25,20170725132500000,sh.601398,5.5100,5.5200,5.5000,5.5000,1245300,6866520.0000,3
2017-07-25,20170725133000000,sh.601398,5.5000,5.5200,5.5000,5.5100,1416500,7800740.0000,3
2017-07-25,20170725133500000,sh.601398,5.5100,5.5400,5.5000,5.5400,2871300,15871374.0000,3
2017-07-25,20170725134000000,sh.601398,5.5400,5.5500,5.5200,5.5500,5586000,30973040.0000,3
2017-07-25,20170725134500000,sh.601398,5.5500,5.5600,5.5300,5.5400,3452400,19165440.0000,3
2017-07-25,20170725135000000,sh.601398,5.5400,5.5600,5.5300,5.5600,2452800,13596572.0000,3
2017-07-25,20170725135500000,sh.601398,5.5600,5.5600,5.5200,5.5200,2818800,15637658.0000,3
2017-07-25,20170725140000000,sh.601398,5.5300,5.5500,5.4900,5.4900,6375400,35231572.0000,3
2017-07-25,20170725140500000,sh.601398,5.5000,5.5000,5.4700,5.4800,5312800,29151792.0000,3
2017-07-25,20170725141000000,sh.601398,5.4800,5.4900,5.4500,5.4900,6741100,36826804.0000,3
2017-07-25,20170725141500000,sh.601398,5.4900,5.4900,5.4700,5.4800,1291200,7075317.0000,3
2017-07-25,20170725142000000,sh.601398,5.4800,5.4900,5.4700,5.4800,1680700,9211371.0000,3
2017-07-25,20170725142500000,sh.601398,5.4700,5.4800,5.4500,5.4500,4318100,23589448.0000,3
2017-07-25,20170725143000000,sh.601398,5.4600,5.4700,5.4500,5.4600,2244700,12257337.0000,3
2017-07-25,20170725143500000,sh.601398,5.4500,5.4700,5.4500,5.4700,2721800,14864915.0000,3
2017-07-25,20170725144000000,sh.601398,5.4600,5.4900,5.4600,5.4900,3805000,20824896.0000,3
2017-07-25,20170725144500000,sh.601398,5.4800,5.4900,5.4700,5.4800,2145300,11766766.0000,3
2017-07-25,20170725145000000,sh.601398,5.4800,5.4900,5.4700,5.4900,2618600,14360700.0000,3
2017-07-25,20170725145500000,sh.601398,5.4900,5.4900,5.4700,5.4800,2786700,15265462.0000,3
2017-07-25,20170725150000000,sh.601398,5.4800,5.4900,5.4800,5.4800,5265100,28867814.0000,3
2017-07-26,20170726093500000,sh.601398,5.4800,5.5500,5.4600,5.5500,9207500,50812564.0000,3
2017-07-26,20170726094000000,sh.601398,5.5500,5.5700,5.5400,5.5500,6617100,36774784.0000,3
2017-07-26,20170726094500000,sh.601398,5.5500,5.5800,5.5500,5.5700,8299000,46193840.0000,3
2017-07-26,20170726095000000,sh.601398,5.5700,5.6200,5.5700,5.6100,18677600,104559240.0000,3
2017-07-26,20170726095500000,sh.601398,5.6100,5.6600,5.6000,5.6500,17423200,98144584.0000,3
2017-07-26,20170726100000000,sh.601398,5.6500,5.6600,5.6100,5.6100,17050300,95975696.0000,3
2017-07-26,20170726100500000,sh.601398,5.6100,5.6300,5.6100,5.6200,8056600,45284856.0000,3
2017-07-26,20170726101000000,sh.601398,5.6200,5.6300,5.6100,5.6200,5189100,29182336.0000,3
2017-07-26,20170726101500000,sh.601398,5.6200,5.6400,5.6200,5.6200,4015100,22577130.0000,3
2017-07-26,20170726102000000,sh.601398,5.6200,5.6300,5.6200,5.6200,2297000,12926924.0000,3
2017-07-26,20170726102500000,sh.601398,5.6300,5.6300,5.6100,5.6200,3170900,17817052.0000,3
2017-07-26,20170726103000000,sh.601398,5.6200,5.6300,5.5900,5.5900,10171600,57010584.0000,3
2017-07-26,20170726103500000,sh.601398,5.6000,5.6000,5.5800,5.5800,6522700,36442820.0000,3
2017-07-26,20170726104000000,sh.601398,5.5900,5.6000,5.5800,5.5900,2116900,11830943.0000,3
2017-07-26,20170726104500000,sh.601398,5.6000,5.6000,5.5800,5.5900,1634100,9131562.0000,3
2017-07-26,20170726105000000,sh.601398,5.5900,5.6000,5.5800,5.6000,1317900,7367095.0000,3
2017-07-26,20170726105500000,sh.601398,5.5800,5.6000,5.5800,5.5900,1910200,10689756.0000,3
2017-07-26,20170726110000000,sh.601398,5.6000,5.6100,5.5900,5.6000,1754200,9825062.0000,3
2017-07-26,20170726110500000,sh.601398,5.5900,5.6000,5.5900,5.6000,907900,5080949.0000,3
2017-07-26,20170726111000000,sh.601398,5.6000,5.6000,5.5800,5.5800,2100400,11739976.0000,3
2017-07-26,20170726111500000,sh.601398,5.5900,5.5900,5.5700,5.5800,3479000,19402488.0000,3
2017-07-26,20170726112000000,sh.601398,5.5800,5.5800,5.5500,5.5500,5728300,31878282.0000,3
2017-07-26,20170726112500000,sh.601398,5.5500,5.5600,5.5300,5.5400,8105000,44917356.0000,3
2017-07-26,20170726113000000,sh.601398,5.5400,5.5600,5.5300,5.5600,4494800,24911664.0000,3
2017-07-26,20170726130500000,sh.601398,5.5500,5.5600,5.5200,5.5300,5367400,29694336.0000,3
2017-07-26,20170726131000000,sh.601398,5.5300,5.5300,5.5200,5.5300,4286100,23674388.0000,3
2017-07-26,20170726131500000,sh.601398,5.5300,5.5400,5.5200,5.5400,5697000,31488078.0000,3
2017-07-26,20170726132000000,sh.601398,5.5400,5.5600,5.5300,5.5500,1259600,6990470.0000,3
2017-07-26,20170726132500000,sh.601398,5.5600,5.5700,5.5500,5.5600,1786800,9935440.0000,3
2017-07-26,20170726133000000,sh.601398,5.5600,5.5600,5.5300,5.5300,1745800,9676018.0000,3
2017-07-26,20170726133500000,sh.601398,5.5400,5.5500,5.5300,5.5300,1141100,6326684.0000,3
2017-07-26,20170726134000000,sh.601398,5.5400,5.5500,5.5300,5.5500,3097000,17182844.0000,3
2017-07-26,20170726134500000,sh.601398,5.5500,5.5500,5.5300,5.5300,1118800,6201898.0000,3
2017-07-26,20170726135000000,sh.601398,5.5400,5.5400,5.5200,5.5300,2693500,14897760.0000,3
2017-07-26,20170726135500000,sh.601398,5.5300,5.5400,5.5200,5.5300,1374700,7603645.0000,3
2017-07-26,20170726140000000,sh.601398,5.5300,5.5400,5.5200,5.5200,2010600,11120761.0000,3
2017-07-26,20170726140500000,sh.601398,5.5300,5.5300,5.5200,5.5300,2694800,14883325.0000,3
2017-07-26,20170726141000000,sh.601398,5.5200,5.5400,5.5200,5.5300,4109800,22738912.0000,3
2017-07-26,20170726141500000,sh.601398,5.5300,5.5400,5.5200,5.5200,2636200,14573424.0000,3
2017-07-26,20170726142000000,sh.601398,5.5300,5.5400,5.5200,5.5300,3247900,17960468.0000,3
2017-07-26,20170726142500000,sh.601398,5.5300,5.5300,5.5200,5.5300,2823700,15608568.0000,3
2017-07-26,20170726143000000,sh.601398,5.5200,5.5800,5.5200,5.5700,4639700,25748572.0000,3
2017-07-26,20170726143500000,sh.601398,5.5800,5.5900,5.5600,5.5700,4165100,23221222.0000,3
2017-07-26,20170726144000000,sh.601398,5.5800,5.5900,5.5600,5.5600,3736900,20852348.0000,3
2017-07-26,20170726144500000,sh.601398,5.5700,5.5700,5.5600,5.5600,4144400,23064880.0000,3
2017-07-26,20170726145000000,sh.601398,5.5700,5.5700,5.5500,5.5600,2071200,11521795.0000,3
2017-07-26,20170726145500000,sh.601398,5.5500,5.5800,5.5500,5.5800,1971900,10968700.0000,3
2017-07-26,20170726150000000,sh.601398,5.5800,5.6000,5.5700,5.6000,6380900,35668112.0000,3
2017-07-27,20170727093500000,sh.601398,5.5700,5.5900,5.5500,5.5600,5342000,29760656.0000,3
2017-07-27,20170727094000000,sh.601398,5.5500,5.5500,5.5300,5.5400,5713300,31652876.0000,3
2017-07-27,20170727094500000,sh.601398,5.5400,5.5900,5.5400,5.5800,4499600,25031136.0000,3
2017-07-27,20170727095000000,sh.601398,5.5900,5.5900,5.5600,5.5600,3111400,17360288.0000,3
2017-07-27,20170727095500000,sh.601398,5.5600,5.5600,5.5400,5.5500,4089600,22687620.0000,3
2017-07-27,20170727100000000,sh.601398,5.5500,5.5500,5.5300,5.5500,2854000,15816453.0000,3
2017-07-27,20170727100500000,sh.601398,5.5500,5.5600,5.5400,5.5400,2566000,14238000.0000,3
2017-07-27,20170727101000000,sh.601398,5.5400,5.5600,5.5400,5.5600,2636300,14621808.0000,3
2017-07-27,20170727101500000,sh.601398,5.5500,5.5600,5.5400,5.5600,2074300,11526003.0000,3
2017-07-27,20170727102000000,sh.601398,5.5500,5.5600,5.5400,5.5500,1486500,8256405.0000,3
2017-07-27,20170727102500000,sh.601398,5.5500,5.5700,5.5400,5.5500,3231600,17971778.0000,3
2017-07-27,20170727103000000,sh.601398,5.5600,5.5700,5.5300,5.5300,6689500,37142692.0000,3
2017-07-27,20170727103500000,sh.601398,5.5300,5.5400,5.5200,5.5400,7750700,42877712.0000,3
2017-07-27,20170727104000000,sh.601398,5.5400,5.5400,5.5300,5.5300,1915900,10608869.0000,3
2017-07-27,20170727104500000,sh.601398,5.5300,5.5500,5.5000,5.5100,10766700,59449592.0000,3
2017-07-27,20170727105000000,sh.601398,5.5100,5.5200,5.4800,5.5000,8028500,44140976.0000,3
2017-07-27,20170727105500000,sh.601398,5.5100,5.5100,5.4900,5.5000,5460300,30005998.0000,3
2017-07-27,20170727110000000,sh.601398,5.5000,5.5000,5.4800,5.5000,5332400,29285888.0000,3
2017-07-27,20170727110500000,sh.601398,5.4900,5.5100,5.4900,5.4900,3337500,18358432.0000,3
2017-07-27,20170727111000000,sh.601398,5.4900,5.5100,5.4900,5.5000,2002600,11014556.0000,3
2017-07-27,20170727111500000,sh.601398,5.5100,5.5300,5.5000,5.5200,4318000,23844916.0000,3
2017-07-27,20170727112000000,sh.601398,5.5300,5.5500,5.5200,5.5400,8747500,48474572.0000,3
2017-07-27,20170727112500000,sh.601398,5.5300,5.5400,5.5200,5.5400,1961800,10850995.0000,3
2017-07-27,20170727113000000,sh.601398,5.5400,5.5400,5.5000,5.5200,5099000,28161204.0000,3
2017-07-27,20170727130500000,sh.601398,5.5100,5.5200,5.5000,5.5000,3288300,18104496.0000,3
2017-07-27,20170727131000000,sh.601398,5.5000,5.5100,5.4900,5.4900,2432800,13367706.0000,3
2017-07-27,20170727131500000,sh.601398,5.4900,5.5100,5.4900,5.5000,3369400,18535856.0000,3
2017-07-27,20170727132000000,sh.601398,5.5000,5.5100,5.5000,5.5000,1535000,8449596.0000,3
2017-07-27,20170727132500000,sh.601398,5.5000,5.5100,5.4900,5.5000,2002200,11008353.0000,3
2017-07-27,20170727133000000,sh.601398,5.5000,5.5200,5.5000,5.5200,4243100,23373028.0000,3
2017-07-27,20170727133500000,sh.601398,5.5100,5.5400,5.5100,5.5200,5428200,29992934.0000,3
2017-07-27,20170727134000000,sh.601398,5.5200,5.5400,5.5200,5.5200,3703700,20468946.0000,3
2017-07-27,20170727134500000,sh.601398,5.5200,5.5400,5.5200,5.5300,2186600,12088574.0000,3
2017-07-27,20170727135000000,sh.601398,5.5300,5.5400,5.5300,5.5300,2871500,15886358.0000,3
2017-07-27,20170727135500000,sh.601398,5.5300,5.5400,5.5300,5.5300,2262700,12526037.0000,3
2017-07-27,20170727140000000,sh.601398,5.5300,5.5400,5.5300,5.5300,2746800,15197264.0000,3
2017-07-27,20170727140500000,sh.601398,5.5300,5.5400,5.5200,5.5200,5051600,27925268.0000,3
2017-07-27,20170727141000000,sh.601398,5.5200,5.5200,5.5100,5.5100,2730000,15064479.0000,3
2017-07-27,20170727141500000,sh.601398,5.5100,5.5200,5.5100,5.5100,1119900,6174403.0000,3
2017-07-27,20170727142000000,sh.601398,5.5100,5.5200,5.5000,5.5000,3776200,20791648.0000,3
2017-07-27,20170727142500000,sh.601398,5.5000,5.5100,5.5000,5.5000,2644100,14553377.0000,3
2017-07-27,20170727143000000,sh.601398,5.5000,5.5100,5.5000,5.5000,1998700,11002050.0000,3
2017-07-27,20170727143500000,sh.601398,5.5000,5.5200,5.5000,5.5100,2676800,14748108.0000,3
2017-07-27,20170727144000000,sh.601398,5.5100,5.5200,5.5100,5.5100,2078100,11457837.0000,3
2017-07-27,20170727144500000,sh.601398,5.5100,5.5200,5.5100,5.5100,3667900,20228896.0000,3
2017-07-27,20170727145000000,sh.601398,5.5100,5.5200,5.5100,5.5100,2300800,12683842.0000,3
2017-07-27,20170727145500000,sh.601398,5.5100,5.5300,5.5000,5.5300,5351500,29530588.0000,3
2017-07-27,20170727150000000,sh.601398,5.5200,5.5300,5.5100,5.5300,4169100,23019788.0000,3
2017-07-28,20170728093500000,sh.601398,5.5100,5.5100,5.4800,5.4900,4122900,22633584.0000,3
2017-07-28,20170728094000000,sh.601398,5.4800,5.5000,5.4500,5.4600,6774500,37024664.0000,3
2017-07-28,20170728094500000,sh.601398,5.4600,5.4700,5.4200,5.4300,8278400,45010140.0000,3
2017-07-28,20170728095000000,sh.601398,5.4400,5.4700,5.4300,5.4500,4053800,22055642.0000,3
2017-07-28,20170728095500000,sh.601398,5.4700,5.5000,5.4500,5.4900,6588400,36105568.0000,3
2017-07-28,20170728100000000,sh.601398,5.4800,5.5000,5.4700,5.4900,2626600,14397629.0000,3
2017-07-28,20170728100500000,sh.601398,5.4800,5.4900,5.4700,5.4900,2960000,16230595.0000,3
2017-07-28,20170728101000000,sh.601398,5.5000,5.5000,5.4800,5.5000,4467000,24544826.0000,3
2017-07-28,20170728101500000,sh.601398,5.5000,5.5300,5.4900,5.5200,4186900,23065696.0000,3
2017-07-28,20170728102000000,sh.601398,5.5300,5.5400,5.5200,5.5300,7001300,38734612.0000,3
2017-07-28,20170728102500000,sh.601398,5.5300,5.5500,5.5200,5.5300,4243300,23497486.0000,3
2017-07-28,20170728103000000,sh.601398,5.5400,5.5500,5.5200,5.5400,6163500,34101552.0000,3
2017-07-28,20170728103500000,sh.601398,5.5300,5.5500,5.5300,5.5500,5401500,29937768.0000,3
2017-07-28,20170728104000000,sh.601398,5.5400,5.5800,5.5400,5.5800,8683800,48293124.0000,3
2017-07-28,20170728104500000,sh.601398,5.5700,5.6000,5.5700,5.5800,8615800,48114676.0000,3
2017-07-28,20170728105000000,sh.601398,5.5800,5.5900,5.5500,5.5500,3656500,20396914.0000,3
2017-07-28,20170728105500000,sh.601398,5.5500,5.5700,5.5500,5.5700,1655800,9205376.0000,3
2017-07-28,20170728110000000,sh.601398,5.5600,5.5700,5.5500,5.5600,1108900,6164328.0000,3
2017-07-28,20170728110500000,sh.601398,5.5500,5.5600,5.5400,5.5400,940700,5223570.0000,3
2017-07-28,20170728111000000,sh.601398,5.5500,5.5600,5.5400,5.5500,4589200,25460148.0000,3
2017-07-28,20170728111500000,sh.601398,5.5500,5.5600,5.5400,5.5500,4536100,25183112.0000,3
2017-07-28,20170728112000000,sh.601398,5.5400,5.5500,5.5400,5.5400,912100,5057341.0000,3
2017-07-28,20170728112500000,sh.601398,5.5400,5.5600,5.5400,5.5500,1763600,9782768.0000,3
2017-07-28,20170728113000000,sh.601398,5.5500,5.5600,5.5500,5.5600,1616900,8975934.0000,3
2017-07-28,20170728130500000,sh.601398,5.5500,5.5500,5.5400,5.5400,2158500,11976146.0000,3
2017-07-28,20170728131000000,sh.601398,5.5400,5.5500,5.5300,5.5300,3358400,18601488.0000,3
2017-07-28,20170728131500000,sh.601398,5.5400,5.5400,5.5300,5.5300,751400,4157611.0000,3
2017-07-28,20170728132000000,sh.601398,5.5300,5.5400,5.5300,5.5400,1392900,7708838.0000,3
2017-07-28,20170728132500000,sh.601398,5.5300,5.5400,5.5200,5.5300,1123200,6211885.0000,3
2017-07-28,20170728133000000,sh.601398,5.5300,5.5400,5.5200,5.5400,688700,3808232.0000,3
2017-07-28,20170728133500000,sh.601398,5.5300,5.5400,5.5200,5.5300,694000,3833821.0000,3
2017-07-28,20170728134000000,sh.601398,5.5200,5.5400,5.5100,5.5400,922600,5098233.0000,3
2017-07-28,20170728134500000,sh.601398,5.5400,5.5500,5.5300,5.5500,1166500,6459689.0000,3
2017-07-28,20170728135000000,sh.601398,5.5400,5.5500,5.5300,5.5500,1753600,9720343.0000,3
2017-07-28,20170728135500000,sh.601398,5.5400,5.5500,5.5400,5.5400,2988800,16580245.0000,3
2017-07-28,20170728140000000,sh.601398,5.5500,5.5500,5.5400,5.5500,2076100,11507153.0000,3
2017-07-28,20170728140500000,sh.601398,5.5400,5.5600,5.5300,5.5400,2408900,13355664.0000,3
2017-07-28,20170728141000000,sh.601398,5.5400,5.5600,5.5300,5.5400,794900,4399738.0000,3
2017-07-28,20170728141500000,sh.601398,5.5300,5.5500,5.5300,5.5300,1330900,7376911.0000,3
2017-07-28,20170728142000000,sh.601398,5.5300,5.5600,5.5300,5.5400,1840700,10212971.0000,3
2017-07-28,20170728142500000,sh.601398,5.5300,5.5600,5.5300,5.5500,1824700,10134083.0000,3
2017-07-28,20170728143000000,sh.601398,5.5500,5.5600,5.5400,5.5400,787400,4364730.0000,3
2017-07-28,20170728143500000,sh.601398,5.5400,5.5500,5.5300,5.5400,1773800,9816942.0000,3
2017-07-28,20170728144000000,sh.601398,5.5300,5.5600,5.5300,5.5500,2286300,12668753.0000,3
2017-07-28,20170728144500000,sh.601398,5.5400,5.5500,5.5300,5.5400,1419400,7860352.0000,3
2017-07-28,20170728145000000,sh.601398,5.5400,5.5600,5.5300,5.5500,2624200,14548607.0000,3
2017-07-28,20170728145500000,sh.601398,5.5500,5.5600,5.5500,5.5500,1846500,10257472.0000,3
2017-07-28,20170728150000000,sh.601398,5.5500,5.5700,5.5400,5.5500,4325600,24030786.0000,3
2017-07-31,20170731093500000,sh.601398,5.5300,5.5500,5.5200,5.5500,3935800,21783150.0000,3
2017-07-31,20170731094000000,sh.601398,5.5400,5.5800,5.5400,5.5600,3400300,18894132.0000,3
2017-07-31,20170731094500000,sh.601398,5.5600,5.5700,5.5600,5.5600,3922600,21828576.0000,3
2017-07-31,20170731095000000,sh.601398,5.5600,5.5700,5.5400,5.5400,3106700,17254680.0000,3
2017-07-31,20170731095500000,sh.601398,5.5400,5.5500,5.5200,5.5200,2256000,12496508.0000,3
2017-07-31,20170731100000000,sh.601398,5.5300,5.5400,5.5200,5.5200,2890000,15970382.0000,3
2017-07-31,20170731100500000,sh.601398,5.5200,5.5500,5.5200,5.5400,2271400,12584453.0000,3
2017-07-31,20170731101000000,sh.601398,5.5300,5.5500,5.5200,5.5300,2006800,11102738.0000,3
2017-07-31,20170731101500000,sh.601398,5.5300,5.5500,5.5300,5.5400,1839200,10198985.0000,3
2017-07-31,20170731102000000,sh.601398,5.5400,5.5500,5.5300,5.5400,872000,4828761.0000,3
2017-07-31,20170731102500000,sh.601398,5.5300,5.5500,5.5300,5.5400,1518000,8413658.0000,3
2017-07-31,20170731103000000,sh.601398,5.5500,5.5500,5.5300,5.5400,2842100,15741645.0000,3
2017-07-31,20170731103500000,sh.601398,5.5300,5.5600,5.5300,5.5600,2316000,12845090.0000,3
2017-07-31,20170731104000000,sh.601398,5.5500,5.5600,5.5500,5.5500,1671900,9289100.0000,3
2017-07-31,20170731104500000,sh.601398,5.5600,5.5600,5.5400,5.5500,1620900,9002827.0000,3
2017-07-31,20170731105000000,sh.601398,5.5500,5.5700,5.5400,5.5600,1874800,10428586.0000,3
2017-07-31,20170731105500000,sh.601398,5.5600,5.5700,5.5600,5.5600,2489600,13863007.0000,3
2017-07-31,20170731110000000,sh.601398,5.5600,5.5800,5.5600,5.5600,6412900,35684280.0000,3
2017-07-31,20170731110500000,sh.601398,5.5700,5.5800,5.5600,5.5700,3264700,18189204.0000,3
2017-07-31,20170731111000000,sh.601398,5.5700,5.5800,5.5700,5.5800,1619900,9034556.0000,3
2017-07-31,20170731111500000,sh.601398,5.5800,5.5800,5.5700,5.5800,2529400,14108985.0000,3
2017-07-31,20170731112000000,sh.601398,5.5700,5.5800,5.5600,5.5700,1324900,7383567.0000,3
2017-07-31,20170731112500000,sh.601398,5.5700,5.5800,5.5600,5.5600,923000,5139888.0000,3
2017-07-31,20170731113000000,sh.601398,5.5700,5.5800,5.5600,5.5700,1327400,7402330.0000,3
2017-07-31,20170731130500000,sh.601398,5.5700,5.5800,5.5600,5.5600,3336000,18560100.0000,3
2017-07-31,20170731131000000,sh.601398,5.5700,5.5800,5.5600,5.5700,1169400,6519562.0000,3
2017-07-31,20170731131500000,sh.601398,5.5700,5.5800,5.5600,5.5700,1657200,9238423.0000,3
2017-07-31,20170731132000000,sh.601398,5.5700,5.5800,5.5600,5.5700,1044500,5812946.0000,3
2017-07-31,20170731132500000,sh.601398,5.5600,5.5700,5.5600,5.5700,3346200,18632508.0000,3
2017-07-31,20170731133000000,sh.601398,5.5700,5.5900,5.5700,5.5700,5296800,29543028.0000,3
2017-07-31,20170731133500000,sh.601398,5.5800,5.5800,5.5700,5.5700,690400,3847154.0000,3
2017-07-31,20170731134000000,sh.601398,5.5700,5.5800,5.5700,5.5700,1380600,7693677.0000,3
2017-07-31,20170731134500000,sh.601398,5.5700,5.5800,5.5700,5.5800,1517200,8453450.0000,3
2017-07-31,20170731135000000,sh.601398,5.5700,5.5800,5.5700,5.5700,1341300,7473347.0000,3
2017-07-31,20170731135500000,sh.601398,5.5600,5.5700,5.5600,5.5700,663800,3693369.0000,3
2017-07-31,20170731140000000,sh.601398,5.5700,5.5700,5.5600,5.5600,2347000,13051614.0000,3
2017-07-31,20170731140500000,sh.601398,5.5700,5.5700,5.5600,5.5700,2807100,15611321.0000,3
2017-07-31,20170731141000000,sh.601398,5.5600,5.5700,5.5400,5.5400,5503600,30555262.0000,3
2017-07-31,20170731141500000,sh.601398,5.5500,5.5600,5.5400,5.5600,1903900,10562964.0000,3
2017-07-31,20170731142000000,sh.601398,5.5600,5.5600,5.5500,5.5500,1100900,6117933.0000,3
2017-07-31,20170731142500000,sh.601398,5.5600,5.5600,5.5400,5.5500,909800,5051966.0000,3
2017-07-31,20170731143000000,sh.601398,5.5500,5.5500,5.5400,5.5500,2047900,11353768.0000,3
2017-07-31,20170731143500000,sh.601398,5.5500,5.5500,5.5400,5.5500,3217400,17838708.0000,3
2017-07-31,20170731144000000,sh.601398,5.5500,5.5500,5.5400,5.5500,663800,3680182.0000,3
2017-07-31,20170731144500000,sh.601398,5.5500,5.5500,5.5400,5.5400,675500,3744303.0000,3
2017-07-31,20170731145000000,sh.601398,5.5500,5.5500,5.5300,5.5300,3236800,17917236.0000,3
2017-07-31,20170731145500000,sh.601398,5.5400,5.5400,5.5100,5.5100,9937400,54820664.0000,3
2017-07-31,20170731150000000,sh.601398,5.5100,5.5200,5.5000,5.5100,8589400,47289696.0000,3
