code,pubDate,statDate,currentRatio,quickRatio,cashRatio,YOYLiability,liabilityToAsset,assetToEquity
sh.600010,2018-04-27,2018-03-31,0.480244,0.229915,0.096537,0.017322,0.657597,2.920532
sh.600010,2018-08-29,2018-06-30,0.505834,0.274574,0.129646,0.019000,0.654137,2.891322
sh.600010,2018-10-31,2018-09-30,0.538333,0.289431,0.104243,0.003880,0.648152,2.842135
sh.600010,2019-04-19,2018-12-31,0.561392,0.300930,0.146960,-0.010036,0.646037,2.825157
sh.600010,2019-04-30,2019-03-31,0.532483,0.254115,0.136269,-0.058381,0.630377,2.705460
sh.600010,2019-08-28,2019-06-30,0.553269,0.262762,0.132038,-0.049817,0.628685,2.693128
sh.600010,2019-10-30,2019-09-30,0.630048,0.310415,0.174349,-0.011950,0.637021,2.754977
sh.600010,2020-04-30,2019-12-31,0.607225,0.315417,0.172985,-0.104290,0.585406,2.411997
sh.600010,2020-04-30,2020-03-31,0.595051,0.282181,0.129488,-0.098573,0.573952,2.347153
sh.600010,2020-08-31,2020-06-30,0.589671,0.297952,0.151566,-0.131313,0.564740,2.297475
sh.600010,2020-10-30,2020-09-30,0.637953,0.329741,0.140895,-0.135010,0.571798,2.335344
sh.600010,2021-04-30,2020-12-31,0.682397,0.359732,0.151928,-0.040652,0.572762,2.340613
sh.600010,2021-04-30,2021-03-31,0.736060,0.420349,0.194100,0.062971,0.581310,2.388404
sh.600010,2021-08-27,2021-06-30,0.740904,0.421681,0.209132,0.120296,0.579409,2.377606
sh.600010,2021-10-30,2021-09-30,0.673505,0.375868,0.162741,0.058343,0.569414,2.322416
sh.600010,2022-04-15,2021-12-31,0.625594,0.333157,0.167783,0.014045,0.566104,2.304697
sh.600010,2022-04-28,2022-03-31,0.647529,0.357711,0.164333,-0.018889,0.569396,2.322317
sh.600010,2022-08-26,2022-06-30,0.666707,0.381669,0.173058,0.000754,0.584397,2.406140
sh.600010,2022-10-28,2022-09-30,0.617066,0.358789,0.183891,-0.009506,0.580896,2.386041
sh.600010,2023-04-22,2022-12-31,0.564601,0.307709,0.164549,0.018647,0.581556,2.389808
sh.600010,2023-04-28,2023-03-31,0.563474,0.315656,0.140272,0.021305,0.585890,2.414816
sh.600010,2023-08-25,2023-06-30,0.627185,0.400832,0.165892,0.046999,0.601723,2.510817
sh.600010,2023-10-27,2023-09-30,0.620623,0.377428,0.121962,0.070954,0.599176,2.494863
sh.600019,2018-04-28,2018-03-31,0.859048,0.577349,0.133179,-0.150168,0.491619,1.967027
sh.600019,2018-08-28,2018-06-30,0.829711,0.587651,0.154763,-0.096042,0.498890,1.995568
sh.600019,2018-10-30,2018-09-30,0.872896,0.591360,0.146109,-0.074371,0.475976,1.908310
sh.600019,2019-04-25,2018-12-31,0.900867,0.589507,0.142414,-0.169927,0.435326,1.770934
sh.600019,2019-04-25,2019-03-31,0.957833,0.615545,0.143394,-0.142560,0.437499,1.777774
sh.600019,2019-08-23,2019-06-30,0.920948,0.599413,0.132890,-0.113430,0.458085,1.845307
sh.600019,2019-10-26,2019-09-30,0.936136,0.614320,0.146643,-0.057352,0.455576,1.836803
sh.600019,2020-04-29,2019-12-31,0.984748,0.680798,0.101359,0.014652,0.436993,1.776175
sh.600019,2020-04-29,2020-03-31,1.029251,0.665674,0.163366,0.030046,0.443872,1.798146
sh.600019,2020-08-28,2020-06-30,1.038176,0.735700,0.160262,0.044007,0.460199,1.852536
sh.600019,2020-10-30,2020-09-30,1.076565,0.762415,0.139736,0.029190,0.453418,1.829551
sh.600019,2021-04-27,2020-12-31,1.134196,0.829313,0.130833,0.016811,0.439280,1.783420
sh.600019,2021-04-27,2021-03-31,1.166803,0.800897,0.140527,0.079512,0.445628,1.803841
sh.600019,2021-08-28,2021-06-30,1.090260,0.770740,0.185285,0.061160,0.453531,1.829931
sh.600019,2021-10-30,2021-09-30,1.130367,0.784838,0.199876,0.191318,0.479047,1.919559
sh.600019,2022-04-29,2021-12-31,1.086979,0.726799,0.171501,0.081137,0.446052,1.805223
sh.600019,2022-04-29,2022-03-31,1.147575,0.779181,0.180358,0.088937,0.456059,1.838434
sh.600019,2022-08-31,2022-06-30,1.289322,0.892994,0.232519,0.118405,0.473201,1.898258
sh.600019,2022-10-26,2022-09-30,1.246788,0.885777,0.205660,-0.048120,0.458671,1.847307
sh.600019,2023-04-28,2022-12-31,1.214609,0.895068,0.186994,0.074822,0.457936,1.844801
sh.600019,2023-04-28,2023-03-31,1.278738,0.885343,0.179518,-0.028305,0.445730,1.804175
sh.600019,2023-08-31,2023-06-30,1.378925,0.968759,0.329110,-0.165004,0.427130,1.745597
sh.600019,2023-10-25,2023-09-30,1.347790,0.952530,0.318869,-0.124446,0.424010,1.736140
sh.600022,2018-04-27,2018-03-31,0.754890,0.614865,0.276215,0.283007,0.527480,2.116311
sh.600022,2018-08-17,2018-06-30,0.722026,0.600065,0.281229,0.529136,0.562998,2.288322
sh.600022,2018-10-30,2018-09-30,0.847630,0.712102,0.244447,0.399195,0.565680,2.302452
sh.600022,2019-03-29,2018-12-31,0.814404,0.645863,0.301728,0.372059,0.594951,2.468837
sh.600022,2019-04-26,2019-03-31,0.786940,0.621681,0.213714,0.335697,0.582843,2.397178
sh.600022,2019-08-23,2019-06-30,0.771429,0.607177,0.185415,0.181452,0.592636,2.454806
sh.600022,2019-10-30,2019-09-30,0.751895,0.582255,0.183564,0.136016,0.592880,2.456281
sh.600022,2020-03-20,2019-12-31,0.685655,0.513354,0.205343,-0.080318,0.565833,2.303261
sh.600022,2020-04-29,2020-03-31,0.703653,0.532209,0.164660,-0.003160,0.575181,2.353944
sh.600022,2020-08-28,2020-06-30,0.643574,0.495061,0.226241,-0.097870,0.562192,2.284109
sh.600022,2020-10-30,2020-09-30,0.611336,0.463622,0.206888,-0.114529,0.558455,2.264776
sh.600022,2021-03-31,2020-12-31,0.594758,0.427414,0.224931,-0.043381,0.549562,2.220059
sh.600022,2021-04-29,2021-03-31,0.638393,0.488260,0.284998,0.016377,0.565756,2.302854
sh.600022,2021-08-27,2021-06-30,0.716030,0.547639,0.363691,0.066611,0.554164,2.242976
sh.600022,2021-10-29,2021-09-30,0.693156,0.506764,0.285919,0.046914,0.536655,2.158218
sh.600022,2022-03-23,2021-12-31,0.587692,0.408948,0.287640,0.061485,0.550714,2.225752
sh.600022,2022-04-29,2022-03-31,0.587908,0.412566,0.259874,-0.018305,0.548692,2.215783
sh.600022,2022-08-31,2022-06-30,0.583700,0.388594,0.307314,-0.023112,0.559308,2.269157
sh.600022,2022-10-29,2022-09-30,0.503139,0.328362,0.237906,-0.060766,0.547054,2.207768
sh.600022,2023-03-31,2022-12-31,0.560709,0.387963,0.273573,-0.068929,0.539013,2.169260
sh.600022,2023-04-28,2023-03-31,0.564626,0.364967,0.238709,-0.075667,0.544093,2.193431
sh.600022,2023-08-31,2023-06-30,0.540810,0.368537,0.259516,-0.076695,0.551682,2.230559
sh.600022,2023-10-28,2023-09-30,0.525977,0.348686,0.242813,-0.037994,0.543062,2.188478
sh.600117,2018-04-28,2018-03-31,0.446209,0.249509,0.131400,-0.153682,0.847888,6.574094
sh.600117,2018-08-30,2018-06-30,0.432266,0.231169,0.116742,-0.175921,0.847394,6.552840
sh.600117,2018-10-31,2018-09-30,0.445402,0.244275,0.144245,-0.130050,0.874026,7.938176
sh.600117,2019-04-29,2018-12-31,0.430925,0.228778,0.160691,0.061909,0.929262,14.136751
sh.600117,2019-04-30,2019-03-31,0.565157,0.384870,0.187810,0.019613,0.926369,13.581187
sh.600117,2019-08-21,2019-06-30,0.576450,0.394511,0.203218,0.015593,0.924031,13.163196
sh.600117,2019-10-29,2019-09-30,0.604144,0.368371,0.198700,-0.190235,0.836482,6.115533
sh.600117,2020-04-29,2019-12-31,0.679136,0.452928,0.191043,-0.262681,0.767080,4.293314
sh.600117,2020-04-30,2020-03-31,0.689471,0.453397,0.172670,-0.223119,0.773328,4.411661
sh.600117,2020-08-18,2020-06-30,0.608721,0.412266,0.182080,-0.211875,0.771285,4.372260
sh.600117,2020-10-27,2020-09-30,0.538068,0.363615,0.139240,-0.063166,0.770093,4.349585
sh.600117,2021-04-28,2020-12-31,0.508480,0.327213,0.125361,-0.035947,0.758310,4.137533
sh.600117,2021-04-30,2021-03-31,0.507724,0.302628,0.126105,-0.067287,0.755544,4.090710
sh.600117,2021-08-20,2021-06-30,0.497820,0.281923,0.113113,-0.092266,0.754284,4.069745
sh.600117,2021-10-29,2021-09-30,0.474427,0.252813,0.088405,-0.115297,0.754617,4.075259
sh.600117,2022-04-30,2021-12-31,0.547786,0.382943,0.080600,0.051655,0.881953,8.471187
sh.600117,2022-04-30,2022-03-31,0.482683,0.299716,0.117135,-0.035858,0.885704,8.749245
sh.600117,2022-08-31,2022-06-30,0.530868,0.374560,0.098827,0.105721,0.914247,11.661404
sh.600117,2022-10-29,2022-09-30,0.591137,0.410921,0.099355,0.119597,0.935754,15.565157
sh.600117,2023-04-29,2022-12-31,0.434834,0.295190,0.084149,-0.007701,0.966484,29.836459
sh.600117,2023-04-29,2023-03-31,0.430983,0.289793,0.081745,0.115456,0.988464,86.682655
sh.600117,2023-08-31,2023-06-30,0.418278,0.273315,0.043004,-0.140073,0.952426,21.020051
sh.600117,2023-10-28,2023-09-30,0.403088,0.250685,0.010604,-0.159561,0.962925,26.972642
sh.600126,2018-04-28,2018-03-31,1.501087,1.237493,0.619398,-0.228755,0.302497,1.433686
sh.600126,2018-08-25,2018-06-30,1.605843,1.425412,0.868822,-0.118930,0.300689,1.429980
sh.600126,2018-10-30,2018-09-30,1.567480,1.355309,0.861001,0.032105,0.326865,1.485586
sh.600126,2019-04-12,2018-12-31,1.769287,1.467137,0.912672,-0.079027,0.275366,1.380007
sh.600126,2019-04-23,2019-03-31,1.809228,1.569863,1.003752,0.014868,0.282981,1.394664
sh.600126,2019-08-17,2019-06-30,1.822096,1.510152,1.024687,0.011534,0.285486,1.399554
sh.600126,2019-10-30,2019-09-30,1.814965,1.544239,0.993921,-0.125668,0.284649,1.397915
sh.600126,2020-04-08,2019-12-31,1.761729,1.470676,0.996459,0.000990,0.272023,1.373670
sh.600126,2020-04-25,2020-03-31,1.696687,1.436675,0.907406,0.095042,0.300658,1.429915
sh.600126,2020-08-15,2020-06-30,1.638989,1.433315,1.001907,0.165068,0.316483,1.463021
sh.600126,2020-10-24,2020-09-30,1.591346,1.311793,0.947640,0.386146,0.351337,1.541631
sh.600126,2021-04-10,2020-12-31,2.101194,1.778450,0.986745,0.042489,0.272893,1.375313
sh.600126,2021-04-24,2021-03-31,1.763330,1.363405,0.652522,0.425754,0.363422,1.570898
sh.600126,2021-08-21,2021-06-30,1.763892,1.368786,0.986504,0.111652,0.336249,1.506589
sh.600126,2021-10-23,2021-09-30,1.879410,1.437125,1.113297,-0.149819,0.309174,1.447543
sh.600126,2022-04-09,2021-12-31,1.834936,1.472469,1.182214,0.123661,0.297619,1.423729
sh.600126,2022-04-23,2022-03-31,1.777980,1.405758,1.105999,-0.142475,0.326497,1.484775
sh.600126,2022-08-20,2022-06-30,1.662426,1.310432,1.067277,0.068804,0.347502,1.532572
sh.600126,2022-10-29,2022-09-30,1.571502,1.275539,1.058326,0.343291,0.379144,1.610680
sh.600126,2023-04-15,2022-12-31,1.779591,1.398201,1.106150,-0.032732,0.294400,1.417233
sh.600126,2023-04-29,2023-03-31,1.529226,1.137472,0.773487,0.240339,0.383742,1.622696
sh.600126,2023-08-26,2023-06-30,1.521590,1.194902,0.880682,0.135651,0.378594,1.609253
sh.600126,2023-10-28,2023-09-30,1.507281,1.207064,0.847112,0.038898,0.389281,1.637415
sh.600231,2018-04-21,2018-03-31,0.793143,0.538096,0.224603,-0.180215,0.559952,2.272477
sh.600231,2018-08-11,2018-06-30,0.810612,0.589912,0.328785,-0.185726,0.536027,2.155299
sh.600231,2018-10-10,2018-09-30,0.900075,0.608723,0.436633,-0.194015,0.516152,2.066766
sh.600231,2019-03-02,2018-12-31,0.767216,0.503035,0.362133,0.019562,0.534481,2.148142
sh.600231,2019-04-30,2019-03-31,0.775057,0.600252,0.424522,-0.045638,0.517810,2.073869
sh.600231,2019-08-24,2019-06-30,0.854303,0.690601,0.522678,0.118895,0.540344,2.175540
sh.600231,2019-10-31,2019-09-30,0.827004,0.613395,0.365148,-0.118776,0.477798,1.914968
sh.600231,2020-04-30,2019-12-31,0.867429,0.666627,0.330874,-0.047061,0.512490,2.051240
sh.600231,2020-04-30,2020-03-31,0.870890,0.667228,0.369188,-0.001712,0.509311,2.037951
sh.600231,2020-08-19,2020-06-30,0.941065,0.750555,0.532003,-0.077099,0.515060,2.062111
sh.600231,2020-10-31,2020-09-30,0.963677,0.733502,0.541632,0.178428,0.506165,2.024969
sh.600231,2021-04-30,2020-12-31,0.978429,0.690957,0.498014,-0.052454,0.482569,1.932626
sh.600231,2021-04-30,2021-03-31,1.005736,0.743347,0.506635,0.014063,0.485701,1.944394
sh.600231,2021-08-31,2021-06-30,1.075013,0.812840,0.502775,0.053582,0.487433,1.950964
sh.600231,2021-10-30,2021-09-30,1.076070,0.821480,0.581223,0.144023,0.503067,2.012343
sh.600231,2022-03-02,2021-12-31,1.061276,0.738781,0.553441,0.082622,0.474600,1.903314
sh.600231,2022-04-29,2022-03-31,1.074301,0.815458,0.522904,0.008009,0.467289,1.877190
sh.600231,2022-08-31,2022-06-30,1.036346,0.791439,0.514565,0.026302,0.497507,1.990079
sh.600231,2022-10-29,2022-09-30,0.980741,0.787735,0.541655,0.023177,0.526577,2.112275
sh.600231,2023-04-29,2022-12-31,0.873507,0.633605,0.392353,0.015115,0.510145,2.041419
sh.600231,2023-04-29,2023-03-31,0.871607,0.659611,0.423665,0.195034,0.545555,2.200486
sh.600231,2023-08-31,2023-06-30,0.831492,0.628014,0.490554,0.062696,0.545170,2.198624
sh.600231,2023-10-28,2023-09-30,0.778014,0.538235,0.350776,-0.144072,0.513844,2.056953
sh.600282,2018-04-18,2018-03-31,0.744017,0.548770,0.219331,-0.111482,0.590031,2.439211
sh.600282,2018-08-18,2018-06-30,0.810697,0.613712,0.221953,-0.044301,0.561352,2.279730
sh.600282,2018-10-30,2018-09-30,0.872471,0.671374,0.283170,-0.031382,0.544791,2.196794
sh.600282,2019-03-23,2018-12-31,0.773630,0.545383,0.154156,-0.035760,0.519111,2.079483
sh.600282,2019-04-30,2019-03-31,0.852863,0.633605,0.251053,-0.044008,0.521964,2.091894
sh.600282,2019-08-27,2019-06-30,0.840561,0.595410,0.144829,-0.035581,0.515591,2.064373
sh.600282,2019-10-30,2019-09-30,0.867423,0.616056,0.213497,0.019409,0.523735,2.099672
sh.600282,2020-03-25,2019-12-31,0.935478,0.631249,0.220632,0.014259,0.497232,1.988987
sh.600282,2020-04-30,2020-03-31,0.975525,0.714592,0.296820,0.085968,0.522546,2.094444
sh.600282,2020-08-26,2020-06-30,0.972537,0.693599,0.228895,0.066478,0.513854,2.056996
sh.600282,2020-10-30,2020-09-30,1.021507,0.721255,0.215280,0.032836,0.510920,2.044656
sh.600282,2021-03-27,2020-12-31,1.078964,0.740050,0.279665,0.095391,0.495937,1.983878
sh.600282,2021-04-30,2021-03-31,1.106078,0.743515,0.279737,0.043006,0.508068,2.032800
sh.600282,2021-08-18,2021-06-30,0.945158,0.609941,0.267189,0.122796,0.514379,2.059221
sh.600282,2021-10-30,2021-09-30,0.926351,0.612790,0.241643,0.212487,0.527006,2.114194
sh.600282,2022-03-23,2021-12-31,0.926055,0.626588,0.281815,0.286116,0.529561,2.125674
sh.600282,2022-04-29,2022-03-31,0.886425,0.604356,0.243117,0.255220,0.536518,2.157582
sh.600282,2022-08-24,2022-06-30,0.908544,0.628564,0.322548,0.418483,0.553295,2.238612
sh.600282,2022-10-29,2022-09-30,0.850956,0.602004,0.280179,0.393067,0.571047,2.331257
sh.600282,2023-03-29,2022-12-31,0.848502,0.654419,0.374212,0.342729,0.588260,2.428720
sh.600282,2023-04-28,2023-03-31,0.884423,0.669591,0.379057,0.406176,0.595306,2.471001
sh.600282,2023-08-26,2023-06-30,0.884942,0.694801,0.388199,0.293257,0.616465,2.607321
sh.600282,2023-10-28,2023-09-30,0.920232,0.693796,0.348796,0.180531,0.610790,2.569309
sh.600307,2018-04-27,2018-03-31,0.435260,0.170109,0.098713,0.098380,0.760243,4.170897
sh.600307,2018-08-17,2018-06-30,0.435636,0.231531,0.144019,0.056332,0.737170,3.804745
sh.600307,2018-10-30,2018-09-30,0.425927,0.224505,0.152214,0.020008,0.718100,3.547360
sh.600307,2019-04-26,2018-12-31,0.430292,0.228273,0.162807,-0.036949,0.733930,3.758412
sh.600307,2019-04-26,2019-03-31,0.440141,0.250449,0.170546,-0.056890,0.731284,3.721403
sh.600307,2019-08-28,2019-06-30,0.408817,0.228713,0.135229,-0.088359,0.698184,3.313273
sh.600307,2019-10-25,2019-09-30,0.412982,0.219724,0.135923,-0.070695,0.681652,3.141213
sh.600307,2020-04-30,2019-12-31,0.452823,0.248844,0.157276,-0.050346,0.700337,3.337082
sh.600307,2020-04-30,2020-03-31,0.414989,0.146563,0.066351,-0.089098,0.694549,3.273846
sh.600307,2020-08-20,2020-06-30,0.410170,0.181497,0.098436,-0.002610,0.690121,3.227067
sh.600307,2020-10-30,2020-09-30,0.503878,0.276109,0.163319,0.142787,0.704425,3.383241
sh.600307,2021-04-30,2020-12-31,0.512699,0.270742,0.161614,0.049567,0.702070,3.356499
sh.600307,2021-04-30,2021-03-31,0.576414,0.259134,0.115763,0.125253,0.698516,3.316927
sh.600307,2021-08-13,2021-06-30,0.616135,0.311553,0.195531,-0.006271,0.646294,2.827208
sh.600307,2021-10-28,2021-09-30,0.623227,0.247419,0.179185,-0.154264,0.623820,2.658301
sh.600307,2022-04-20,2021-12-31,0.596685,0.255361,0.199738,-0.033066,0.671168,3.041071
sh.600307,2022-04-20,2022-03-31,0.572450,0.216575,0.153648,-0.041138,0.673332,3.061215
sh.600307,2022-08-30,2022-06-30,0.567112,0.229782,0.172605,0.068945,0.669932,3.029681
sh.600307,2022-10-29,2022-09-30,0.513764,0.259302,0.217931,0.121514,0.692490,3.251923
sh.600307,2023-04-29,2022-12-31,0.466232,0.232247,0.194707,0.037611,0.722923,3.609110
sh.600307,2023-04-29,2023-03-31,0.523200,0.221286,0.137051,0.081986,0.732456,3.737710
sh.600307,2023-08-31,2023-06-30,0.476262,0.207632,0.152610,0.107236,0.740619,3.855340
sh.600307,2023-10-28,2023-09-30,0.447753,0.200782,0.138865,0.125248,0.741305,3.865549
sh.600399,2018-06-26,2018-03-31,0.510098,0.366480,0.185236,-0.023617,1.125738,
sh.600399,2018-08-31,2018-06-30,0.468239,0.312451,0.122528,-0.072683,1.141161,
sh.600399,2018-10-22,2018-09-30,0.485661,0.315411,0.118629,-0.098355,1.111989,
sh.600399,2019-03-29,2018-12-31,3.792754,2.196663,0.457421,-0.647516,0.474750,1.903854
sh.600399,2019-04-30,2019-03-31,3.420493,2.121010,0.343397,-0.615976,0.483415,1.935790
sh.600399,2019-07-31,2019-06-30,3.330307,2.099997,0.222916,-0.582886,0.484296,1.939096
sh.600399,2019-10-26,2019-09-30,3.267202,2.047762,0.224780,-0.566182,0.485556,1.943847
sh.600399,2020-03-31,2019-12-31,3.371122,2.106824,0.119300,0.081672,0.476674,1.910856
sh.600399,2020-04-30,2020-03-31,3.443516,2.162054,0.323845,0.033420,0.472588,1.896051
sh.600399,2020-08-20,2020-06-30,3.835342,2.553598,0.211886,-0.018163,0.459542,1.850282
sh.600399,2020-10-31,2020-09-30,4.043241,2.692264,0.362179,-0.035029,0.448063,1.811803
sh.600399,2021-03-31,2020-12-31,3.623816,2.472831,0.625053,0.028554,0.454618,1.833579
sh.600399,2021-04-30,2021-03-31,3.470660,2.329664,0.199098,0.070233,0.456366,1.839473
sh.600399,2021-08-20,2021-06-30,3.532405,2.316270,1.173411,0.098214,0.443326,1.796385
sh.600399,2021-10-30,2021-09-30,3.520197,2.119540,1.098275,0.108910,0.434540,1.768473
sh.600399,2022-03-31,2021-12-31,3.461198,2.128128,1.274331,0.034274,0.426915,1.744943
sh.600399,2022-04-30,2022-03-31,3.261018,1.944598,1.215600,0.054479,0.436561,1.774814
sh.600399,2022-08-20,2022-06-30,2.943741,1.735846,1.268100,0.122326,0.446870,1.807894
sh.600399,2022-10-29,2022-09-30,2.794812,1.642834,1.215956,0.149282,0.450464,1.819716
sh.600399,2023-04-20,2022-12-31,2.376692,1.442806,0.856566,0.313574,0.486378,1.946958
sh.600399,2023-04-20,2023-03-31,2.394866,1.396100,0.583857,0.231200,0.481168,1.927408
sh.600399,2023-08-19,2023-06-30,2.285698,1.398497,0.766054,0.212850,0.488007,1.953151
sh.600399,2023-10-31,2023-09-30,2.184157,1.216630,0.511247,0.170191,0.482440,1.932142
sh.600507,2018-04-21,2018-03-31,0.939550,0.777306,0.402896,0.330605,0.692638,3.253491
sh.600507,2018-08-18,2018-06-30,1.048295,0.898492,0.403931,0.103915,0.598785,2.492428
sh.600507,2018-10-25,2018-09-30,1.232304,1.055741,0.645665,-0.064191,0.510841,2.044324
sh.600507,2019-02-22,2018-12-31,1.794362,1.395183,1.164303,-0.163710,0.299600,1.427755
sh.600507,2019-04-25,2019-03-31,1.042708,0.898329,0.536790,-0.004116,0.614797,2.596037
sh.600507,2019-08-16,2019-06-30,1.154484,1.017671,0.637249,0.361412,0.596751,2.479855
sh.600507,2019-10-30,2019-09-30,1.237785,1.045437,0.728561,0.265211,0.534596,2.148670
sh.600507,2020-02-28,2019-12-31,1.419897,1.197217,0.799603,1.113728,0.470328,1.887960
sh.600507,2020-04-25,2020-03-31,1.381283,1.172301,0.905162,-0.080224,0.508037,2.032674
sh.600507,2020-08-28,2020-06-30,1.506826,1.333129,1.057722,-0.175283,0.481806,1.929780
sh.600507,2020-10-28,2020-09-30,1.732435,1.538727,1.183869,-0.159554,0.415408,1.710594
sh.600507,2021-03-17,2020-12-31,2.256419,1.937051,1.546906,-0.298567,0.311489,1.452409
sh.600507,2021-04-17,2021-03-31,2.093177,1.805431,1.298660,-0.274107,0.351112,1.541098
sh.600507,2021-08-28,2021-06-30,1.389833,1.249347,1.096251,0.499831,0.569197,2.321245
sh.600507,2021-10-30,2021-09-30,1.448105,1.318205,1.162300,0.841779,0.555142,2.247911
sh.600507,2022-03-19,2021-12-31,1.561465,1.416533,1.022459,1.411432,0.512351,2.050654
sh.600507,2022-04-29,2022-03-31,1.230916,1.107676,0.953165,1.734620,0.589061,2.433452
sh.600507,2022-08-27,2022-06-30,1.105914,0.965794,0.827880,0.290102,0.641776,2.791549
sh.600507,2022-10-29,2022-09-30,1.103383,1.000442,0.867581,0.303440,0.643983,2.808858
sh.600507,2023-03-18,2022-12-31,1.150610,0.943201,0.793017,-0.164828,0.495826,1.983440
sh.600507,2023-04-28,2023-03-31,1.113791,0.937401,0.725516,-0.321026,0.531394,2.133987
sh.600507,2023-08-30,2023-06-30,1.073001,0.952180,0.711653,-0.112013,0.589723,2.437378
sh.600507,2023-10-28,2023-09-30,1.089128,0.944125,0.717378,-0.123999,0.585769,2.414114
sh.600569,2018-04-21,2018-03-31,0.620819,0.334895,0.209251,-0.051641,0.787720,4.710764
sh.600569,2018-08-03,2018-06-30,0.676007,0.411428,0.268511,-0.030612,0.770419,4.355758
sh.600569,2018-10-26,2018-09-30,0.702047,0.445121,0.300936,-0.048483,0.751311,4.021087
sh.600569,2019-03-21,2018-12-31,0.684554,0.435855,0.301748,-0.032838,0.744719,3.917252
sh.600569,2019-04-30,2019-03-31,0.716673,0.447112,0.318291,0.046791,0.752958,4.047891
sh.600569,2019-08-29,2019-06-30,0.767542,0.485918,0.342926,0.027852,0.722919,3.609049
sh.600569,2019-10-30,2019-09-30,0.813325,0.503533,0.325299,0.107541,0.726718,3.659219
sh.600569,2020-04-25,2019-12-31,0.817424,0.486296,0.352996,0.078131,0.720086,3.572527
sh.600569,2020-04-25,2020-03-31,0.835284,0.477114,0.357948,0.058954,0.732797,3.742471
sh.600569,2020-08-29,2020-06-30,0.821206,0.482586,0.326097,0.081767,0.735442,3.779885
sh.600569,2020-10-30,2020-09-30,0.838764,0.446396,0.315185,0.024954,0.731526,3.724758
sh.600569,2021-04-30,2020-12-31,0.824394,0.452012,0.319723,0.077440,0.732160,3.733571
sh.600569,2021-04-30,2021-03-31,0.811568,0.414448,0.299182,0.099562,0.738422,3.822957
sh.600569,2021-08-26,2021-06-30,0.801880,0.366110,0.232552,0.054857,0.724441,3.628986
sh.600569,2021-10-30,2021-09-30,0.788640,0.400326,0.249460,0.161872,0.741739,3.872051
sh.600569,2022-04-26,2021-12-31,0.735125,0.385045,0.267158,0.151040,0.745802,3.933934
sh.600569,2022-04-26,2022-03-31,0.749439,0.394059,0.259435,0.167449,0.766909,4.290162
sh.600569,2022-08-30,2022-06-30,0.759721,0.350617,0.275086,0.200735,0.773688,4.418687
sh.600569,2022-10-29,2022-09-30,0.726049,0.355209,0.275151,0.066096,0.793301,4.837952
sh.600569,2023-04-28,2022-12-31,0.678200,0.305352,0.228204,0.011195,0.809788,5.257298
sh.600569,2023-04-28,2023-03-31,0.686692,0.314171,0.249700,-0.033821,0.819993,5.555329
sh.600569,2023-08-31,2023-06-30,0.684158,0.359189,0.273093,0.000619,0.835339,6.073082
sh.600569,2023-10-28,2023-09-30,0.661643,0.340114,0.227970,-0.002792,0.832715,5.977810
sh.600581,2018-04-28,2018-03-31,0.267125,0.070786,0.019138,0.579283,0.815745,5.427249
sh.600581,2018-08-24,2018-06-30,0.283538,0.083809,0.041894,0.422506,0.815010,5.405703
sh.600581,2018-10-26,2018-09-30,0.335639,0.194825,0.107448,0.496150,0.804186,5.106888
sh.600581,2019-03-26,2018-12-31,0.317613,0.126551,0.048874,0.001248,0.790775,4.779544
sh.600581,2019-04-26,2019-03-31,0.293839,0.106565,0.031496,-0.037905,0.794028,4.855017
sh.600581,2019-08-23,2019-06-30,0.329822,0.111256,0.019895,-0.052327,0.780643,4.558778
sh.600581,2019-10-26,2019-09-30,0.342383,0.141030,0.033688,-0.075944,0.776191,4.468089
sh.600581,2020-04-28,2019-12-31,0.344619,0.142428,0.028312,0.004305,0.787129,4.697679
sh.600581,2020-04-28,2020-03-31,0.359144,0.135629,0.010350,0.067719,0.799979,4.999484
sh.600581,2020-08-28,2020-06-30,0.393549,0.220141,0.063840,0.100435,0.794574,4.867936
sh.600581,2020-10-29,2020-09-30,0.445623,0.273366,0.069943,0.163325,0.795184,4.882435
sh.600581,2021-04-13,2020-12-31,0.481432,0.299859,0.138044,0.169042,0.799266,4.981727
sh.600581,2021-04-24,2021-03-31,0.500991,0.333185,0.082977,0.267470,0.810526,5.277770
sh.600581,2021-08-28,2021-06-30,0.568504,0.372575,0.095140,0.234379,0.777325,4.490853
sh.600581,2021-10-30,2021-09-30,0.655666,0.413913,0.204667,0.176389,0.751336,4.021492
sh.600581,2022-04-12,2021-12-31,0.413289,0.215809,0.053327,0.090597,0.859009,7.092637
sh.600581,2022-04-29,2022-03-31,0.423645,0.217019,0.053535,0.377706,0.871829,7.802058
sh.600581,2022-08-27,2022-06-30,0.427195,0.183476,0.056267,0.364425,0.866282,7.478447
sh.600581,2022-10-29,2022-09-30,0.403227,0.226778,0.071618,0.349339,0.879210,8.278802
sh.600581,2023-04-18,2022-12-31,0.335554,0.182804,0.082308,-0.002546,0.899403,9.940606
sh.600581,2023-04-29,2023-03-31,0.377896,0.203241,0.063465,0.036547,0.918822,12.318588
sh.600581,2023-08-26,2023-06-30,0.340527,0.218431,0.090818,0.026517,0.926218,13.553475
sh.600581,2023-10-28,2023-09-30,0.335626,0.237888,0.093658,0.027987,0.924951,13.324539
sh.600782,2018-04-27,2018-03-31,1.270977,1.056384,0.426686,-0.057963,0.552464,2.234457
sh.600782,2018-08-21,2018-06-30,1.327844,1.162887,0.548698,-0.061683,0.527507,2.116432
sh.600782,2018-10-30,2018-09-30,1.390266,1.168864,0.506374,0.104956,0.530561,2.130202
sh.600782,2019-04-23,2018-12-31,1.327595,1.080444,0.276381,0.143656,0.531246,2.133317
sh.600782,2019-04-27,2019-03-31,1.359915,1.173217,0.275562,0.201845,0.519234,2.080013
sh.600782,2019-08-20,2019-06-30,1.388260,1.212561,0.292461,0.218448,0.508371,2.034055
sh.600782,2019-10-30,2019-09-30,1.384603,1.226380,0.291064,0.167884,0.518137,2.075279
sh.600782,2020-04-21,2019-12-31,1.147200,0.933450,0.278759,0.034127,0.506429,2.026051
sh.600782,2020-04-28,2020-03-31,1.067077,0.853305,0.226702,0.111642,0.516094,2.066517
sh.600782,2020-08-22,2020-06-30,0.961251,0.761530,0.211161,0.156385,0.522454,2.094038
sh.600782,2020-10-31,2020-09-30,0.988488,0.787381,0.143489,0.192168,0.542298,2.184827
sh.600782,2021-04-20,2020-12-31,1.039256,0.815670,0.166618,0.227241,0.537589,2.162579
sh.600782,2021-04-28,2021-03-31,1.026442,0.771953,0.127902,0.176567,0.532389,2.138531
sh.600782,2021-08-20,2021-06-30,1.018329,0.748364,0.104200,0.219593,0.540979,2.178548
sh.600782,2021-10-30,2021-09-30,1.052600,0.845463,0.129815,0.169153,0.547317,2.209050
sh.600782,2022-04-26,2021-12-31,1.119198,0.916272,0.209585,0.106485,0.529028,2.123267
sh.600782,2022-04-29,2022-03-31,1.080612,0.854178,0.134685,0.106210,0.524654,2.103730
sh.600782,2022-08-23,2022-06-30,1.047914,0.819735,0.131845,0.108804,0.549021,2.217397
sh.600782,2022-10-29,2022-09-30,1.095461,0.876200,0.151476,-0.022890,0.532758,2.140218
sh.600782,2023-04-18,2022-12-31,1.108257,0.872426,0.184199,-0.157199,0.492565,1.970696
sh.600782,2023-04-22,2023-03-31,1.116099,0.877511,0.111803,-0.133292,0.503079,2.012393
sh.600782,2023-08-26,2023-06-30,1.094316,0.858322,0.150021,-0.261383,0.478301,1.916812
sh.600782,2023-10-28,2023-09-30,1.069473,0.840564,0.189651,-0.201640,0.480287,1.924137
sh.600808,2018-04-20,2018-03-31,0.909034,0.544180,0.134570,-0.077723,0.592876,2.456254
sh.600808,2018-08-30,2018-06-30,0.887440,0.598557,0.241291,0.038836,0.598307,2.489462
sh.600808,2018-10-19,2018-09-30,0.971120,0.651555,0.248145,0.003276,0.570210,2.326720
sh.600808,2019-03-22,2018-12-31,0.966486,0.688309,0.298142,-0.001661,0.583823,2.402824
sh.600808,2019-04-26,2019-03-31,0.977451,0.710524,0.228120,0.052094,0.579060,2.375633
sh.600808,2019-08-30,2019-06-30,0.934318,0.687276,0.194062,0.176925,0.627825,2.686909
sh.600808,2019-10-31,2019-09-30,0.938151,0.658301,0.139883,0.088575,0.597490,2.484408
sh.600808,2020-03-31,2019-12-31,0.929019,0.710397,0.190055,0.236224,0.642724,2.798960
sh.600808,2020-04-29,2020-03-31,0.928484,0.641276,0.176896,0.168567,0.623057,2.652922
sh.600808,2020-08-27,2020-06-30,0.882001,0.647721,0.238016,-0.033548,0.616207,2.605574
sh.600808,2020-10-31,2020-09-30,0.877384,0.631601,0.142518,0.044803,0.601803,2.511317
sh.600808,2021-03-26,2020-12-31,0.868965,0.616627,0.123760,-0.133042,0.595952,2.474953
sh.600808,2021-04-29,2021-03-31,0.886142,0.591225,0.123835,0.012073,0.604376,2.527651
sh.600808,2021-08-26,2021-06-30,0.924488,0.667002,0.231402,0.135807,0.607805,2.549754
sh.600808,2021-10-27,2021-09-30,0.955991,0.640137,0.218481,0.118111,0.582795,2.396901
sh.600808,2022-03-24,2021-12-31,0.924036,0.657818,0.264879,0.118433,0.589824,2.437981
sh.600808,2022-04-30,2022-03-31,0.943038,0.648572,0.309526,-0.001039,0.574236,2.348718
sh.600808,2022-08-31,2022-06-30,0.860758,0.596416,0.214767,0.045068,0.622111,2.646282
sh.600808,2022-10-29,2022-09-30,0.790010,0.557659,0.179417,0.088131,0.626421,2.676807
sh.600808,2023-03-31,2022-12-31,0.726056,0.536873,0.132234,0.181512,0.656033,2.907257
sh.600808,2023-04-28,2023-03-31,0.679099,0.442337,0.133563,0.168227,0.651022,2.865513
sh.600808,2023-08-31,2023-06-30,0.506956,0.267088,0.143699,-0.104256,0.633750,2.730374
sh.600808,2023-10-28,2023-09-30,0.513977,0.284482,0.132466,-0.100419,0.621492,2.641952
sh.601003,2018-04-28,2018-03-31,0.911398,0.567586,0.191235,-0.241284,0.633777,2.730573
sh.601003,2018-08-15,2018-06-30,0.942571,0.633680,0.115869,-0.074367,0.674433,3.071561
sh.601003,2018-10-25,2018-09-30,1.060729,0.733711,0.347253,-0.110343,0.630031,2.702932
sh.601003,2019-03-29,2018-12-31,1.205079,0.795328,0.472389,-0.091496,0.578026,2.369817
sh.601003,2019-04-25,2019-03-31,1.260460,0.805414,0.489878,-0.035040,0.557796,2.261402
sh.601003,2019-08-15,2019-06-30,1.193979,0.810550,0.363895,-0.128011,0.583608,2.401581
sh.601003,2019-10-31,2019-09-30,1.157118,0.776478,0.472100,0.119272,0.625358,2.669218
sh.601003,2020-04-15,2019-12-31,1.011238,0.540761,0.255421,0.047154,0.571070,2.331382
sh.601003,2020-04-22,2020-03-31,0.980223,0.476073,0.220541,0.046200,0.555903,2.251760
sh.601003,2020-08-20,2020-06-30,0.905268,0.414066,0.160302,0.088469,0.588201,2.428368
sh.601003,2020-10-28,2020-09-30,0.974489,0.452867,0.224327,-0.080070,0.584854,2.408793
sh.601003,2021-04-28,2020-12-31,1.012550,0.537603,0.219526,0.289661,0.589358,2.435211
sh.601003,2021-04-28,2021-03-31,1.067905,0.570485,0.210447,1.865541,0.615789,2.602737
sh.601003,2021-08-26,2021-06-30,1.037466,0.470417,0.148638,1.763394,0.616221,2.605669
sh.601003,2021-10-28,2021-09-30,1.054074,0.467503,0.096550,1.779710,0.616474,2.607385
sh.601003,2022-04-28,2021-12-31,0.956977,0.387845,0.144915,0.287903,0.633890,2.731416
sh.601003,2022-04-28,2022-03-31,1.049951,0.526797,0.220880,0.185279,0.654988,2.898448
sh.601003,2022-08-25,2022-06-30,0.934666,0.415903,0.264352,0.111750,0.661752,2.956406
sh.601003,2022-10-28,2022-09-30,0.896781,0.558188,0.337483,0.115748,0.693284,3.260348
sh.601003,2023-04-28,2022-12-31,0.858700,0.549278,0.322831,0.062187,0.684053,3.165092
sh.601003,2023-04-28,2023-03-31,0.942213,0.566313,0.275888,0.058743,0.694138,3.269446
sh.601003,2023-08-26,2023-06-30,0.870402,0.538022,0.226947,0.038526,0.692231,3.249195
sh.601003,2023-10-28,2023-09-30,0.807942,0.461641,0.183137,-0.003522,0.697320,3.303817
sh.601005,2018-04-26,2018-03-31,1.090865,0.526834,0.251251,-0.777664,0.326360,1.484473
sh.601005,2018-08-17,2018-06-30,1.250536,0.656979,0.120719,-0.816444,0.282860,1.394429
sh.601005,2018-10-30,2018-09-30,1.404800,0.904677,0.507151,-0.779352,0.313267,1.456171
sh.601005,2019-03-29,2018-12-31,1.432249,0.823640,0.532810,0.023535,0.311944,1.453369
sh.601005,2019-04-26,2019-03-31,1.575714,0.885522,0.459278,-0.070227,0.292507,1.413441
sh.601005,2019-08-12,2019-06-30,1.685793,0.909919,0.549248,0.071049,0.279118,1.387190
sh.601005,2019-10-28,2019-09-30,1.725050,0.909187,0.264381,-0.092974,0.281937,1.392635
sh.601005,2020-03-30,2019-12-31,1.543364,0.770921,0.350461,-0.097833,0.280983,1.390788
sh.601005,2020-04-30,2020-03-31,1.657230,0.974202,0.573771,0.172053,0.319125,1.468698
sh.601005,2020-08-26,2020-06-30,1.706490,1.164953,0.583219,0.229707,0.317744,1.465727
sh.601005,2020-10-27,2020-09-30,1.447748,0.893220,0.450665,0.589399,0.377291,1.605888
sh.601005,2021-03-20,2020-12-31,0.971641,0.595231,0.368094,1.626928,0.498410,1.993658
sh.601005,2021-04-30,2021-03-31,1.085276,0.556604,0.277628,1.319167,0.498429,1.993735
sh.601005,2021-08-30,2021-06-30,1.100297,0.656364,0.381996,1.464842,0.496291,1.985272
sh.601005,2021-10-30,2021-09-30,0.924824,0.599992,0.368999,0.554395,0.447522,1.810026
sh.601005,2022-03-31,2021-12-31,0.866284,0.617105,0.454899,0.035626,0.479597,1.921589
sh.601005,2022-04-27,2022-03-31,0.801319,0.522910,0.261255,-0.069625,0.461253,1.856159
sh.601005,2022-08-31,2022-06-30,0.724431,0.388952,0.218556,-0.243117,0.425536,1.740753
sh.601005,2022-10-31,2022-09-30,0.683255,0.414222,0.244511,-0.057901,0.442543,1.793861
sh.601005,2023-03-31,2022-12-31,0.651805,0.453317,0.305888,-0.125983,0.457843,1.844483
sh.601005,2023-04-28,2023-03-31,0.647304,0.372712,0.157292,-0.094085,0.454577,1.833439
sh.601005,2023-08-31,2023-06-30,0.601797,0.374391,0.266899,0.004836,0.449056,1.815068
sh.601005,2023-10-28,2023-09-30,0.678440,0.476520,0.208854,0.094767,0.480665,1.925540
sh.601686,2020-03-20,2019-06-30,1.304037,0.788557,0.412282,,0.543566,2.190898
sh.601686,2020-11-16,2019-12-31,1.385184,0.985704,0.636819,0.164265,0.529538,2.125572
sh.601686,2021-04-30,2020-03-31,,,,,,
sh.601686,2020-11-16,2020-06-30,1.457124,0.995284,0.499812,0.156236,0.517421,2.072198
sh.601686,2021-10-30,2020-09-30,1.517703,1.517703,,,0.502890,2.011627
sh.601686,2021-04-09,2020-12-31,1.819189,1.247576,0.670543,0.065012,0.421783,1.729455
sh.601686,2021-04-30,2021-03-31,1.483300,0.870270,0.461527,,0.515154,2.062509
sh.601686,2021-08-25,2021-06-30,1.403316,0.839010,0.506383,0.432706,0.507841,2.031865
sh.601686,2021-10-30,2021-09-30,1.329281,0.705958,0.335741,0.659030,0.540637,2.176927
sh.601686,2022-04-16,2021-12-31,1.278001,0.810433,0.483649,0.726205,0.543709,2.191584
sh.601686,2022-04-30,2022-03-31,1.200190,0.703482,0.336344,0.545362,0.604737,2.529961
sh.601686,2022-08-26,2022-06-30,1.317717,0.813571,0.548624,0.993317,0.659100,2.933414
sh.601686,2022-10-26,2022-09-30,1.384161,0.999583,0.617386,0.428419,0.620012,2.631661
sh.601686,2023-04-20,2022-12-31,1.523074,1.083960,0.602647,0.089319,0.560088,2.273182
sh.601686,2023-04-28,2023-03-31,1.439718,0.979546,0.465369,-0.010619,0.593578,2.460495
sh.601686,2023-08-18,2023-06-30,1.439322,1.032629,0.614511,-0.265485,0.589748,2.437527
sh.601686,2023-10-25,2023-09-30,1.401489,0.991079,0.548548,-0.046934,0.604217,2.526637
sh.603878,2018-04-25,2018-03-31,3.545658,2.163412,0.515238,0.559194,0.232709,1.303286
sh.603878,2018-08-29,2018-06-30,3.525483,2.120127,0.533232,0.164653,0.233172,1.304074
sh.603878,2018-10-26,2018-09-30,3.106267,1.872978,0.636741,0.518462,0.261540,1.354170
sh.603878,2019-04-26,2018-12-31,3.320433,1.966541,0.801382,0.337170,0.249324,1.332133
sh.603878,2019-04-26,2019-03-31,2.939365,1.921215,0.976135,0.412867,0.281488,1.391766
sh.603878,2019-08-15,2019-06-30,3.090524,1.910511,0.634669,0.283231,0.266782,1.363850
sh.603878,2019-10-25,2019-09-30,3.044102,1.767352,0.588419,0.124763,0.269121,1.368215
sh.603878,2020-03-31,2019-12-31,3.359906,1.908964,0.422266,0.053880,0.241901,1.319088
sh.603878,2020-04-28,2020-03-31,3.627568,2.177771,0.490560,-0.196061,0.225433,1.291045
sh.603878,2020-08-10,2020-06-30,2.931575,1.938010,0.476245,0.087510,0.273572,1.376600
sh.603878,2020-10-23,2020-09-30,2.726725,1.775470,0.505003,0.150621,0.290622,1.409685
sh.603878,2021-04-23,2020-12-31,2.602157,1.720978,0.424207,0.353331,0.298956,1.426445
sh.603878,2021-04-23,2021-03-31,2.735304,1.829742,0.486680,0.357853,0.281427,1.391647
sh.603878,2021-08-25,2021-06-30,2.266766,1.515404,0.823489,0.430101,0.341913,1.519556
sh.603878,2021-10-28,2021-09-30,2.371527,1.507917,0.899393,0.183416,0.319506,1.469520
sh.603878,2022-04-26,2021-12-31,2.483044,1.615444,0.966235,0.050743,0.303537,1.435826
sh.603878,2022-04-26,2022-03-31,2.380660,1.550162,0.800675,0.224648,0.319678,1.469893
sh.603878,2022-08-19,2022-06-30,2.330074,1.474947,0.708187,-0.058965,0.323577,1.478366
sh.603878,2022-10-27,2022-09-30,2.405956,1.575457,0.756083,-0.014013,0.311539,1.452516
sh.603878,2023-04-05,2022-12-31,2.425482,1.514388,0.752274,0.147357,0.323873,1.479012
sh.603878,2023-04-25,2023-03-31,2.450133,1.431841,0.663663,0.088468,0.325734,1.483095
sh.603878,2023-08-22,2023-06-30,2.487640,1.372156,0.585420,0.155266,0.341273,1.518080
sh.603878,2023-10-27,2023-09-30,2.810212,1.734365,0.784018,0.414868,0.371013,1.589859
sh.603995,2018-12-20,2018-06-30,0.779555,0.413356,0.163754,,0.563216,2.289461
sh.603995,2019-11-12,2018-09-30,,,,,,
sh.603995,2019-11-12,2018-12-31,0.791127,0.423016,0.264095,-0.303186,0.443314,1.796344
sh.603995,2020-04-27,2019-03-31,,,,,,
sh.603995,2019-11-12,2019-06-30,0.903249,0.507300,0.343075,-0.254653,0.443571,1.797173
sh.603995,2019-11-12,2019-09-30,0.962701,0.559007,0.287202,,0.484000,1.937984
sh.603995,2020-04-20,2019-12-31,1.672094,1.364943,0.847266,0.514798,0.390393,1.640400
sh.603995,2020-04-27,2020-03-31,1.616260,1.014951,0.794907,,0.405971,1.683419
sh.603995,2020-08-18,2020-06-30,1.581047,1.215018,0.921519,0.471704,0.401227,1.670083
sh.603995,2020-10-23,2020-09-30,1.561936,1.016035,0.709925,0.246665,0.399077,1.664105
sh.603995,2021-04-15,2020-12-31,1.252753,0.909621,0.615473,0.281549,0.418359,1.719274
sh.603995,2021-04-27,2021-03-31,1.150966,0.699439,0.410910,0.378563,0.449582,1.816799
sh.603995,2021-08-25,2021-06-30,1.035042,0.667713,0.392785,0.791350,0.500394,2.001575
sh.603995,2021-10-19,2021-09-30,1.027057,0.609247,0.273089,0.963004,0.520380,2.084986
sh.603995,2022-04-12,2021-12-31,1.275540,0.820243,0.500467,1.124595,0.559031,2.267734
sh.603995,2022-04-27,2022-03-31,1.258625,0.716290,0.409113,0.851607,0.555933,2.251911
sh.603995,2022-08-18,2022-06-30,1.121106,0.627916,0.363276,0.637897,0.580644,2.384611
sh.603995,2022-10-29,2022-09-30,1.075842,0.592959,0.306897,0.547366,0.593031,2.457191
sh.603995,2023-04-14,2022-12-31,1.001348,0.509160,0.225334,0.041379,0.544447,2.195134
sh.603995,2023-04-28,2023-03-31,1.209952,0.710021,0.471215,0.127568,0.511375,2.046559
sh.603995,2023-08-16,2023-06-30,1.263796,0.712964,0.451516,-0.041927,0.489941,1.960558
sh.603995,2023-10-27,2023-09-30,1.195968,0.643973,0.305114,-0.064330,0.504849,2.019587
sh.688186,2020-04-28,2020-03-31,1.567957,0.954409,0.319931,,0.422000,1.730105
sh.688186,2020-08-11,2020-06-30,1.743730,1.123100,0.440622,0.253493,0.523747,2.099726
sh.688186,2020-10-20,2020-09-30,1.649995,0.961295,0.218229,0.298561,0.525705,2.108392
sh.688186,2021-03-20,2020-12-31,1.378988,0.806498,0.279466,0.665503,0.578550,2.372763
sh.688186,2021-04-16,2021-03-31,1.287754,0.823795,0.411857,1.432383,0.581921,2.391891
sh.688186,2021-08-14,2021-06-30,1.074426,0.655107,0.285669,0.995597,0.629333,2.697838
sh.688186,2021-10-29,2021-09-30,1.245146,0.819788,0.367038,0.997444,0.522188,2.092874
sh.688186,2022-03-21,2021-12-31,1.081332,0.645013,0.235564,0.684234,0.539084,2.169592
sh.688186,2022-04-29,2022-03-31,1.210204,0.650511,0.250537,0.651656,0.586799,2.420128
sh.688186,2022-08-26,2022-06-30,1.142879,0.683641,0.198822,0.494569,0.612348,2.579632
sh.688186,2022-10-31,2022-09-30,1.056326,0.625169,0.176047,0.514226,0.622020,2.645642
sh.688186,2023-04-22,2022-12-31,1.414376,0.915683,0.373279,0.656746,0.639867,2.776754
sh.688186,2023-04-22,2023-03-31,1.391924,0.869156,0.248699,0.357045,0.635375,2.742543
sh.688186,2023-08-25,2023-06-30,1.464698,0.933890,0.267468,0.300041,0.647268,2.835015
sh.688186,2023-10-31,2023-09-30,1.484706,0.927289,0.129266,0.206736,0.640806,2.784011
sz.000708,2018-04-21,2018-03-31,1.636758,1.310406,0.509824,0.358990,0.393528,1.648880
sz.000708,2018-08-16,2018-06-30,1.530964,1.281005,0.526443,0.378838,0.437677,1.778338
sz.000708,2018-10-27,2018-09-30,1.615221,1.358990,0.578494,0.267930,0.416142,1.712745
sz.000708,2019-02-27,2018-12-31,1.656608,1.369146,0.617401,0.283798,0.426451,1.743529
sz.000708,2019-04-23,2019-03-31,1.791933,1.488116,0.684228,0.066102,0.388244,1.634639
sz.000708,2019-08-20,2019-06-30,1.602956,1.298068,0.480687,0.060571,0.440861,1.788465
sz.000708,2019-10-23,2019-09-30,0.770352,0.523409,0.242155,12.303505,0.593534,2.460228
sz.000708,2020-03-06,2019-12-31,0.777850,0.567204,0.206998,0.020994,0.651766,2.871631
sz.000708,2020-04-22,2020-03-31,0.831748,0.598843,0.220096,16.405421,0.650956,2.864971
sz.000708,2020-08-18,2020-06-30,0.763221,0.578443,0.223312,13.409394,0.662887,2.966367
sz.000708,2020-10-17,2020-09-30,0.773928,0.586295,0.178343,0.264905,0.657426,2.919078
sz.000708,2021-03-02,2020-12-31,0.845073,0.615777,0.246073,0.036935,0.633461,2.728219
sz.000708,2021-04-28,2021-03-31,0.773957,0.544328,0.160264,0.076195,0.665621,2.990617
sz.000708,2021-08-17,2021-06-30,0.833928,0.570740,0.120327,0.086287,0.648367,2.843877
sz.000708,2021-10-12,2021-09-30,0.897933,0.621243,0.158822,0.110195,0.647128,2.833886
sz.000708,2022-03-11,2021-12-31,0.854054,0.618328,0.196971,0.057880,0.611580,2.574533
sz.000708,2022-04-23,2022-03-31,1.011646,0.745998,0.290078,0.095007,0.619263,2.626483
sz.000708,2022-08-16,2022-06-30,0.921555,0.622681,0.180599,0.067264,0.631773,2.715719
sz.000708,2022-10-26,2022-09-30,0.974338,0.696871,0.222364,-0.022402,0.612815,2.582746
sz.000708,2023-03-18,2022-12-31,1.003770,0.716680,0.238030,0.046786,0.598595,2.491252
sz.000708,2023-04-22,2023-03-31,1.049588,0.721568,0.218275,0.365848,0.659766,2.939151
sz.000708,2023-08-19,2023-06-30,0.965162,0.665884,0.159821,0.316441,0.658687,2.929859
sz.000708,2023-10-28,2023-09-30,0.989923,0.700147,0.136945,0.383264,0.655549,2.903170
sz.000709,2018-04-20,2018-03-31,0.485782,0.269549,0.155778,0.026176,0.749877,3.998030
sz.000709,2018-08-30,2018-06-30,0.503788,0.299881,0.181240,0.036084,0.738035,3.817301
sz.000709,2018-10-26,2018-09-30,0.561990,0.350769,0.195323,0.056023,0.716103,3.522399
sz.000709,2019-04-26,2018-12-31,0.513256,0.340414,0.218693,0.051275,0.717593,3.540990
sz.000709,2019-04-26,2019-03-31,0.496812,0.328132,0.207472,0.031870,0.714628,3.504202
sz.000709,2019-08-27,2019-06-30,0.499034,0.329762,0.173873,0.048075,0.723978,3.622895
sz.000709,2019-10-30,2019-09-30,0.492060,0.327532,0.146423,0.022650,0.720196,3.573929
sz.000709,2020-04-23,2019-12-31,0.520586,0.353931,0.188588,0.022062,0.722388,3.602145
sz.000709,2020-04-23,2020-03-31,0.535812,0.350803,0.187276,0.034038,0.722289,3.600869
sz.000709,2020-08-26,2020-06-30,0.524045,0.349725,0.197012,-0.025907,0.714698,3.505057
sz.000709,2020-10-30,2020-09-30,0.495279,0.332186,0.168236,0.084410,0.732392,3.736812
sz.000709,2021-04-23,2020-12-31,0.459948,0.322840,0.189313,0.107150,0.749499,3.992005
sz.000709,2021-04-23,2021-03-31,0.483917,0.332018,0.188648,0.156699,0.731893,3.729857
sz.000709,2021-08-20,2021-06-30,0.497711,0.339624,0.203710,0.212750,0.744184,3.909065
sz.000709,2021-10-23,2021-09-30,0.445483,0.293927,0.177287,0.057002,0.749768,3.996294
sz.000709,2022-04-22,2021-12-31,0.496591,0.364641,0.238356,0.009547,0.749848,3.997575
sz.000709,2022-04-22,2022-03-31,0.531647,0.393710,0.246686,0.046136,0.748512,3.976330
sz.000709,2022-08-26,2022-06-30,0.517729,0.379441,0.233041,-0.003057,0.743107,3.892672
sz.000709,2022-10-26,2022-09-30,0.512893,0.381711,0.245021,0.082241,0.745422,3.928075
sz.000709,2023-04-28,2022-12-31,0.476206,0.329388,0.228890,0.023264,0.737564,3.810451
sz.000709,2023-04-28,2023-03-31,0.513123,0.367235,0.258483,0.007956,0.737160,3.804598
sz.000709,2023-08-31,2023-06-30,0.520361,0.370576,0.242570,0.036259,0.730620,3.712226
sz.000709,2023-10-31,2023-09-30,0.542246,0.379857,0.260281,-0.003010,0.727220,3.665958
sz.000717,2018-04-20,2018-03-31,0.401945,0.200483,0.046711,-0.291091,0.724266,3.626683
sz.000717,2018-08-28,2018-06-30,0.345971,0.145873,0.056775,-0.232906,0.682530,3.149907
sz.000717,2018-10-30,2018-09-30,0.477687,0.241284,0.081795,-0.195069,0.644965,2.816621
sz.000717,2019-03-29,2018-12-31,0.526523,0.305619,0.150461,-0.242568,0.623936,2.659122
sz.000717,2019-04-30,2019-03-31,0.544066,0.330291,0.165171,-0.058160,0.590207,2.440259
sz.000717,2019-08-20,2019-06-30,0.575871,0.327647,0.186865,-0.127207,0.550065,2.222546
sz.000717,2019-10-31,2019-09-30,0.609742,0.373839,0.178388,-0.100875,0.554125,2.242781
sz.000717,2020-03-31,2019-12-31,0.608313,0.358796,0.181031,-0.105043,0.534179,2.146749
sz.000717,2020-04-30,2020-03-31,0.631662,0.317000,0.132744,-0.001421,0.530606,2.130407
sz.000717,2020-08-28,2020-06-30,0.673538,0.437571,0.220433,-0.007294,0.507390,2.030002
sz.000717,2020-10-30,2020-09-30,0.709737,0.451199,0.191968,0.089507,0.533018,2.141409
sz.000717,2021-04-28,2020-12-31,0.651507,0.398545,0.212173,-0.101035,0.464390,1.867032
sz.000717,2021-04-29,2021-03-31,0.785009,0.478153,0.337816,0.244805,0.542686,2.186682
sz.000717,2021-08-26,2021-06-30,0.802174,0.534047,0.292641,0.331614,0.530104,2.128131
sz.000717,2021-10-29,2021-09-30,0.821362,0.566015,0.368606,0.159511,0.522919,2.096080
sz.000717,2022-04-28,2021-12-31,0.704127,0.398556,0.327045,0.169189,0.468118,1.880116
sz.000717,2022-04-29,2022-03-31,0.686078,0.343147,0.222310,-0.080555,0.494505,1.978258
sz.000717,2022-08-31,2022-06-30,0.662906,0.351260,0.152094,0.106189,0.545531,2.200369
sz.000717,2022-10-27,2022-09-30,0.564624,0.338175,0.166433,-0.015518,0.540407,2.175839
sz.000717,2023-04-28,2022-12-31,0.512918,0.280792,0.077524,0.134842,0.543479,2.190478
sz.000717,2023-04-29,2023-03-31,0.549299,0.317161,0.148828,0.142435,0.574585,2.350644
sz.000717,2023-08-23,2023-06-30,0.497793,0.333636,0.200773,-0.039477,0.575860,2.357714
sz.000717,2023-10-30,2023-09-30,0.434961,0.234203,0.105471,0.063074,0.577427,2.366454
sz.000761,2018-04-20,2018-03-31,0.833471,0.495963,0.315972,-0.053968,0.662148,2.959879
sz.000761,2018-08-28,2018-06-30,0.928120,0.604943,0.465455,0.092651,0.697080,3.301202
sz.000761,2018-10-30,2018-09-30,0.989752,0.616969,0.465577,-0.043382,0.674144,3.068841
sz.000761,2019-04-19,2018-12-31,1.021328,0.693652,0.508419,-0.169806,0.670324,3.033281
sz.000761,2019-04-19,2019-03-31,1.045055,0.711694,0.527942,0.067778,0.668061,3.012603
sz.000761,2019-08-29,2019-06-30,1.024110,0.681891,0.484573,-0.070608,0.675380,3.080529
sz.000761,2019-10-29,2019-09-30,0.900777,0.650276,0.518834,0.087460,0.686877,3.193634
sz.000761,2020-04-24,2019-12-31,0.869539,0.650423,0.524026,0.018650,0.670470,3.034625
sz.000761,2020-04-24,2020-03-31,0.868163,0.617585,0.494034,0.052164,0.676395,3.090189
sz.000761,2020-08-25,2020-06-30,0.875164,0.618747,0.449075,0.022514,0.676419,3.090412
sz.000761,2020-10-30,2020-09-30,1.074026,0.783146,0.565363,-0.001595,0.670622,3.036025
sz.000761,2021-04-28,2020-12-31,1.043810,0.769310,0.398588,0.067247,0.668489,3.016492
sz.000761,2021-04-28,2021-03-31,1.113455,0.787380,0.312298,0.046746,0.665107,2.986028
sz.000761,2021-08-26,2021-06-30,1.202412,0.885487,0.347923,-0.034422,0.632541,2.721395
sz.000761,2021-10-23,2021-09-30,1.175766,0.813281,0.333922,-0.019066,0.637766,2.760648
sz.000761,2022-03-26,2021-12-31,1.139939,0.661210,0.414881,-0.261779,0.581730,2.390798
sz.000761,2022-04-27,2022-03-31,1.213328,0.648610,0.331255,-0.374917,0.540050,2.174151
sz.000761,2022-08-19,2022-06-30,1.029682,0.488424,0.297573,-0.370045,0.548778,2.216203
sz.000761,2022-10-28,2022-09-30,0.898251,0.470590,0.216034,-0.418946,0.549863,2.221545
sz.000761,2023-03-30,2022-12-31,0.806784,0.287878,0.089582,-0.228792,0.560832,2.277033
sz.000761,2023-04-28,2023-03-31,0.819561,0.374245,0.185392,0.015979,0.590911,2.444453
sz.000761,2023-08-31,2023-06-30,0.725226,0.339407,0.185572,0.063952,0.598455,2.490380
sz.000761,2023-10-31,2023-09-30,0.746309,0.349218,0.116051,0.141091,0.609708,2.562182
sz.000778,2018-04-27,2018-03-31,1.029385,0.844760,0.214121,-0.059713,0.574785,2.351753
sz.000778,2018-08-21,2018-06-30,1.005349,0.822651,0.272394,-0.052590,0.574637,2.350933
sz.000778,2018-10-30,2018-09-30,1.002885,0.841110,0.265298,-0.022111,0.576635,2.362029
sz.000778,2019-04-02,2018-12-31,1.058288,0.832628,0.315574,0.056389,0.581242,2.388014
sz.000778,2019-04-30,2019-03-31,1.176807,0.914828,0.337721,0.042823,0.566876,2.308806
sz.000778,2019-08-27,2019-06-30,1.216233,0.966836,0.349340,-0.058005,0.543556,2.190852
sz.000778,2019-10-29,2019-09-30,1.226617,0.966291,0.390497,-0.005071,0.563966,2.293401
sz.000778,2020-04-24,2019-12-31,1.135902,0.878844,0.427938,-0.096895,0.548986,2.217226
sz.000778,2020-04-29,2020-03-31,1.084784,0.842644,0.382847,-0.057120,0.548941,2.217005
sz.000778,2020-08-25,2020-06-30,1.054533,0.847193,0.405291,0.062892,0.553396,2.239118
sz.000778,2020-10-27,2020-09-30,1.057094,0.834844,0.361966,-0.017505,0.548832,2.216467
sz.000778,2021-04-13,2020-12-31,1.122276,0.869302,0.437814,0.067058,0.545879,2.202056
sz.000778,2021-04-30,2021-03-31,1.135172,0.874038,0.368698,-0.054552,0.515611,2.064458
sz.000778,2021-08-24,2021-06-30,1.223332,0.978408,0.434535,-0.108830,0.501540,2.006178
sz.000778,2021-10-26,2021-09-30,1.214236,0.948290,0.385926,-0.071405,0.504109,2.016573
sz.000778,2022-04-19,2021-12-31,1.150948,0.896149,0.445533,-0.068636,0.506583,2.026684
sz.000778,2022-04-27,2022-03-31,1.167612,0.890335,0.397388,0.063448,0.507968,2.032390
sz.000778,2022-08-23,2022-06-30,1.173375,0.901126,0.411515,0.125786,0.516051,2.066335
sz.000778,2022-10-25,2022-09-30,1.337858,1.045393,0.430539,0.097967,0.514373,2.059193
sz.000778,2023-04-11,2022-12-31,1.421955,1.121170,0.606637,0.047506,0.506581,2.026676
sz.000778,2023-04-27,2023-03-31,1.470210,1.131315,0.463427,0.050294,0.510706,2.043760
sz.000778,2023-08-22,2023-06-30,1.232498,0.978968,0.452891,0.004517,0.508175,2.033242
sz.000778,2023-10-24,2023-09-30,1.235930,0.964832,0.481298,-0.029037,0.498692,1.994780
sz.000825,2018-04-20,2018-03-31,0.592000,0.392012,0.232593,-0.104423,0.604299,2.527158
sz.000825,2018-08-31,2018-06-30,0.596138,0.374211,0.204877,-0.092483,0.599032,2.493963
sz.000825,2018-10-31,2018-09-30,0.738576,0.448425,0.265148,-0.093070,0.577005,2.364092
sz.000825,2019-04-26,2018-12-31,0.761937,0.493338,0.357327,-0.130598,0.570826,2.330055
sz.000825,2019-04-26,2019-03-31,0.727425,0.475928,0.328096,-0.143219,0.547495,2.209920
sz.000825,2019-08-31,2019-06-30,0.763714,0.471134,0.327093,-0.123520,0.545231,2.198917
sz.000825,2019-10-19,2019-09-30,0.743824,0.463285,0.297603,-0.105587,0.533149,2.142009
sz.000825,2020-04-25,2019-12-31,0.815486,0.500579,0.364188,-0.090299,0.536267,2.156415
sz.000825,2020-04-25,2020-03-31,0.918809,0.542654,0.386274,-0.008209,0.535871,2.154571
sz.000825,2020-08-22,2020-06-30,0.893034,0.571881,0.436395,-0.038180,0.528776,2.122132
sz.000825,2020-10-30,2020-09-30,0.786203,0.475235,0.360711,0.007878,0.529333,2.124646
sz.000825,2021-04-24,2020-12-31,0.781924,0.461352,0.345341,-0.065462,0.510334,2.042208
sz.000825,2021-04-24,2021-03-31,0.875455,0.555821,0.425669,-0.010515,0.510920,2.044655
sz.000825,2021-08-21,2021-06-30,0.913000,0.594418,0.442572,-0.018659,0.487140,1.949850
sz.000825,2021-10-30,2021-09-30,0.889930,0.535116,0.380033,-0.120542,0.450519,1.819899
sz.000825,2022-04-23,2021-12-31,0.743025,0.396374,0.322956,-0.080200,0.474259,1.902076
sz.000825,2022-04-23,2022-03-31,0.789948,0.434064,0.328922,-0.093545,0.476382,1.909790
sz.000825,2022-08-20,2022-06-30,0.813158,0.425032,0.341689,-0.076542,0.468275,1.880671
sz.000825,2022-10-27,2022-09-30,0.860416,0.523542,0.445680,0.161696,0.507391,2.030008
sz.000825,2023-04-22,2022-12-31,0.928415,0.546870,0.432540,0.107667,0.487396,1.950822
sz.000825,2023-04-22,2023-03-31,0.931983,0.484220,0.347166,0.122388,0.506061,2.024540
sz.000825,2023-08-25,2023-06-30,0.966002,0.560472,0.457514,0.059372,0.486912,1.948983
sz.000825,2023-10-31,2023-09-30,0.914016,0.477751,0.361863,-0.125735,0.472237,1.894790
sz.000898,2018-04-19,2018-03-31,0.933846,0.537898,0.064809,-0.153218,0.435857,1.772599
sz.000898,2018-08-28,2018-06-30,0.978690,0.613159,0.117261,-0.006824,0.438081,1.779617
sz.000898,2018-10-30,2018-09-30,0.818118,0.441261,0.065523,0.010073,0.441224,1.789627
sz.000898,2019-03-19,2018-12-31,0.821694,0.420894,0.065777,-0.110524,0.417211,1.715887
sz.000898,2019-04-30,2019-03-31,0.840111,0.403000,0.094696,-0.064987,0.415136,1.709801
sz.000898,2019-08-31,2019-06-30,0.819086,0.376294,0.055890,-0.086642,0.415074,1.709617
sz.000898,2019-10-30,2019-09-30,0.840848,0.399104,0.122538,-0.084619,0.413647,1.705456
sz.000898,2020-03-28,2019-12-31,0.800654,0.466889,0.159197,-0.061210,0.401558,1.671006
sz.000898,2020-04-29,2020-03-31,0.866444,0.458811,0.095224,-0.006258,0.413769,1.705812
sz.000898,2020-08-29,2020-06-30,0.851998,0.503571,0.257566,0.004854,0.414823,1.708883
sz.000898,2020-10-24,2020-09-30,0.861789,0.485763,0.204720,-0.061079,0.394632,1.651888
sz.000898,2021-03-31,2020-12-31,0.830843,0.447549,0.192369,-0.030403,0.388297,1.634780
sz.000898,2021-04-30,2021-03-31,0.940692,0.436670,0.140131,-0.090897,0.379670,1.612044
sz.000898,2021-08-28,2021-06-30,1.066381,0.586204,0.283121,-0.115279,0.361113,1.565223
sz.000898,2021-10-30,2021-09-30,1.113715,0.602879,0.212955,-0.090758,0.342827,1.521669
sz.000898,2022-03-31,2021-12-31,1.061309,0.440393,0.175974,0.092021,0.382811,1.620249
sz.000898,2022-04-28,2022-03-31,1.027019,0.509185,0.188177,0.164657,0.390668,1.641142
sz.000898,2022-08-27,2022-06-30,0.885819,0.454388,0.135437,0.091416,0.373871,1.597116
sz.000898,2022-10-29,2022-09-30,0.843924,0.477771,0.182632,0.135606,0.379458,1.611495
sz.000898,2023-03-31,2022-12-31,0.808541,0.433064,0.140870,0.019324,0.393439,1.648639
sz.000898,2023-04-28,2023-03-31,0.844595,0.465398,0.171640,0.040166,0.411886,1.700351
sz.000898,2023-08-31,2023-06-30,0.818855,0.404971,0.109862,0.063139,0.399524,1.665345
sz.000898,2023-10-31,2023-09-30,0.789561,0.404221,0.117313,0.109983,0.412929,1.703370
sz.000932,2018-04-28,2018-03-31,0.689683,0.526746,0.097309,-0.034580,0.783850,4.626418
sz.000932,2018-08-25,2018-06-30,0.710131,0.556764,0.134775,-0.096461,0.747187,3.955497
sz.000932,2018-10-31,2018-09-30,0.754144,0.582305,0.135123,-0.124744,0.710770,3.457461
sz.000932,2019-03-28,2018-12-31,0.804184,0.609180,0.258245,-0.199404,0.651213,2.867080
sz.000932,2019-04-29,2019-03-31,0.811189,0.643813,0.210920,-0.223779,0.625100,2.667379
sz.000932,2019-08-17,2019-06-30,0.801471,0.632290,0.166607,-0.190166,0.604006,2.525290
sz.000932,2019-10-31,2019-09-30,0.772099,0.577214,0.144024,-0.046369,0.599581,2.497382
sz.000932,2020-03-19,2019-12-31,0.691522,0.512100,0.141158,-0.033144,0.607759,2.549454
sz.000932,2020-04-29,2020-03-31,0.732810,0.523120,0.129084,0.130941,0.608046,2.551318
sz.000932,2020-08-27,2020-06-30,0.727341,0.531836,0.075582,0.144396,0.600663,2.504153
sz.000932,2020-10-31,2020-09-30,0.760585,0.553596,0.079458,0.033054,0.586440,2.418026
sz.000932,2021-03-31,2020-12-31,0.859562,0.624753,0.166969,0.036002,0.575430,2.355323
sz.000932,2021-04-29,2021-03-31,0.912404,0.688337,0.088300,0.136249,0.595022,2.469269
sz.000932,2021-08-28,2021-06-30,0.930474,0.694428,0.155231,0.174613,0.573727,2.345915
sz.000932,2021-10-26,2021-09-30,0.943921,0.710772,0.150546,0.134234,0.544667,2.196194
sz.000932,2022-04-30,2021-12-31,0.933105,0.721166,0.188104,0.066919,0.522798,2.095550
sz.000932,2022-04-30,2022-03-31,0.984249,0.767032,0.152098,-0.045374,0.517397,2.072098
sz.000932,2022-08-25,2022-06-30,1.040165,0.772802,0.170475,-0.017630,0.525056,2.105510
sz.000932,2022-10-29,2022-09-30,1.090841,0.878058,0.190393,-0.019000,0.506482,2.026268
sz.000932,2023-03-24,2022-12-31,1.166747,0.921487,0.252360,0.114674,0.518820,2.078223
sz.000932,2023-04-29,2023-03-31,1.260999,1.009329,0.163436,0.209529,0.533132,2.141934
sz.000932,2023-08-24,2023-06-30,1.250706,1.020640,0.150753,0.165315,0.532047,2.136966
sz.000932,2023-10-31,2023-09-30,1.285034,1.015124,0.143662,0.183498,0.517935,2.074407
sz.000959,2018-04-13,2018-03-31,0.356224,0.262509,0.074998,0.029673,0.725187,3.638839
sz.000959,2018-08-17,2018-06-30,0.382972,0.295813,0.107508,0.024418,0.729833,3.701417
sz.000959,2018-10-18,2018-09-30,0.365713,0.278264,0.143856,0.030593,0.729423,3.695812
sz.000959,2019-04-26,2018-12-31,0.317600,0.242438,0.070070,0.011183,0.730785,3.714499
sz.000959,2019-04-26,2019-03-31,0.281807,0.198865,0.053067,-0.024426,0.721396,3.589323
sz.000959,2019-07-25,2019-06-30,0.331083,0.245189,0.047969,0.004576,0.721086,3.585338
sz.000959,2019-10-29,2019-09-30,0.373019,0.268532,0.106610,0.025239,0.721010,3.584353
sz.000959,2020-04-24,2019-12-31,0.316521,0.226078,0.061344,0.029759,0.719185,3.561065
sz.000959,2020-04-24,2020-03-31,0.378263,0.273499,0.091404,0.062412,0.719522,3.565340
sz.000959,2020-08-29,2020-06-30,0.417535,0.289175,0.084746,0.076666,0.746557,3.945662
sz.000959,2020-10-22,2020-09-30,0.473568,0.342420,0.125327,0.093423,0.746061,3.937953
sz.000959,2021-04-29,2020-12-31,0.389201,0.251969,0.081467,-0.010962,0.731025,3.717817
sz.000959,2021-04-29,2021-03-31,0.405427,0.267238,0.083648,0.042979,0.726163,3.651814
sz.000959,2021-08-20,2021-06-30,0.474647,0.334128,0.105459,0.001241,0.711850,3.470417
sz.000959,2021-10-30,2021-09-30,0.530126,0.392596,0.156582,-0.012334,0.702541,3.361804
sz.000959,2022-04-29,2021-12-31,0.468196,0.316722,0.130910,-0.071074,0.665948,2.993543
sz.000959,2022-04-29,2022-03-31,0.502278,0.345717,0.102414,-0.085565,0.659229,2.934522
sz.000959,2022-08-24,2022-06-30,0.509554,0.335595,0.103504,-0.117626,0.650807,2.863746
sz.000959,2022-10-28,2022-09-30,0.506240,0.355408,0.119007,-0.133798,0.652360,2.876537
sz.000959,2023-04-21,2022-12-31,0.452048,0.296402,0.123245,-0.073124,0.650270,2.859347
sz.000959,2023-04-21,2023-03-31,0.484159,0.316039,0.082985,-0.073495,0.634173,2.733530
sz.000959,2023-08-12,2023-06-30,0.488269,0.319943,0.103316,-0.073771,0.627240,2.682690
sz.000959,2023-10-27,2023-09-30,0.522260,0.333111,0.112193,-0.089163,0.615570,2.601252
sz.002075,2018-04-24,2018-03-31,1.667559,1.127198,0.076214,0.016513,0.350000,1.538461
sz.002075,2018-08-08,2018-06-30,1.672542,1.255855,0.083926,0.112826,0.357626,1.556726
sz.002075,2018-10-18,2018-09-30,1.980828,1.466502,0.105772,-0.065343,0.304965,1.438777
sz.002075,2019-03-05,2018-12-31,1.850469,1.404197,0.086802,0.138063,0.346380,1.529940
sz.002075,2019-04-24,2019-03-31,1.863783,1.465261,0.109236,0.076263,0.333723,1.500877
sz.002075,2019-08-16,2019-06-30,1.635688,1.197864,0.061935,0.167148,0.376077,1.602761
sz.002075,2019-10-24,2019-09-30,1.736228,1.353925,0.042783,0.277374,0.358346,1.558472
sz.002075,2020-03-31,2019-12-31,1.768265,1.347244,0.051606,0.001716,0.347229,1.531931
sz.002075,2020-04-25,2020-03-31,1.722139,1.276924,0.036009,0.144850,0.352973,1.545530
sz.002075,2020-08-22,2020-06-30,1.547088,1.159790,0.049062,0.082462,0.384984,1.625975
sz.002075,2020-10-26,2020-09-30,1.611823,1.268574,0.060135,0.133331,0.374581,1.598929
sz.002075,2021-03-25,2020-12-31,1.623952,1.277881,0.034285,0.281594,0.388451,1.635192
sz.002075,2021-04-27,2021-03-31,1.686617,1.286677,0.073171,0.260101,0.383781,1.622799
sz.002075,2021-08-10,2021-06-30,1.666121,1.222230,0.086816,0.165481,0.386762,1.630687
sz.002075,2021-10-23,2021-09-30,1.604798,1.215318,1.052301,0.329206,0.400982,1.669399
sz.002075,2022-04-09,2021-12-31,1.503814,1.122023,0.983035,0.125353,0.374521,1.598775
sz.002075,2022-04-27,2022-03-31,1.542421,1.177378,0.968981,0.097250,0.367497,1.581021
sz.002075,2022-08-20,2022-06-30,1.452817,1.073406,0.951707,0.143042,0.383096,1.620997
sz.002075,2022-10-26,2022-09-30,1.448399,1.119615,0.964087,0.057012,0.390590,1.640932
sz.002075,2023-04-24,2022-12-31,1.346681,1.039056,0.931233,0.225621,0.419148,1.721609
sz.002075,2023-04-24,2023-03-31,1.383321,1.083297,0.971961,0.171739,0.407842,1.688738
sz.002075,2023-08-24,2023-06-30,1.292124,1.054183,0.964946,0.220497,0.434015,1.766830
sz.002075,2023-10-28,2023-09-30,1.239723,1.033580,0.951479,0.488755,0.491046,1.964812
sz.002110,2018-04-28,2018-03-31,2.027942,1.662147,0.718939,-0.056724,0.311119,1.451629
sz.002110,2018-08-30,2018-06-30,1.566469,1.277085,0.535825,0.695936,0.357125,1.555513
sz.002110,2018-10-26,2018-09-30,1.682583,1.393907,0.722131,0.568246,0.353538,1.546882
sz.002110,2019-03-30,2018-12-31,1.773807,1.503759,0.682796,0.213430,0.347514,1.532600
sz.002110,2019-04-27,2019-03-31,1.860856,1.537132,0.868391,0.628559,0.312567,1.454687
sz.002110,2019-08-28,2019-06-30,1.558551,1.200056,0.583692,0.106866,0.350361,1.539316
sz.002110,2019-10-23,2019-09-30,1.585009,1.236706,0.555983,0.045636,0.353002,1.545599
sz.002110,2020-04-16,2019-12-31,1.614883,1.268774,0.595010,0.119064,0.368627,1.583850
sz.002110,2020-04-25,2020-03-31,1.563915,1.265604,0.495573,0.324967,0.376913,1.604913
sz.002110,2020-08-28,2020-06-30,0.960565,0.793912,0.283681,1.245899,0.522302,2.093374
sz.002110,2020-10-24,2020-09-30,0.935679,0.725492,0.352606,1.113994,0.509992,2.040781
sz.002110,2021-04-23,2020-12-31,0.923343,0.745914,0.446989,0.491740,0.527130,2.114744
sz.002110,2021-04-29,2021-03-31,1.007225,0.794625,0.299544,0.958532,0.516745,2.069302
sz.002110,2021-08-18,2021-06-30,1.019549,0.789235,0.383326,0.242314,0.541027,2.178778
sz.002110,2021-10-28,2021-09-30,1.013740,0.806983,0.391338,0.291382,0.540601,2.176757
sz.002110,2022-04-27,2021-12-31,0.988688,0.835665,0.440605,-0.006422,0.493259,1.973396
sz.002110,2022-04-28,2022-03-31,1.010714,0.823442,0.422888,-0.039819,0.479440,1.921009
sz.002110,2022-08-19,2022-06-30,0.883564,0.698690,0.324255,0.061102,0.559462,2.269951
sz.002110,2022-10-28,2022-09-30,0.833868,0.705730,0.379053,0.100213,0.579184,2.376338
sz.002110,2023-04-28,2022-12-31,0.836949,0.707980,0.299462,0.098650,0.537835,2.163730
sz.002110,2023-04-28,2023-03-31,0.831271,0.700159,0.308312,0.259070,0.564282,2.295062
sz.002110,2023-08-25,2023-06-30,0.811523,0.704047,0.353352,0.072592,0.584166,2.404808
sz.002110,2023-10-27,2023-09-30,0.765789,0.660532,0.348757,-0.003221,0.586421,2.417915
sz.002318,2018-04-24,2018-03-31,3.152313,1.989392,0.625376,0.773103,0.389938,1.639177
sz.002318,2018-08-14,2018-06-30,3.114235,2.000215,0.627562,0.642224,0.392995,1.647433
sz.002318,2018-10-23,2018-09-30,3.744359,2.429096,0.733204,0.525803,0.369725,1.586609
sz.002318,2019-03-19,2018-12-31,3.689784,2.466422,0.901517,-0.034752,0.365129,1.575123
sz.002318,2019-04-29,2019-03-31,4.227511,2.792410,1.116062,-0.085912,0.346152,1.529407
sz.002318,2019-08-27,2019-06-30,2.897604,1.817723,0.578742,0.099722,0.395403,1.653993
sz.002318,2019-10-30,2019-09-30,3.059236,1.982658,0.585366,0.176899,0.382838,1.620319
sz.002318,2020-03-31,2019-12-31,2.427479,1.595854,0.426839,0.276357,0.403954,1.677723
sz.002318,2020-04-24,2020-03-31,2.399782,1.481299,0.360009,0.357016,0.398612,1.662820
sz.002318,2020-08-25,2020-06-30,2.047058,1.286572,0.388684,0.305261,0.439224,1.783242
sz.002318,2020-10-27,2020-09-30,2.207069,1.407275,0.506967,0.295015,0.417798,1.717618
sz.002318,2021-04-27,2020-12-31,2.377947,1.521214,0.768785,-0.225863,0.274146,1.377688
sz.002318,2021-04-27,2021-03-31,2.519276,1.530559,0.563537,-0.299034,0.254052,1.340575
sz.002318,2021-08-03,2021-06-30,2.198521,1.371364,0.679433,-0.314152,0.283736,1.396133
sz.002318,2021-10-30,2021-09-30,2.029875,1.264953,0.633402,-0.219487,0.298878,1.426286
sz.002318,2022-04-26,2021-12-31,1.819104,1.169172,0.578668,0.373432,0.327984,1.488060
sz.002318,2022-04-26,2022-03-31,1.816955,1.119970,0.525649,0.562949,0.326539,1.484867
sz.002318,2022-08-09,2022-06-30,1.679325,1.048734,0.472983,0.525657,0.351815,1.542770
sz.002318,2022-10-24,2022-09-30,1.793951,1.132336,0.619154,0.462092,0.346298,1.529749
sz.002318,2023-03-21,2022-12-31,1.860430,1.176651,0.677999,0.340373,0.348685,1.535355
sz.002318,2023-04-25,2023-03-31,1.919160,1.176073,0.602196,0.300456,0.339949,1.515035
sz.002318,2023-08-29,2023-06-30,1.897727,1.174169,0.590687,0.328494,0.365699,1.576538
sz.002318,2023-10-31,2023-09-30,1.800757,1.171711,0.662477,0.373577,0.378956,1.610192
sz.002443,2018-04-21,2018-03-31,2.167427,1.236314,0.221750,-0.088086,0.332817,1.498839
sz.002443,2018-08-22,2018-06-30,2.411845,1.377851,0.298121,-0.102563,0.319114,1.468674
sz.002443,2018-10-25,2018-09-30,2.015349,1.239142,0.219925,0.356722,0.389088,1.636897
sz.002443,2019-04-25,2018-12-31,2.146142,1.396182,0.393150,0.349200,0.358145,1.557985
sz.002443,2019-04-25,2019-03-31,2.484595,1.548071,0.285968,-0.010831,0.312921,1.455438
sz.002443,2019-08-20,2019-06-30,2.555113,1.645449,0.361883,0.060931,0.315044,1.459948
sz.002443,2019-10-24,2019-09-30,2.911275,1.869095,0.393639,-0.318238,0.289171,1.406808
sz.002443,2020-04-25,2019-12-31,2.826399,1.886302,0.358475,-0.175171,0.299120,1.426777
sz.002443,2020-04-25,2020-03-31,3.043195,1.880209,0.384723,-0.077672,0.280583,1.390014
sz.002443,2020-08-20,2020-06-30,3.121930,2.075431,0.354182,-0.088455,0.273085,1.375677
sz.002443,2020-10-23,2020-09-30,3.687443,2.293007,0.549592,-0.103040,0.236277,1.309375
sz.002443,2021-04-23,2020-12-31,3.540817,2.512819,0.471411,-0.109211,0.244602,1.323806
sz.002443,2021-04-23,2021-03-31,3.777357,2.347367,0.550868,-0.080010,0.232547,1.303011
sz.002443,2021-08-21,2021-06-30,2.607482,1.638729,0.298666,0.398244,0.325577,1.482748
sz.002443,2021-10-23,2021-09-30,2.584626,1.569695,0.223981,0.725347,0.331282,1.495399
sz.002443,2022-04-23,2021-12-31,3.312054,2.161592,0.629988,0.187574,0.264531,1.359677
sz.002443,2022-04-23,2022-03-31,3.408707,2.129131,0.394701,0.222816,0.259375,1.350211
sz.002443,2022-08-20,2022-06-30,2.556337,1.616080,0.274850,0.102240,0.337424,1.509260
sz.002443,2022-10-22,2022-09-30,2.957840,1.807402,0.452944,-0.139828,0.294917,1.418273
sz.002443,2023-04-22,2022-12-31,2.867058,1.922048,0.677489,0.217759,0.301947,1.432557
sz.002443,2023-04-22,2023-03-31,3.093182,1.969307,0.579155,0.149079,0.283381,1.395442
sz.002443,2023-08-18,2023-06-30,3.754805,2.379705,0.695213,-0.339192,0.239205,1.314415
sz.002443,2023-10-24,2023-09-30,3.885678,2.574727,0.796630,-0.203510,0.233284,1.304264
sz.002478,2018-04-25,2018-03-31,1.879951,1.407873,0.678089,0.744583,0.292003,1.412435
sz.002478,2018-08-24,2018-06-30,1.776503,1.384460,0.710683,0.874109,0.326195,1.484110
sz.002478,2018-10-26,2018-09-30,1.699432,1.329787,0.622174,0.986995,0.352202,1.543691
sz.002478,2019-04-26,2018-12-31,1.848860,1.383742,0.745509,0.149355,0.307522,1.444090
sz.002478,2019-04-26,2019-03-31,1.923959,1.486391,0.651368,0.131625,0.293969,1.416368
sz.002478,2019-08-29,2019-06-30,1.890362,1.480475,0.700561,-0.001658,0.299979,1.428529
sz.002478,2019-10-23,2019-09-30,1.888466,1.416302,0.731199,-0.103138,0.301243,1.431113
sz.002478,2020-04-29,2019-12-31,2.032641,1.490212,0.915114,-0.056385,0.272314,1.374219
sz.002478,2020-04-29,2020-03-31,1.856397,1.303129,0.725710,0.021214,0.287807,1.404114
sz.002478,2020-08-27,2020-06-30,1.827899,1.329664,0.813922,0.016774,0.298293,1.425095
sz.002478,2020-10-28,2020-09-30,1.696764,1.269242,0.802704,0.075528,0.318269,1.466853
sz.002478,2021-03-09,2020-12-31,1.737866,1.289415,0.852088,0.182774,0.320039,1.470674
sz.002478,2021-04-28,2021-03-31,1.585306,1.132733,0.730012,0.288057,0.349493,1.537263
sz.002478,2021-08-20,2021-06-30,2.087675,1.502848,0.747990,0.091796,0.342737,1.521462
sz.002478,2021-10-28,2021-09-30,2.097573,1.493938,0.755640,-0.026720,0.335460,1.504801
sz.002478,2022-03-18,2021-12-31,1.868964,1.279647,0.548588,0.172347,0.370736,1.589159
sz.002478,2022-04-22,2022-03-31,1.872817,1.234238,0.585858,0.057187,0.373984,1.597404
sz.002478,2022-08-18,2022-06-30,1.797457,1.227936,0.494326,0.299434,0.396696,1.657538
sz.002478,2022-10-21,2022-09-30,1.803669,1.292366,0.619225,0.430828,0.404980,1.680615
sz.002478,2023-03-22,2022-12-31,1.931669,1.359944,0.664485,0.004674,0.353950,1.547868
sz.002478,2023-04-25,2023-03-31,1.903856,1.413249,0.733557,0.074677,0.367831,1.581856
sz.002478,2023-08-25,2023-06-30,1.956424,1.422736,0.835852,-0.038687,0.362303,1.568144
sz.002478,2023-10-26,2023-09-30,2.115517,1.551935,0.860008,-0.176394,0.331242,1.495309
sz.002756,2018-04-25,2018-03-31,3.827602,3.159968,1.025605,0.426855,0.179332,1.218519
sz.002756,2018-08-21,2018-06-30,2.864063,2.419858,0.609528,0.869978,0.226840,1.293394
sz.002756,2018-10-24,2018-09-30,3.583026,2.994496,0.753474,0.414649,0.186291,1.228941
sz.002756,2019-04-16,2018-12-31,3.010867,2.503925,0.570459,0.579853,0.214012,1.272284
sz.002756,2019-04-16,2019-03-31,3.230360,2.557393,0.724949,0.149518,0.198506,1.247670
sz.002756,2019-08-27,2019-06-30,3.565387,3.045536,1.099281,-0.057839,0.212367,1.269627
sz.002756,2019-10-30,2019-09-30,3.048971,2.539896,1.059127,0.469697,0.247685,1.329230
sz.002756,2020-03-20,2019-12-31,2.782740,2.205562,0.839890,0.167076,0.238880,1.313853
sz.002756,2020-04-25,2020-03-31,2.832203,2.200610,0.958107,0.280099,0.239778,1.315405
sz.002756,2020-08-25,2020-06-30,4.055239,3.242154,1.749596,0.483605,0.270060,1.369976
sz.002756,2020-10-31,2020-09-30,3.357169,2.807378,1.505060,0.384154,0.297192,1.422864
sz.002756,2021-04-27,2020-12-31,2.663837,2.166160,1.266032,0.168109,0.236390,1.309569
sz.002756,2021-04-27,2021-03-31,3.092111,2.446056,1.435691,0.063868,0.212395,1.269671
sz.002756,2021-08-03,2021-06-30,3.174991,2.489815,1.540875,-0.153228,0.201272,1.251991
sz.002756,2021-10-28,2021-09-30,3.145053,2.575404,1.672160,-0.224020,0.203266,1.255123
sz.002756,2022-04-26,2021-12-31,3.145038,2.492860,1.648228,-0.012033,0.196592,1.244698
sz.002756,2022-04-26,2022-03-31,3.378539,2.657498,1.723910,0.251452,0.199894,1.249834
sz.002756,2022-08-09,2022-06-30,4.078004,3.563486,2.460963,0.360679,0.175331,1.212608
sz.002756,2022-10-28,2022-09-30,4.005438,3.726700,2.832086,1.082857,0.195271,1.242655
sz.002756,2023-03-21,2022-12-31,4.345336,3.979119,3.335801,1.276749,0.184839,1.226752
sz.002756,2023-04-25,2023-03-31,4.708191,4.416103,3.803786,0.895644,0.173279,1.209598
sz.002756,2023-08-29,2023-06-30,5.400779,5.032598,4.502664,0.404036,0.147959,1.173652
sz.002756,2023-10-31,2023-09-30,5.227730,4.788636,4.292255,-0.050508,0.154997,1.183428
sz.300881,2019-12-06,2019-06-30,1.512980,1.133963,0.283677,,0.572589,2.339671
sz.300881,2020-10-24,2019-09-30,,,,,,
sz.300881,2020-06-30,2019-12-31,1.422494,1.143863,0.329442,0.145335,0.602168,2.513624
sz.300881,2021-04-27,2020-03-31,1.542626,1.542626,,,0.545623,2.200813
sz.300881,2020-08-14,2020-06-30,1.521289,1.213546,0.244468,0.122331,0.560075,2.273117
sz.300881,2020-10-24,2020-09-30,2.176409,1.854309,0.676976,,0.410967,1.697698
sz.300881,2021-04-27,2020-12-31,2.454252,2.068901,0.630699,-0.262164,0.360831,1.564532
sz.300881,2021-04-27,2021-03-31,2.200051,1.734337,0.406834,0.074434,0.398101,1.661409
sz.300881,2021-08-28,2021-06-30,2.044514,1.566779,0.783106,0.094270,0.424764,1.738416
sz.300881,2021-10-29,2021-09-30,2.016008,1.595975,0.750494,0.112896,0.425787,1.741513
sz.300881,2022-04-15,2021-12-31,1.754464,1.464674,0.568325,0.748609,0.483789,1.937191
sz.300881,2022-04-26,2022-03-31,1.726218,1.407333,0.482703,0.530284,0.489498,1.958856
sz.300881,2022-08-02,2022-06-30,1.714838,1.360705,0.469352,0.367576,0.486351,1.946855
sz.300881,2022-10-17,2022-09-30,1.721726,1.343586,0.459518,0.328517,0.478142,1.916229
sz.300881,2023-04-18,2022-12-31,1.687786,1.316514,0.462118,0.040668,0.474280,1.902153
sz.300881,2023-04-18,2023-03-31,1.688690,1.268722,0.464266,0.000187,0.468638,1.881957
sz.300881,2023-08-11,2023-06-30,1.554017,1.124474,0.448395,0.216943,0.517234,2.071396
sz.300881,2023-10-25,2023-09-30,1.326256,1.014445,0.299967,0.563621,0.570822,2.330033
