code,pubDate,statDate,CAToAsset,NCAToAsset,tangibleAssetToAsset,ebitToInterest,CFOToOR,CFOToNP,CFOToGr
sh.600010,2018-04-27,2018-03-31,0.284305,0.715695,0.320541,2.216484,0.103068,2.105863,0.103068
sh.600010,2018-08-29,2018-06-30,0.291748,0.708252,0.324292,2.433557,0.059693,1.333477,0.059693
sh.600010,2018-10-31,2018-09-30,0.297168,0.702832,0.330423,2.629834,0.102032,2.131594,0.102032
sh.600010,2019-04-19,2018-12-31,0.301355,0.698645,0.331945,3.125569,0.106400,2.147057,0.106400
sh.600010,2019-04-30,2019-03-31,0.280232,0.719768,0.346782,1.955660,0.012714,0.351106,0.012714
sh.600010,2019-08-28,2019-06-30,0.288420,0.711580,0.348757,2.515628,-0.005919,-0.172014,-0.005919
sh.600010,2019-10-30,2019-09-30,0.306001,0.693999,0.340318,1.899302,-0.020176,-0.792750,-0.020176
sh.600010,2020-04-30,2019-12-31,0.280917,0.719083,0.332924,1.905469,-0.006102,-0.432662,-0.006102
sh.600010,2020-04-30,2020-03-31,0.262182,0.737818,0.341281,0.671994,-0.099539,,-0.099539
sh.600010,2020-08-31,2020-06-30,0.251140,0.748860,0.348250,1.447393,0.024433,3.514875,0.024433
sh.600010,2020-10-30,2020-09-30,0.266461,0.733539,0.342067,1.160187,0.048837,5.881630,0.048837
sh.600010,2021-04-30,2020-12-31,0.271376,0.728624,0.339362,1.462407,0.065358,5.854225,0.065358
sh.600010,2021-04-30,2021-03-31,0.300512,0.699488,0.333741,2.658088,0.075233,1.519602,0.075233
sh.600010,2021-08-27,2021-06-30,0.311878,0.688122,0.339596,5.105821,0.113692,1.430492,0.113692
sh.600010,2021-10-30,2021-09-30,0.307669,0.692331,0.348599,3.640108,0.131060,1.967535,0.131060
sh.600010,2022-04-15,2021-12-31,0.281233,0.718767,0.349013,3.221502,0.127338,3.464627,0.127338
sh.600010,2022-04-28,2022-03-31,0.289166,0.710834,0.347148,1.537841,0.047018,3.935480,0.047018
sh.600010,2022-08-26,2022-06-30,0.298974,0.701026,0.337983,1.484362,0.041261,7.722607,0.041261
sh.600010,2022-10-28,2022-09-30,0.273082,0.726918,0.339320,0.216682,0.021884,,0.021884
sh.600010,2023-04-22,2022-12-31,0.260913,0.739087,0.332876,0.357057,0.028638,,0.028638
sh.600010,2023-04-28,2023-03-31,0.266382,0.733618,0.331138,1.413728,0.017888,5.144797,0.017888
sh.600010,2023-08-25,2023-06-30,0.289306,0.710694,0.318977,1.451839,-0.029520,-15.841768,-0.029520
sh.600010,2023-10-27,2023-09-30,0.280179,0.719821,0.321714,1.150808,-0.020784,-27.117069,-0.020784
sh.600019,2018-04-28,2018-03-31,0.388960,0.611040,0.430268,29.694430,0.053236,0.648840,0.053163
sh.600019,2018-08-28,2018-06-30,0.388635,0.611365,0.420656,10.083986,0.131077,1.785998,0.130911
sh.600019,2018-10-30,2018-09-30,0.383347,0.616653,0.439891,6.835245,0.163110,2.138988,0.162893
sh.600019,2019-04-25,2018-12-31,0.358323,0.641677,0.476320,10.800655,0.149636,1.959179,0.149428
sh.600019,2019-04-25,2019-03-31,0.376129,0.623871,0.475628,7.624665,0.020727,0.459838,0.020695
sh.600019,2019-08-23,2019-06-30,0.378801,0.621199,0.454431,8.482589,0.066990,1.409176,0.066890
sh.600019,2019-10-26,2019-09-30,0.383305,0.616695,0.457206,7.241071,0.090349,2.037156,0.090210
sh.600019,2020-04-29,2019-12-31,0.384428,0.615572,0.473796,7.800262,0.101182,2.190520,0.101022
sh.600019,2020-04-29,2020-03-31,0.401024,0.598976,0.468565,6.188585,0.060751,2.063068,0.060616
sh.600019,2020-08-28,2020-06-30,0.423090,0.576910,0.450569,8.314523,0.084164,2.431058,0.083910
sh.600019,2020-10-30,2020-09-30,0.428482,0.571518,0.457931,11.080061,0.085333,1.954407,0.085092
sh.600019,2021-04-27,2020-12-31,0.411010,0.588991,0.468111,10.779954,0.099002,2.008110,0.098736
sh.600019,2021-04-27,2021-03-31,0.420636,0.579364,0.462235,19.836319,0.167807,2.320291,0.167380
sh.600019,2021-08-28,2021-06-30,0.429813,0.570187,0.456005,26.431780,0.152070,1.680367,0.151691
sh.600019,2021-10-30,2021-09-30,0.451760,0.548240,0.427708,25.038973,0.106050,1.224438,0.105773
sh.600019,2022-04-29,2021-12-31,0.392629,0.607371,0.454713,18.368510,0.164317,2.263044,0.163871
sh.600019,2022-04-29,2022-03-31,0.423864,0.576136,0.446506,13.044843,0.103498,2.039908,0.103161
sh.600019,2022-08-31,2022-06-30,0.457286,0.542714,0.430169,15.337044,0.079223,1.611065,0.078964
sh.600019,2022-10-26,2022-09-30,0.427546,0.572454,0.444399,12.445817,0.085752,2.171662,0.085461
sh.600019,2023-04-28,2022-12-31,0.439144,0.560856,0.441650,11.922983,0.121592,3.187628,0.121171
sh.600019,2023-04-28,2023-03-31,0.440422,0.559578,0.452703,10.612659,-0.067724,-2.440348,-0.067480
sh.600019,2023-08-31,2023-06-30,0.406725,0.593275,0.475240,12.747020,0.036725,1.192717,0.036646
sh.600019,2023-10-25,2023-09-30,0.413658,0.586342,0.478315,19.023059,0.051979,1.370950,0.051904
sh.600022,2018-04-27,2018-03-31,0.350049,0.649951,0.244183,6.874182,-0.010586,-0.198650,-0.010586
sh.600022,2018-08-17,2018-06-30,0.357764,0.642236,0.231290,10.449303,0.046074,0.662819,0.046074
sh.600022,2018-10-30,2018-09-30,0.373157,0.626843,0.234379,8.912005,0.061926,0.965845,0.061926
sh.600022,2019-03-29,2018-12-31,0.372889,0.627111,0.211367,5.928951,0.071091,1.699507,0.071091
sh.600022,2019-04-26,2019-03-31,0.338027,0.661973,0.219093,1.907716,-0.069071,-5.949610,-0.069071
sh.600022,2019-08-23,2019-06-30,0.330347,0.669653,0.215483,3.581605,-0.006149,-0.269714,-0.006149
sh.600022,2019-10-30,2019-09-30,0.324175,0.675825,0.214469,2.503333,0.038014,2.712563,0.038014
sh.600022,2020-03-20,2019-12-31,0.280086,0.719914,0.224999,2.236728,0.063504,4.984804,0.063504
sh.600022,2020-04-29,2020-03-31,0.296589,0.703411,0.218426,2.010204,-0.034589,-4.276369,-0.034589
sh.600022,2020-08-28,2020-06-30,0.285658,0.714342,0.225737,3.404270,0.073116,4.520678,0.073116
sh.600022,2020-10-30,2020-09-30,0.280796,0.719204,0.232082,3.371394,0.065959,3.651149,0.065959
sh.600022,2021-03-31,2020-12-31,0.263776,0.736224,0.232429,3.908997,0.067091,3.708569,0.067091
sh.600022,2021-04-29,2021-03-31,0.303927,0.696073,0.226035,6.439580,0.143811,3.954478,0.143811
sh.600022,2021-08-27,2021-06-30,0.320643,0.679357,0.234569,14.367611,0.116384,2.135844,0.116384
sh.600022,2021-10-29,2021-09-30,0.313615,0.686385,0.243746,10.587916,0.064694,1.283376,0.064694
sh.600022,2022-03-23,2021-12-31,0.276954,0.723046,0.226968,8.925857,0.076355,2.857898,0.076355
sh.600022,2022-04-29,2022-03-31,0.279200,0.720800,0.230264,10.107761,0.042313,1.144930,0.042313
sh.600022,2022-08-31,2022-06-30,0.271908,0.728092,0.234084,14.196616,0.098086,2.946586,0.098086
sh.600022,2022-10-29,2022-09-30,0.235263,0.764737,0.235431,5.076244,0.057832,4.589057,0.057832
sh.600022,2023-03-31,2022-12-31,0.234378,0.765622,0.237231,4.618116,0.053367,3.851189,0.053367
sh.600022,2023-04-28,2023-03-31,0.234188,0.765812,0.231919,-1.921255,-0.071895,,-0.071895
sh.600022,2023-08-31,2023-06-30,0.231484,0.768516,0.212287,0.858666,-0.007260,,-0.007260
sh.600022,2023-10-28,2023-09-30,0.219461,0.780539,0.214570,0.781335,-0.002574,,-0.002574
sh.600117,2018-04-28,2018-03-31,0.281624,0.718376,0.093490,1.098563,-0.150252,-18.558318,-0.150252
sh.600117,2018-08-30,2018-06-30,0.274612,0.725388,0.093986,1.038061,0.006062,2.471799,0.006062
sh.600117,2018-10-31,2018-09-30,0.294842,0.705158,0.068918,-0.033751,-0.066724,,-0.066724
sh.600117,2019-04-29,2018-12-31,0.296521,0.703479,0.011868,-1.944837,-0.034775,,-0.034775
sh.600117,2019-04-30,2019-03-31,0.375667,0.624333,0.013150,1.028630,-0.006192,-1.055070,-0.006192
sh.600117,2019-08-21,2019-06-30,0.381499,0.618501,0.014974,1.167121,0.072129,7.763626,0.072129
sh.600117,2019-10-29,2019-09-30,0.332042,0.667958,0.017433,1.136927,0.058799,7.160021,0.058799
sh.600117,2020-04-29,2019-12-31,0.336083,0.663917,0.021488,1.381387,0.039267,2.710105,0.039267
sh.600117,2020-04-30,2020-03-31,0.348013,0.651987,0.016347,0.348317,-0.127759,,-0.127759
sh.600117,2020-08-18,2020-06-30,0.357578,0.642422,0.022123,7.161584,0.040875,3.458588,0.040875
sh.600117,2020-10-27,2020-09-30,0.357891,0.642109,0.021716,1.146095,0.089630,8.812696,0.089630
sh.600117,2021-04-28,2020-12-31,0.333770,0.666230,0.026753,2.434180,0.091315,8.497359,0.091315
sh.600117,2021-04-30,2021-03-31,0.333007,0.666993,0.024242,0.893121,0.019225,428.214883,0.019225
sh.600117,2021-08-20,2021-06-30,0.322976,0.677024,0.023722,1.429382,0.091577,25.303280,0.091577
sh.600117,2021-10-29,2021-09-30,0.310027,0.689973,0.018476,0.644605,0.080250,,0.080250
sh.600117,2022-04-30,2021-12-31,0.407523,0.592477,-0.031891,-3.874160,0.114994,,0.114994
sh.600117,2022-04-30,2022-03-31,0.348815,0.651185,-0.046600,-1.205829,0.023500,,0.023500
sh.600117,2022-08-31,2022-06-30,0.408224,0.591776,-0.053978,-1.399506,0.038528,,0.038528
sh.600117,2022-10-29,2022-09-30,0.390637,0.609363,-0.072710,-1.586214,0.051668,,0.051668
sh.600117,2023-04-29,2022-12-31,0.378588,0.621412,-0.099690,-2.119525,0.050321,,0.050321
sh.600117,2023-04-29,2023-03-31,0.384115,0.615885,-0.114411,-1.756276,0.040708,,0.040708
sh.600117,2023-08-31,2023-06-30,0.372027,0.627973,-0.175281,-4.127693,0.031198,,0.031198
sh.600117,2023-10-28,2023-09-30,0.346320,0.653680,-0.190982,-4.215345,0.029858,,0.029858
sh.600126,2018-04-28,2018-03-31,0.405532,0.594468,0.529359,,-0.057311,-0.741696,-0.057311
sh.600126,2018-08-25,2018-06-30,0.432241,0.567759,0.533183,,0.154012,1.743822,0.154012
sh.600126,2018-10-30,2018-09-30,0.465933,0.534067,0.516088,,0.171616,2.092245,0.171616
sh.600126,2019-04-12,2018-12-31,0.434108,0.565892,0.553093,,0.092159,1.245469,0.092159
sh.600126,2019-04-23,2019-03-31,0.457355,0.542645,0.553868,,0.144432,2.123458,0.144432
sh.600126,2019-08-17,2019-06-30,0.467621,0.532379,0.555633,,0.120905,2.074487,0.120905
sh.600126,2019-10-30,2019-09-30,0.464635,0.535365,0.556328,,0.065661,1.518692,0.065661
sh.600126,2020-04-08,2019-12-31,0.432277,0.567723,0.557194,,0.046652,1.337363,0.046652
sh.600126,2020-04-25,2020-03-31,0.465952,0.534048,0.535033,,0.136347,5.742252,0.136347
sh.600126,2020-08-15,2020-06-30,0.477257,0.522743,0.523607,,0.139690,4.569396,0.139690
sh.600126,2020-10-24,2020-09-30,0.516509,0.483491,0.496507,,0.140191,4.109077,0.140191
sh.600126,2021-04-10,2020-12-31,0.561107,0.438893,0.631730,,0.070201,1.982655,0.070201
sh.600126,2021-04-24,2021-03-31,0.632291,0.367709,0.544227,,-0.006138,-0.178367,-0.006138
sh.600126,2021-08-21,2021-06-30,0.584388,0.415612,0.584270,,0.052885,1.364699,0.052885
sh.600126,2021-10-23,2021-09-30,0.571886,0.428114,0.611013,,0.046517,1.115528,0.046517
sh.600126,2022-04-09,2021-12-31,0.525588,0.474412,0.620687,,0.047377,1.443644,0.047377
sh.600126,2022-04-23,2022-03-31,0.561298,0.438702,0.595626,,0.106761,3.226093,0.106761
sh.600126,2022-08-20,2022-06-30,0.560674,0.439326,0.575175,,0.097059,4.838616,0.097059
sh.600126,2022-10-29,2022-09-30,0.580158,0.419842,0.548355,,0.087955,6.436802,0.087955
sh.600126,2023-04-15,2022-12-31,0.502730,0.497270,0.623729,,-0.005960,-0.537868,-0.005960
sh.600126,2023-04-29,2023-03-31,0.569221,0.430779,0.544416,,-0.023216,-8.979165,-0.023216
sh.600126,2023-08-26,2023-06-30,0.558141,0.441859,0.545147,,-0.000343,-0.159981,-0.000343
sh.600126,2023-10-28,2023-09-30,0.569351,0.430649,0.535862,,-0.001184,-0.540881,-0.001184
sh.600231,2018-04-21,2018-03-31,0.351350,0.648650,0.399825,12.630168,-0.098993,-1.724873,-0.098993
sh.600231,2018-08-11,2018-06-30,0.354960,0.645040,0.423910,16.447899,0.056339,0.758766,0.056339
sh.600231,2018-10-10,2018-09-30,0.378732,0.621268,0.445219,15.186137,0.107071,1.325168,0.107071
sh.600231,2019-03-02,2018-12-31,0.407733,0.592267,0.428724,13.832815,0.083321,1.445778,0.083321
sh.600231,2019-04-30,2019-03-31,0.398680,0.601320,0.444214,4.804327,0.009990,0.750476,0.009990
sh.600231,2019-08-24,2019-06-30,0.444872,0.555128,0.424631,11.514190,0.095236,2.664486,0.095236
sh.600231,2019-10-31,2019-09-30,0.378184,0.621816,0.482964,11.483164,0.081613,3.116962,0.081613
sh.600231,2020-04-30,2019-12-31,0.425478,0.574522,0.450274,26.546099,0.054764,2.703904,0.054764
sh.600231,2020-04-30,2020-03-31,0.424259,0.575741,0.453417,3.539866,0.108875,104.670388,0.108875
sh.600231,2020-08-19,2020-06-30,0.431628,0.568372,0.448788,,0.178068,10.835671,0.178068
sh.600231,2020-10-31,2020-09-30,0.431989,0.568011,0.458683,,0.116694,4.063373,0.116694
sh.600231,2021-04-30,2020-12-31,0.417116,0.582884,0.480880,,0.083462,3.035528,0.083462
sh.600231,2021-04-30,2021-03-31,0.439357,0.560643,0.479620,,-0.059926,-1.455081,-0.059926
sh.600231,2021-08-31,2021-06-30,0.483124,0.516876,0.480568,,-0.014351,-0.236172,-0.014351
sh.600231,2021-10-30,2021-09-30,0.502434,0.497566,0.466700,,0.054340,0.997051,0.054340
sh.600231,2022-03-02,2021-12-31,0.461245,0.538755,0.489409,,0.024667,0.702268,0.024667
sh.600231,2022-04-29,2022-03-31,0.458824,0.541176,0.497799,,-0.006717,-0.319448,-0.006717
sh.600231,2022-08-31,2022-06-30,0.470565,0.529435,0.469322,,0.043373,4.261322,0.043373
sh.600231,2022-10-29,2022-09-30,0.460959,0.539041,0.435995,,0.035624,,0.035624
sh.600231,2023-04-29,2022-12-31,0.379017,0.620983,0.434918,,-0.036429,,-0.036429
sh.600231,2023-04-29,2023-03-31,0.412991,0.587009,0.403727,85.179853,0.007850,0.944137,0.007850
sh.600231,2023-08-31,2023-06-30,0.391527,0.608473,0.398178,,0.114490,,0.114490
sh.600231,2023-10-28,2023-09-30,0.334371,0.665629,0.424460,-138.522643,0.040783,,0.040783
sh.600282,2018-04-18,2018-03-31,0.419219,0.580781,0.267366,12.801685,0.032886,0.274660,0.032886
sh.600282,2018-08-18,2018-06-30,0.433159,0.566841,0.296864,16.705525,0.075249,0.588690,0.075249
sh.600282,2018-10-30,2018-09-30,0.451916,0.548084,0.315335,15.623095,0.129238,1.069224,0.129238
sh.600282,2019-03-23,2018-12-31,0.394641,0.605359,0.339538,17.549876,0.113146,1.041676,0.113146
sh.600282,2019-04-30,2019-03-31,0.424658,0.575342,0.341007,12.734884,0.137454,1.665314,0.137454
sh.600282,2019-08-27,2019-06-30,0.411309,0.588691,0.342954,20.588506,0.054105,0.604628,0.054105
sh.600282,2019-10-30,2019-09-30,0.431689,0.568311,0.337435,15.174789,0.058126,0.752063,0.058126
sh.600282,2020-03-25,2019-12-31,0.414608,0.585392,0.351894,17.670538,0.090649,1.292327,0.090649
sh.600282,2020-04-30,2020-03-31,0.453618,0.546382,0.325736,31.472440,0.010143,0.198009,0.010143
sh.600282,2020-08-26,2020-06-30,0.431467,0.568533,0.325427,11.892763,0.068377,1.133339,0.068377
sh.600282,2020-10-30,2020-09-30,0.450139,0.549861,0.447362,16.571471,0.046122,0.752891,0.046122
sh.600282,2021-03-27,2020-12-31,0.457988,0.542012,0.461477,18.733812,0.048285,0.804707,0.048285
sh.600282,2021-04-30,2021-03-31,0.483555,0.516445,0.451348,51.455907,0.032020,0.554471,0.032020
sh.600282,2021-08-18,2021-06-30,0.445680,0.554320,0.442213,20.283355,0.065101,1.109578,0.065101
sh.600282,2021-10-30,2021-09-30,0.448816,0.551184,0.429348,19.387864,0.061237,1.040632,0.061237
sh.600282,2022-03-23,2021-12-31,0.437846,0.562154,0.430389,30.640609,0.059734,1.103811,0.059734
sh.600282,2022-04-29,2022-03-31,0.420304,0.579696,0.423411,13.210006,0.026174,0.633025,0.026174
sh.600282,2022-08-24,2022-06-30,0.431730,0.568270,0.324264,10.847305,0.054068,1.201169,0.054068
sh.600282,2022-10-29,2022-09-30,0.394783,0.605217,0.259935,8.323071,0.047037,1.133680,0.047037
sh.600282,2023-03-29,2022-12-31,0.411806,0.588194,0.252828,9.178200,0.053102,1.615003,0.053102
sh.600282,2023-04-28,2023-03-31,0.412707,0.587293,0.245945,4.340441,0.019089,0.792064,0.019089
sh.600282,2023-08-26,2023-06-30,0.419373,0.580627,0.228766,6.765109,0.043644,1.465574,0.043644
sh.600282,2023-10-28,2023-09-30,0.423642,0.576358,0.237007,5.830531,0.042103,1.303778,0.042103
sh.600307,2018-04-27,2018-03-31,0.301160,0.698840,0.164780,1.591438,0.037859,3.064181,0.037859
sh.600307,2018-08-17,2018-06-30,0.289696,0.710304,0.183619,2.464228,0.056241,2.189060,0.056241
sh.600307,2018-10-30,2018-09-30,0.273493,0.726507,0.201215,2.477899,0.082750,2.771663,0.082750
sh.600307,2019-04-26,2018-12-31,0.301884,0.698116,0.191455,2.350721,0.078673,3.252491,0.078673
sh.600307,2019-04-26,2019-03-31,0.301609,0.698391,0.194246,1.201064,0.104094,32.686590,0.104094
sh.600307,2019-08-28,2019-06-30,0.268007,0.731993,0.224468,2.931345,0.056367,1.665831,0.056367
sh.600307,2019-10-25,2019-09-30,0.263485,0.736515,0.240471,3.098515,0.079723,2.264252,0.079723
sh.600307,2020-04-30,2019-12-31,0.301817,0.698183,0.226760,2.830197,0.067079,2.520960,0.067079
sh.600307,2020-04-30,2020-03-31,0.273485,0.726515,0.228509,-0.842496,-0.037185,,-0.037185
sh.600307,2020-08-20,2020-06-30,0.275417,0.724583,0.234508,0.685666,0.056089,,0.056089
sh.600307,2020-10-30,2020-09-30,0.332412,0.667588,0.227124,1.846473,0.078323,5.792755,0.078323
sh.600307,2021-04-30,2020-12-31,0.336126,0.663874,0.230361,1.788839,0.030209,2.155155,0.030209
sh.600307,2021-04-30,2021-03-31,0.358091,0.641909,0.236769,3.981763,0.018390,0.405291,0.018390
sh.600307,2021-08-13,2021-06-30,0.326268,0.673732,0.285923,7.799018,0.127107,1.716995,0.127107
sh.600307,2021-10-28,2021-09-30,0.305257,0.694743,0.307529,6.879835,0.138895,2.259693,0.138895
sh.600307,2022-04-20,2021-12-31,0.339562,0.660438,0.264313,4.041142,0.078669,2.573476,0.078669
sh.600307,2022-04-20,2022-03-31,0.345180,0.654820,0.263074,1.274029,0.074226,75.017436,0.074226
sh.600307,2022-08-30,2022-06-30,0.320571,0.679429,0.266418,1.031840,0.071171,,0.071171
sh.600307,2022-10-29,2022-09-30,0.275879,0.724121,0.240892,-3.040779,0.046136,,0.046136
sh.600307,2023-04-29,2022-12-31,0.265788,0.734212,0.201996,-5.135813,0.034596,,0.034596
sh.600307,2023-04-29,2023-03-31,0.273155,0.726845,0.182064,1.602986,-0.041090,-13.933501,-0.041090
sh.600307,2023-08-31,2023-06-30,0.248139,0.751861,0.168065,-0.694171,-0.019165,,-0.019165
sh.600307,2023-10-28,2023-09-30,0.227863,0.772137,0.168364,0.018947,0.009913,,0.009913
sh.600399,2018-06-26,2018-03-31,0.518210,0.481790,-0.219852,0.727517,-0.086220,,-0.086220
sh.600399,2018-08-31,2018-06-30,0.479101,0.520899,-0.241860,0.632749,0.000635,,0.000635
sh.600399,2018-10-22,2018-09-30,0.483447,0.516553,-0.211427,0.564867,0.030637,,0.030637
sh.600399,2019-03-29,2018-12-31,0.455450,0.544550,0.419350,9.879176,-0.021234,-0.047625,-0.021234
sh.600399,2019-04-30,2019-03-31,0.474198,0.525802,0.414306,4.288577,-0.028284,-0.886808,-0.028284
sh.600399,2019-07-31,2019-06-30,0.485478,0.514522,0.416210,5.111711,0.055823,1.370977,0.055823
sh.600399,2019-10-26,2019-09-30,0.493655,0.506345,0.417009,4.694296,0.149116,3.753656,0.149116
sh.600399,2020-03-31,2019-12-31,0.499462,0.500538,0.429308,5.875185,0.182898,3.476628,0.182898
sh.600399,2020-04-30,2020-03-31,0.507568,0.492432,0.435149,5.511052,-0.028916,-0.519876,-0.028916
sh.600399,2020-08-20,2020-06-30,0.511946,0.488054,0.449019,6.122122,-0.019256,-0.326373,-0.019256
sh.600399,2020-10-31,2020-09-30,0.527075,0.472925,0.463537,8.087015,0.002280,0.026580,0.002280
sh.600399,2021-03-31,2020-12-31,0.541371,0.458629,0.460139,7.938420,0.098780,1.123241,0.098780
sh.600399,2021-04-30,2021-03-31,0.560779,0.439221,0.462211,10.916085,-0.230602,-2.406141,-0.230602
sh.600399,2021-08-20,2021-06-30,0.553870,0.446130,0.477854,11.904663,-0.039362,-0.344041,-0.039362
sh.600399,2021-10-30,2021-09-30,0.556481,0.443519,0.489935,11.669775,0.006575,0.053442,0.006575
sh.600399,2022-03-31,2021-12-31,0.555515,0.444485,0.498833,11.059058,0.045879,0.434225,0.045879
sh.600399,2022-04-30,2022-03-31,0.550387,0.449613,0.492157,6.612151,0.039289,0.838156,0.039289
sh.600399,2022-08-20,2022-06-30,0.555314,0.444686,0.484923,12.205686,0.073806,1.536454,0.073806
sh.600399,2022-10-29,2022-09-30,0.554745,0.445255,0.483650,13.957374,0.061967,1.188952,0.061967
sh.600399,2023-04-20,2022-12-31,0.550329,0.449671,0.451407,12.545408,0.005647,0.224578,0.005647
sh.600399,2023-04-20,2023-03-31,0.542549,0.457451,0.455978,12.301763,-0.342032,-11.407581,-0.342032
sh.600399,2023-08-19,2023-06-30,0.538779,0.461221,0.451497,15.156262,0.015890,0.426822,0.015890
sh.600399,2023-10-31,2023-09-30,0.507671,0.492329,0.458220,16.301143,-0.033618,-0.747099,-0.033618
sh.600507,2018-04-21,2018-03-31,0.644797,0.355203,0.157683,,0.061305,0.421831,0.061305
sh.600507,2018-08-18,2018-06-30,0.621143,0.378857,0.243455,,0.114111,0.716139,0.114111
sh.600507,2018-10-25,2018-09-30,0.622154,0.377846,0.333850,,0.227040,1.250465,0.227040
sh.600507,2019-02-22,2018-12-31,0.522681,0.477319,0.518949,,0.206695,1.218597,0.206695
sh.600507,2019-04-25,2019-03-31,0.630836,0.369164,0.252377,,-0.273125,-2.241785,-0.273125
sh.600507,2019-08-16,2019-06-30,0.679274,0.320726,0.287666,,0.071641,0.551830,0.071641
sh.600507,2019-10-30,2019-09-30,0.650836,0.349164,0.339562,,0.091901,0.783973,0.091901
sh.600507,2020-02-28,2019-12-31,0.652768,0.347232,0.405414,,0.112727,1.011579,0.112727
sh.600507,2020-04-25,2020-03-31,0.688932,0.311068,0.372619,,0.174824,2.074800,0.174824
sh.600507,2020-08-28,2020-06-30,0.717651,0.282349,0.418043,,0.301942,2.695608,0.301942
sh.600507,2020-10-28,2020-09-30,0.710085,0.289915,0.479483,,0.296744,2.315359,0.296744
sh.600507,2021-03-17,2020-12-31,0.688891,0.311109,0.574906,,0.225274,1.732875,0.225274
sh.600507,2021-04-17,2021-03-31,0.723634,0.276366,0.548872,,-0.031767,-0.231540,-0.031767
sh.600507,2021-08-28,2021-06-30,0.784823,0.215177,0.355179,,0.233045,1.537112,0.233045
sh.600507,2021-10-30,2021-09-30,0.797086,0.202914,0.373325,,0.215011,1.580798,0.215011
sh.600507,2022-03-19,2021-12-31,0.792941,0.207059,0.415316,,0.099338,0.780427,0.099338
sh.600507,2022-04-29,2022-03-31,0.675780,0.324220,0.353522,,0.574356,5.604629,0.574356
sh.600507,2022-08-27,2022-06-30,0.639834,0.360166,0.295597,,0.161129,2.333888,0.161129
sh.600507,2022-10-29,2022-09-30,0.648265,0.351735,0.296222,,0.119523,2.023297,0.119523
sh.600507,2023-03-18,2022-12-31,0.523585,0.476415,0.421791,,0.156512,4.057298,0.156512
sh.600507,2023-04-28,2023-03-31,0.555428,0.444572,0.392683,,-0.122786,-4.841844,-0.122786
sh.600507,2023-08-30,2023-06-30,0.612565,0.387435,0.344156,,0.119287,5.688909,0.119287
sh.600507,2023-10-28,2023-09-30,0.620942,0.379058,0.349970,,0.115636,3.922152,0.115636
sh.600569,2018-04-21,2018-03-31,0.424003,0.575997,0.147007,1.628419,0.117187,5.696679,0.117187
sh.600569,2018-08-03,2018-06-30,0.452098,0.547902,0.166937,3.407772,0.186054,2.870244,0.186054
sh.600569,2018-10-26,2018-09-30,0.457578,0.542422,0.183443,3.431494,0.142337,2.314376,0.142337
sh.600569,2019-03-21,2018-12-31,0.454226,0.545774,0.190823,3.295077,0.140148,2.499163,0.140148
sh.600569,2019-04-30,2019-03-31,0.480751,0.519249,0.185662,1.280530,0.134250,14.999338,0.134250
sh.600569,2019-08-29,2019-06-30,0.507007,0.492993,0.218970,2.062076,0.024860,1.522948,0.024860
sh.600569,2019-10-30,2019-09-30,0.537002,0.462998,0.212177,1.943756,0.016619,1.056764,0.016619
sh.600569,2020-04-25,2019-12-31,0.524022,0.475978,0.211527,1.584008,0.027098,3.396818,0.027098
sh.600569,2020-04-25,2020-03-31,0.536267,0.463733,0.197522,-1.671291,0.095406,,0.095406
sh.600569,2020-08-29,2020-06-30,0.535377,0.464623,0.183394,-0.458912,0.053290,,0.053290
sh.600569,2020-10-30,2020-09-30,0.538886,0.461114,0.190806,0.997512,0.019081,35.961491,0.019081
sh.600569,2021-04-30,2020-12-31,0.530711,0.469289,0.190107,1.384367,0.053732,7.491201,0.053732
sh.600569,2021-04-30,2021-03-31,0.533754,0.466246,0.185136,2.291212,0.141006,6.900504,0.141006
sh.600569,2021-08-26,2021-06-30,0.519276,0.480724,0.196314,4.707704,0.039715,1.218085,0.039715
sh.600569,2021-10-30,2021-09-30,0.527469,0.472531,0.185257,3.641990,0.077108,2.813133,0.077108
sh.600569,2022-04-26,2021-12-31,0.495549,0.504451,0.181607,2.885020,0.081546,4.105733,0.081546
sh.600569,2022-04-26,2022-03-31,0.509391,0.490609,0.160016,-4.934879,0.089181,,0.089181
sh.600569,2022-08-30,2022-06-30,0.496972,0.503028,0.151969,-4.416840,0.044052,,0.044052
sh.600569,2022-10-29,2022-09-30,0.476469,0.523531,0.130916,-4.776197,0.030584,,0.030584
sh.600569,2023-04-28,2022-12-31,0.455363,0.544637,0.116950,-5.296635,-0.004423,,-0.004423
sh.600569,2023-04-28,2023-03-31,0.458654,0.541346,0.105210,-2.587195,0.141268,,0.141268
sh.600569,2023-08-31,2023-06-30,0.472241,0.527759,0.089943,-3.572872,0.104085,,0.104085
sh.600569,2023-10-28,2023-09-30,0.457910,0.542090,0.088252,-2.308727,0.030203,,0.030203
sh.600581,2018-04-28,2018-03-31,0.211549,0.788451,0.175587,2.547792,-0.099678,-2.356346,-0.099678
sh.600581,2018-08-24,2018-06-30,0.230963,0.769037,0.176549,2.006859,0.096397,3.672473,0.096397
sh.600581,2018-10-26,2018-09-30,0.269802,0.730198,0.191844,3.146552,0.119362,3.178241,0.119362
sh.600581,2019-03-26,2018-12-31,0.251015,0.748985,0.204950,4.174355,0.048350,1.387679,0.048350
sh.600581,2019-04-26,2019-03-31,0.233215,0.766785,0.201992,-1.414330,-0.052620,,-0.052620
sh.600581,2019-08-23,2019-06-30,0.249768,0.750232,0.215602,2.020630,-0.038560,-2.975855,-0.038560
sh.600581,2019-10-26,2019-09-30,0.257824,0.742176,0.220227,1.995509,-0.009571,-0.617134,-0.009571
sh.600581,2020-04-28,2019-12-31,0.271164,0.728836,0.209243,1.745513,0.023484,4.355489,0.023484
sh.600581,2020-04-28,2020-03-31,0.287211,0.712789,0.196526,-1.615783,-0.039749,,-0.039749
sh.600581,2020-08-28,2020-06-30,0.312604,0.687396,0.202221,1.641957,0.069275,9.814876,0.069275
sh.600581,2020-10-29,2020-09-30,0.354248,0.645752,0.201831,2.206043,0.046713,2.419297,0.046713
sh.600581,2021-04-13,2020-12-31,0.374103,0.625897,0.197532,2.718791,0.103699,7.122410,0.103699
sh.600581,2021-04-24,2021-03-31,0.353038,0.646962,0.186819,2.959391,-0.128866,-4.143733,-0.128866
sh.600581,2021-08-28,2021-06-30,0.384625,0.615375,0.220224,12.936963,-0.024369,-0.280463,-0.024369
sh.600581,2021-10-30,2021-09-30,0.410003,0.589997,0.242654,10.144225,0.032120,0.343175,0.032120
sh.600581,2022-04-12,2021-12-31,0.299915,0.700085,0.097153,6.131900,0.007111,0.179799,0.007111
sh.600581,2022-04-29,2022-03-31,0.314141,0.685859,0.085483,-1.198685,-0.087711,,-0.087711
sh.600581,2022-08-27,2022-06-30,0.308533,0.691467,0.089461,0.607734,0.011993,,0.011993
sh.600581,2022-10-29,2022-09-30,0.296707,0.703293,0.076293,-0.543997,0.052998,,0.052998
sh.600581,2023-04-18,2022-12-31,0.250742,0.749258,0.040866,-2.412718,0.028399,,0.028399
sh.600581,2023-04-29,2023-03-31,0.279598,0.720402,0.012641,-1.925800,-0.155347,,-0.155347
sh.600581,2023-08-26,2023-06-30,0.258102,0.741898,0.003501,-3.323250,0.036982,,0.036982
sh.600581,2023-10-28,2023-09-30,0.249014,0.750986,0.004673,-0.783473,0.023648,,0.023648
sh.600782,2018-04-27,2018-03-31,0.627592,0.372408,0.401747,48.688928,0.088430,1.266966,0.088430
sh.600782,2018-08-21,2018-06-30,0.624938,0.375062,0.427490,43.599771,0.085410,0.993968,0.085410
sh.600782,2018-10-30,2018-09-30,0.667049,0.332951,0.429660,69.094392,0.122793,1.266667,0.122793
sh.600782,2019-04-23,2018-12-31,0.695886,0.304114,0.433845,41.520715,0.052093,0.501823,0.052093
sh.600782,2019-04-27,2019-03-31,0.697723,0.302277,0.446223,104.128874,0.026547,0.477400,0.026547
sh.600782,2019-08-20,2019-06-30,0.696728,0.303272,0.456984,235.777261,0.044394,0.633768,0.044394
sh.600782,2019-10-30,2019-09-30,0.710148,0.289852,0.449223,,0.106711,1.659573,0.106711
sh.600782,2020-04-21,2019-12-31,0.574537,0.425463,0.460997,26.946970,0.109364,1.846260,0.109364
sh.600782,2020-04-28,2020-03-31,0.542066,0.457934,0.452739,13.914556,0.126357,3.610292,0.126357
sh.600782,2020-08-22,2020-06-30,0.494227,0.505773,0.446324,34.811548,0.108235,3.109492,0.108235
sh.600782,2020-10-31,2020-09-30,0.529219,0.470781,0.428067,140.609408,0.073709,1.996760,0.073709
sh.600782,2021-04-20,2020-12-31,0.540465,0.459535,0.431941,22.151551,0.049378,1.301995,0.049378
sh.600782,2021-04-28,2021-03-31,0.531998,0.468002,0.437647,44.977615,0.072265,1.833048,0.072265
sh.600782,2021-08-20,2021-06-30,0.536668,0.463332,0.429958,48.401418,0.021722,0.479256,0.021722
sh.600782,2021-10-30,2021-09-30,0.561539,0.438461,0.424605,41.793971,0.023280,0.563178,0.023280
sh.600782,2022-04-26,2021-12-31,0.586976,0.413024,0.441087,36.756351,0.045860,1.076345,0.045860
sh.600782,2022-04-29,2022-03-31,0.562191,0.437809,0.446475,23.800810,0.017001,0.424353,0.017001
sh.600782,2022-08-23,2022-06-30,0.570940,0.429060,0.421788,30.937514,0.014418,0.520258,0.014418
sh.600782,2022-10-29,2022-09-30,0.578862,0.421138,0.437982,6.008978,0.012723,0.614703,0.012723
sh.600782,2023-04-18,2022-12-31,0.529929,0.470071,0.473468,19.267902,0.000789,0.074467,0.000789
sh.600782,2023-04-22,2023-03-31,0.545955,0.454045,0.464005,3.098973,0.016377,4.072895,0.016377
sh.600782,2023-08-26,2023-06-30,0.496270,0.503730,0.487759,,0.005358,0.821249,0.005358
sh.600782,2023-10-28,2023-09-30,0.469242,0.530758,0.486551,,0.013309,1.735240,0.013309
sh.600808,2018-04-20,2018-03-31,0.443254,0.556746,0.323470,8.083370,0.034602,0.388649,0.034602
sh.600808,2018-08-30,2018-06-30,0.476425,0.523575,0.323386,10.157589,0.104345,1.084058,0.104345
sh.600808,2018-10-19,2018-09-30,0.484459,0.515541,0.347785,9.717855,0.126872,1.253236,0.126872
sh.600808,2019-03-22,2018-12-31,0.499600,0.500400,0.338780,10.978481,0.169251,1.965210,0.169251
sh.600808,2019-04-26,2019-03-31,0.498392,0.501608,0.341686,2.797488,-0.129219,-13.587159,-0.129219
sh.600808,2019-08-30,2019-06-30,0.531356,0.468644,0.302910,5.557322,0.080294,2.097098,0.080294
sh.600808,2019-10-31,2019-09-30,0.495275,0.504725,0.326610,4.974772,0.028424,0.868162,0.028424
sh.600808,2020-03-31,2019-12-31,0.538936,0.461064,0.286682,4.241381,0.100507,4.589460,0.100507
sh.600808,2020-04-29,2020-03-31,0.518735,0.481265,0.302418,4.356701,-0.192932,-7.176276,-0.192932
sh.600808,2020-08-27,2020-06-30,0.486822,0.513178,0.309800,4.956121,0.025268,0.947999,0.025268
sh.600808,2020-10-31,2020-09-30,0.474152,0.525848,0.322289,6.325382,0.042134,1.321060,0.042134
sh.600808,2021-03-26,2020-12-31,0.465077,0.534923,0.325880,6.135258,0.033947,1.074685,0.033947
sh.600808,2021-04-29,2021-03-31,0.486084,0.513916,0.319618,8.227642,0.091851,1.336989,0.091851
sh.600808,2021-08-26,2021-06-30,0.514356,0.485644,0.322523,19.326759,0.198380,2.239172,0.198380
sh.600808,2021-10-27,2021-09-30,0.494317,0.505683,0.345171,18.765486,0.128565,1.553423,0.128565
sh.600808,2022-03-24,2021-12-31,0.474289,0.525711,0.338280,12.244848,0.147337,2.798556,0.147337
sh.600808,2022-04-30,2022-03-31,0.462681,0.537319,0.353577,19.909071,0.061603,1.237943,0.061603
sh.600808,2022-08-31,2022-06-30,0.463233,0.536767,0.309552,9.042280,0.059939,2.090985,0.059939
sh.600808,2022-10-29,2022-09-30,0.434407,0.565593,0.308222,2.991201,0.075731,8.876019,0.075731
sh.600808,2023-03-31,2022-12-31,0.405802,0.594198,0.280417,-0.301347,0.065017,,0.065017
sh.600808,2023-04-28,2023-03-31,0.377397,0.622603,0.284512,-5.770050,0.072877,,0.072877
sh.600808,2023-08-31,2023-06-30,0.268937,0.731063,0.298389,-9.599345,0.039004,,0.039004
sh.600808,2023-10-28,2023-09-30,0.272922,0.727078,0.301524,-4.453389,0.024877,,0.024877
sh.601003,2018-04-28,2018-03-31,0.551481,0.448519,0.363371,,0.113827,1.235162,0.113827
sh.601003,2018-08-15,2018-06-30,0.593297,0.406703,0.322976,20.929919,0.006469,0.071590,0.006469
sh.601003,2018-10-25,2018-09-30,0.604300,0.395700,0.367439,11.380897,0.135882,1.438530,0.135882
sh.601003,2019-03-29,2018-12-31,0.610524,0.389476,0.418552,15.550034,0.119355,1.226022,0.119355
sh.601003,2019-04-25,2019-03-31,0.612215,0.387785,0.438771,144.732556,0.136614,3.653252,0.136614
sh.601003,2019-08-15,2019-06-30,0.616714,0.383286,0.412979,33.059318,0.119512,2.161062,0.119512
sh.601003,2019-10-31,2019-09-30,0.667375,0.332625,0.371657,23.574583,0.123282,2.918248,0.123282
sh.601003,2020-04-15,2019-12-31,0.525888,0.474112,0.426644,46.729154,0.100481,2.081675,0.100481
sh.601003,2020-04-22,2020-03-31,0.505436,0.494564,0.441788,5.878183,-0.035910,-2.334016,-0.035910
sh.601003,2020-08-20,2020-06-30,0.487277,0.512723,0.409575,12.717976,0.009163,0.272815,0.009163
sh.601003,2020-10-28,2020-09-30,0.488693,0.511307,0.413017,23.402326,0.045696,1.374486,0.045696
sh.601003,2021-04-28,2020-12-31,0.323138,0.676862,0.168560,21.517130,0.047639,1.477037,0.047639
sh.601003,2021-04-28,2021-03-31,0.378118,0.621882,0.162473,6.555982,0.000632,0.012839,0.000632
sh.601003,2021-08-26,2021-06-30,0.387926,0.612074,0.163609,12.515169,0.019023,0.286324,0.019023
sh.601003,2021-10-28,2021-09-30,0.399625,0.600375,0.163401,8.906715,0.005817,0.105969,0.005817
sh.601003,2022-04-28,2021-12-31,0.381865,0.618135,0.151962,4.908395,0.034963,1.390719,0.034963
sh.601003,2022-04-28,2022-03-31,0.391463,0.608537,0.140837,-2.709433,0.004183,,0.004183
sh.601003,2022-08-25,2022-06-30,0.371286,0.628714,0.132461,-1.617264,0.113681,,0.113681
sh.601003,2022-10-28,2022-09-30,0.359731,0.640269,0.111579,-3.678216,0.114021,,0.114021
sh.601003,2023-04-28,2022-12-31,0.326342,0.673658,0.106701,-3.601267,0.082522,,0.082522
sh.601003,2023-04-28,2023-03-31,0.355892,0.644108,0.105780,2.624904,0.000646,0.041737,0.000646
sh.601003,2023-08-26,2023-06-30,0.333218,0.666782,0.103717,0.242849,0.001174,,0.001174
sh.601003,2023-10-28,2023-09-30,0.323305,0.676695,0.097626,-0.479265,0.001165,,0.001165
sh.601005,2018-04-26,2018-03-31,0.211534,0.788466,0.572328,11.982796,-0.059028,-0.867742,-0.059028
sh.601005,2018-08-17,2018-06-30,0.191037,0.808963,0.615287,,-0.117299,-1.707401,-0.117299
sh.601005,2018-10-30,2018-09-30,0.262541,0.737459,0.593633,9.122008,0.025184,0.296709,0.025184
sh.601005,2019-03-29,2018-12-31,0.278920,0.721080,0.595777,10.838901,0.059110,0.748417,0.059110
sh.601005,2019-04-26,2019-03-31,0.270236,0.729764,0.613991,8.256473,-0.026104,-0.921043,-0.026104
sh.601005,2019-08-12,2019-06-30,0.277762,0.722238,0.628220,9.453006,0.007699,0.143598,0.007699
sh.601005,2019-10-28,2019-09-30,0.288213,0.711787,0.626851,7.458351,-0.052442,-1.259090,-0.052442
sh.601005,2020-03-30,2019-12-31,0.291198,0.708802,0.627803,6.453175,-0.017264,-0.437848,-0.017264
sh.601005,2020-04-30,2020-03-31,0.326267,0.673733,0.594714,1.483898,-0.041147,-51.060388,-0.041147
sh.601005,2020-08-26,2020-06-30,0.328137,0.671863,0.597343,2.387868,0.007558,0.680532,0.007558
sh.601005,2020-10-27,2020-09-30,0.336110,0.663890,0.534671,4.133126,0.027089,1.311221,0.027089
sh.601005,2021-03-20,2020-12-31,0.326620,0.673380,0.423463,4.098018,0.054625,2.095237,0.054625
sh.601005,2021-04-30,2021-03-31,0.340795,0.659205,0.424427,17.254150,-0.103332,-0.943865,-0.103332
sh.601005,2021-08-30,2021-06-30,0.371188,0.628812,0.431239,14.334996,0.068213,0.573365,0.068213
sh.601005,2021-10-30,2021-09-30,0.299736,0.700264,0.474948,10.329984,0.062685,0.691440,0.062685
sh.601005,2022-03-31,2021-12-31,0.310510,0.689490,0.453983,7.061286,0.141067,2.471618,0.141067
sh.601005,2022-04-27,2022-03-31,0.296119,0.703881,0.470887,8.890770,0.031938,0.628697,0.031938
sh.601005,2022-08-31,2022-06-30,0.239553,0.760447,0.503538,6.390102,0.051982,1.813482,0.051982
sh.601005,2022-10-31,2022-09-30,0.232168,0.767832,0.485519,-0.313245,0.042929,,0.042929
sh.601005,2023-03-31,2022-12-31,0.216290,0.783710,0.461612,-3.949161,0.040209,,0.040209
sh.601005,2023-04-28,2023-03-31,0.210882,0.789118,0.463897,-1.262275,-0.098131,,-0.098131
sh.601005,2023-08-31,2023-06-30,0.183505,0.816495,0.466225,-3.100725,0.019744,,0.019744
sh.601005,2023-10-28,2023-09-30,0.225180,0.774821,0.438705,-2.992452,0.016178,,0.016178
sh.601686,2020-03-20,2019-06-30,0.675714,0.324286,0.349943,17.846730,-0.004488,-0.234443,-0.004488
sh.601686,2020-11-16,2019-12-31,0.701008,0.298992,0.372711,24.386527,0.020290,1.011646,0.020290
sh.601686,2021-04-30,2020-03-31,,,,10.931920,-0.159892,-7.634293,-0.159892
sh.601686,2020-11-16,2020-06-30,0.727572,0.272428,0.394200,34.958492,0.009386,0.221826,0.009386
sh.601686,2021-10-30,2020-09-30,0.732032,0.267968,0.451268,30.656715,-0.012924,-0.398678,-0.012924
sh.601686,2021-04-09,2020-12-31,0.743637,0.256363,0.479567,27.430356,0.006558,0.269750,0.006558
sh.601686,2021-04-30,2021-03-31,0.719216,0.280784,0.364526,20.114066,-0.092454,-3.365736,-0.092454
sh.601686,2021-08-25,2021-06-30,0.675154,0.324846,0.369047,20.302710,-0.011262,-0.535542,-0.011262
sh.601686,2021-10-30,2021-09-30,0.666669,0.333331,0.336830,11.983588,-0.042206,-3.680698,-0.042206
sh.601686,2022-04-16,2021-12-31,0.633305,0.366695,0.329262,10.365652,0.012132,1.399120,0.012132
sh.601686,2022-04-30,2022-03-31,0.659786,0.340214,0.282869,5.538017,-0.086643,-9.872395,-0.086643
sh.601686,2022-08-26,2022-06-30,0.702974,0.297026,0.242180,4.321108,-0.040222,-7.948767,-0.040222
sh.601686,2022-10-26,2022-09-30,0.651986,0.348014,0.271311,1.603570,0.001610,8.710675,0.001610
sh.601686,2023-04-20,2022-12-31,0.586996,0.413004,0.321749,3.774441,0.011529,3.553237,0.011529
sh.601686,2023-04-28,2023-03-31,0.623933,0.376067,0.297837,7.531245,-0.059192,-3.916221,-0.059192
sh.601686,2023-08-18,2023-06-30,0.623275,0.376725,0.301579,6.350264,0.009352,0.894785,0.009352
sh.601686,2023-10-25,2023-09-30,0.639879,0.360121,0.289236,5.962135,-0.004136,-0.452071,-0.004136
sh.603878,2018-04-25,2018-03-31,0.778325,0.221675,0.737918,128.508510,0.002934,0.035780,0.002934
sh.603878,2018-08-29,2018-06-30,0.777257,0.222743,0.737803,,-0.009643,-0.099962,-0.009643
sh.603878,2018-10-26,2018-09-30,0.777161,0.222839,0.701350,,0.071931,0.722048,0.071931
sh.603878,2019-04-26,2018-12-31,0.767709,0.232291,0.713790,434.539405,0.027526,0.276472,0.027526
sh.603878,2019-04-26,2019-03-31,0.779712,0.220288,0.684777,60.587825,0.069865,0.525799,0.069865
sh.603878,2019-08-15,2019-06-30,0.767859,0.232141,0.698172,120.843141,0.045414,0.347042,0.045414
sh.603878,2019-10-25,2019-09-30,0.767434,0.232566,0.697619,76.556253,0.035546,0.250913,0.035546
sh.603878,2020-03-31,2019-12-31,0.754977,0.245023,0.723918,71.649232,0.019894,0.146804,0.019894
sh.603878,2020-04-28,2020-03-31,0.758145,0.241855,0.740638,42.051321,0.179310,1.459608,0.179310
sh.603878,2020-08-10,2020-06-30,0.755974,0.244026,0.692888,37.071609,0.163930,1.419403,0.163930
sh.603878,2020-10-23,2020-09-30,0.760881,0.239119,0.677714,41.320664,0.183338,1.704781,0.183338
sh.603878,2021-04-23,2020-12-31,0.750147,0.249853,0.670482,44.985888,0.143233,1.560025,0.143233
sh.603878,2021-04-23,2021-03-31,0.742288,0.257713,0.688046,32.678037,0.305572,3.896898,0.305572
sh.603878,2021-08-25,2021-06-30,0.751403,0.248597,0.629503,213.967581,0.212325,2.860514,0.212325
sh.603878,2021-10-28,2021-09-30,0.733960,0.266040,0.636406,42.630730,0.232112,2.956012,0.232112
sh.603878,2022-04-26,2021-12-31,0.730545,0.269455,0.651699,227.862207,0.181611,2.779729,0.181611
sh.603878,2022-04-26,2022-03-31,0.741110,0.258890,0.637499,9.789341,-0.112088,-1.963988,-0.112088
sh.603878,2022-08-19,2022-06-30,0.735485,0.264515,0.633450,29.395474,-0.121183,-1.864427,-0.121183
sh.603878,2022-10-27,2022-09-30,0.732593,0.267407,0.645594,,-0.043424,-0.618180,-0.043424
sh.603878,2023-04-05,2022-12-31,0.734511,0.265489,0.635794,52.965644,-0.007270,-0.095646,-0.007270
sh.603878,2023-04-25,2023-03-31,0.745811,0.254189,0.635405,53.933118,-0.093527,-1.117734,-0.093527
sh.603878,2023-08-22,2023-06-30,0.747223,0.252777,0.620232,,-0.004002,-0.039754,-0.004002
sh.603878,2023-10-27,2023-09-30,0.758110,0.241890,0.593627,,-0.007447,-0.074219,-0.007447
sh.603995,2018-12-20,2018-06-30,0.396318,0.603682,0.319126,7.554363,0.043119,1.864862,0.043119
sh.603995,2019-11-12,2018-09-30,,,,7.614137,0.057228,2.410904,0.057228
sh.603995,2019-11-12,2018-12-31,0.321549,0.678451,0.415256,13.280449,0.052110,2.104762,0.052110
sh.603995,2020-04-27,2019-03-31,,,,10.377549,0.013626,0.753233,0.013626
sh.603995,2019-11-12,2019-06-30,0.344579,0.655421,0.405629,21.282163,0.019898,0.828487,0.019898
sh.603995,2019-11-12,2019-09-30,0.404784,0.595216,0.385568,19.901103,0.024176,0.988588,0.024176
sh.603995,2020-04-20,2019-12-31,0.536216,0.463784,0.517853,27.968140,0.024549,1.002190,0.024549
sh.603995,2020-04-27,2020-03-31,0.536601,0.463399,0.501191,,-0.025587,-1.238050,-0.025587
sh.603995,2020-08-18,2020-06-30,0.524536,0.475464,0.499825,,0.044324,1.913063,0.044324
sh.603995,2020-10-23,2020-09-30,0.525694,0.474306,0.496967,73.953550,0.007731,0.344671,0.007731
sh.603995,2021-04-15,2020-12-31,0.418363,0.581637,0.454316,78.540302,0.037288,1.550997,0.037288
sh.603995,2021-04-27,2021-03-31,0.426769,0.573231,0.426351,9.442578,-0.019900,-0.944107,-0.019900
sh.603995,2021-08-25,2021-06-30,0.399111,0.600889,0.374970,20.050968,0.041807,1.746537,0.041807
sh.603995,2021-10-19,2021-09-30,0.397261,0.602739,0.359301,20.200240,0.012132,0.519857,0.012132
sh.603995,2022-04-12,2021-12-31,0.449254,0.550746,0.335150,23.655621,0.026332,1.163386,0.026332
sh.603995,2022-04-27,2022-03-31,0.443026,0.556974,0.337585,17.689398,-0.076694,-4.140444,-0.076694
sh.603995,2022-08-18,2022-06-30,0.447247,0.552753,0.318945,13.601895,-0.023452,-1.327780,-0.023452
sh.603995,2022-10-29,2022-09-30,0.441582,0.558418,0.304676,3.955091,-0.015610,-1.101393,-0.015610
sh.603995,2023-04-14,2022-12-31,0.356741,0.643259,0.332626,10.956145,0.015954,1.047078,0.015954
sh.603995,2023-04-28,2023-03-31,0.423297,0.576703,0.381757,10.305497,0.005293,0.333351,0.005293
sh.603995,2023-08-16,2023-06-30,0.422150,0.577850,0.390084,8.225433,0.009120,0.553335,0.009120
sh.603995,2023-10-27,2023-09-30,0.428789,0.571211,0.372168,9.721523,0.006440,0.410477,0.006440
sh.688186,2020-04-28,2020-03-31,0.653154,0.346846,0.528903,5.689636,-0.438527,-4.532700,-0.438527
sh.688186,2020-08-11,2020-06-30,0.655588,0.344412,0.422489,7.871542,-0.420440,-3.801659,-0.420440
sh.688186,2020-10-20,2020-09-30,0.543132,0.456868,0.423565,7.021941,-0.379652,-3.603329,-0.379652
sh.688186,2021-03-20,2020-12-31,0.534570,0.465430,0.369009,6.056135,-0.089931,-0.940207,-0.089931
sh.688186,2021-04-16,2021-03-31,0.505504,0.494496,0.291208,6.409220,-0.174357,-1.621712,-0.174357
sh.688186,2021-08-14,2021-06-30,0.514554,0.485446,0.258112,11.785674,0.009551,0.097518,0.009551
sh.688186,2021-10-29,2021-09-30,0.541583,0.458417,0.370661,5.726117,-0.133180,-1.435957,-0.133180
sh.688186,2022-03-21,2021-12-31,0.498668,0.501332,0.352937,4.464630,-0.254397,-4.129543,-0.254397
sh.688186,2022-04-29,2022-03-31,0.505729,0.494271,0.317355,1.761986,-0.159622,-4.440380,-0.159622
sh.688186,2022-08-26,2022-06-30,0.515575,0.484425,0.296073,2.454494,-0.117266,-2.939310,-0.117266
sh.688186,2022-10-31,2022-09-30,0.507544,0.492456,0.288454,2.166706,-0.090370,-2.479340,-0.090370
sh.688186,2023-04-22,2022-12-31,0.535648,0.464352,0.279754,2.760762,-0.190094,-5.667063,-0.190094
sh.688186,2023-04-22,2023-03-31,0.515390,0.484610,0.284631,4.253389,-0.156553,-1.756406,-0.156553
sh.688186,2023-08-25,2023-06-30,0.522964,0.477036,0.275742,3.516119,-0.108255,-2.348715,-0.108255
sh.688186,2023-10-31,2023-09-30,0.489532,0.510468,0.267606,2.350777,-0.155389,-3.758907,-0.155389
sz.000708,2018-04-21,2018-03-31,0.612706,0.387294,0.595451,14.039931,-0.038009,-1.262702,-0.038009
sz.000708,2018-08-16,2018-06-30,0.643031,0.356969,0.545102,,0.059219,1.425602,0.059219
sz.000708,2018-10-27,2018-09-30,0.642044,0.357956,0.566528,,0.048607,1.201880,0.048607
sz.000708,2019-02-27,2018-12-31,0.677352,0.322648,0.559695,,0.058245,1.435428,0.058245
sz.000708,2019-04-23,2019-03-31,0.662277,0.337723,0.597287,23.394919,-0.022822,-0.803967,-0.022822
sz.000708,2019-08-20,2019-06-30,0.678563,0.321437,0.545150,,0.018802,0.408399,0.018802
sz.000708,2019-10-23,2019-09-30,0.378436,0.621564,0.272022,13.634813,0.109745,1.500024,0.109745
sz.000708,2020-03-06,2019-12-31,0.405786,0.594214,0.262869,14.332245,0.109148,1.470834,0.109148
sz.000708,2020-04-22,2020-03-31,0.436465,0.563535,0.270314,24.069865,-0.025306,-0.337711,-0.025306
sz.000708,2020-08-18,2020-06-30,0.413101,0.586899,0.255966,21.249843,0.062127,0.810172,0.062127
sz.000708,2020-10-17,2020-09-30,0.420240,0.579760,0.267673,25.387400,0.071580,0.905902,0.071580
sz.000708,2021-03-02,2020-12-31,0.410080,0.589920,0.294632,18.236885,0.087941,1.090172,0.087941
sz.000708,2021-04-28,2021-03-31,0.396400,0.603600,0.265614,46.817604,0.031507,0.366103,0.031507
sz.000708,2021-08-17,2021-06-30,0.402440,0.597560,0.281266,22.516745,0.063687,0.746370,0.063687
sz.000708,2021-10-12,2021-09-30,0.428091,0.571909,0.286531,28.451596,0.057372,0.702241,0.057372
sz.000708,2022-03-11,2021-12-31,0.389539,0.610461,0.316210,15.895639,0.132995,1.626108,0.132995
sz.000708,2022-04-23,2022-03-31,0.446325,0.553675,0.316363,21.536595,0.040288,0.507439,0.040288
sz.000708,2022-08-16,2022-06-30,0.424811,0.575189,0.299575,15.202441,0.060519,0.828976,0.060519
sz.000708,2022-10-26,2022-09-30,0.422951,0.577049,0.320143,22.151480,0.101577,1.380872,0.101577
sz.000708,2023-03-18,2022-12-31,0.414750,0.585250,0.335988,24.794573,0.136605,1.889697,0.136605
sz.000708,2023-04-22,2023-03-31,0.454181,0.545819,0.235571,11.675776,-0.041913,-0.779403,-0.041913
sz.000708,2023-08-19,2023-06-30,0.425256,0.574744,0.232422,8.832576,0.085479,1.605448,0.085479
sz.000708,2023-10-28,2023-09-30,0.442113,0.557887,0.238427,10.134481,0.062797,1.205946,0.062797
sz.000709,2018-04-20,2018-03-31,0.283267,0.716733,0.236527,1.497229,0.168965,9.864691,0.168965
sz.000709,2018-08-30,2018-06-30,0.299037,0.700963,0.247606,2.620972,0.077228,1.989619,0.077228
sz.000709,2018-10-26,2018-09-30,0.327041,0.672959,0.269123,2.456539,0.074892,1.722502,0.074892
sz.000709,2019-04-26,2018-12-31,0.316492,0.683508,0.267392,2.868319,0.082547,2.278944,0.082547
sz.000709,2019-04-26,2019-03-31,0.311472,0.688528,0.269651,1.569586,0.175635,11.716716,0.175635
sz.000709,2019-08-27,2019-06-30,0.319624,0.680376,0.259917,1.897158,0.065333,2.926251,0.065333
sz.000709,2019-10-30,2019-09-30,0.313385,0.686615,0.263335,1.842372,0.055342,2.531842,0.055342
sz.000709,2020-04-23,2019-12-31,0.320100,0.679900,0.264626,2.136313,0.080724,3.413558,0.080724
sz.000709,2020-04-23,2020-03-31,0.322978,0.677022,0.264762,1.073694,0.215038,21.675228,0.215038
sz.000709,2020-08-26,2020-06-30,0.306929,0.693071,0.271733,1.535137,0.059505,3.890529,0.059505
sz.000709,2020-10-30,2020-09-30,0.296520,0.703480,0.250144,1.353499,0.057083,3.160331,0.057083
sz.000709,2021-04-23,2020-12-31,0.286233,0.713767,0.233898,1.615933,0.071387,3.786965,0.071387
sz.000709,2021-04-23,2021-03-31,0.287655,0.712345,0.234208,1.240455,0.094942,6.400830,0.094942
sz.000709,2021-08-20,2021-06-30,0.288723,0.711277,0.220222,1.780640,0.113484,5.219582,0.113484
sz.000709,2021-10-23,2021-09-30,0.256234,0.743766,0.211797,1.647157,0.185685,8.647668,0.185685
sz.000709,2022-04-22,2021-12-31,0.299702,0.700298,0.199448,1.756462,0.098257,4.901957,0.098257
sz.000709,2022-04-22,2022-03-31,0.318064,0.681936,0.196162,1.135310,0.092812,7.905949,0.092812
sz.000709,2022-08-26,2022-06-30,0.302199,0.697801,0.199822,1.552089,0.070081,4.666746,0.070081
sz.000709,2022-10-26,2022-09-30,0.303867,0.696133,0.198713,1.112859,0.106895,9.034720,0.106895
sz.000709,2023-04-28,2022-12-31,0.283282,0.716718,0.188101,1.367562,0.064369,5.845508,0.064369
sz.000709,2023-04-28,2023-03-31,0.287096,0.712904,0.188205,1.103357,0.097426,10.412431,0.097426
sz.000709,2023-08-31,2023-06-30,0.285056,0.714944,0.193297,1.301631,0.094178,9.780433,0.094178
sz.000709,2023-10-31,2023-09-30,0.294516,0.705484,0.196114,1.031205,0.085515,8.558134,0.085515
sz.000717,2018-04-20,2018-03-31,0.283042,0.716958,0.261907,26.094215,-0.016243,-0.115553,-0.016243
sz.000717,2018-08-28,2018-06-30,0.226427,0.773573,0.302487,16.215512,0.164594,1.135629,0.164594
sz.000717,2018-10-30,2018-09-30,0.298045,0.701955,0.341406,16.651171,0.160314,1.126313,0.160314
sz.000717,2019-03-29,2018-12-31,0.317313,0.682687,0.364839,15.948302,0.153460,1.258359,0.153460
sz.000717,2019-04-30,2019-03-31,0.307823,0.692177,0.396998,18.363099,0.072562,1.190121,0.072562
sz.000717,2019-08-20,2019-06-30,0.302206,0.697794,0.437279,19.432623,0.092068,1.260413,0.092068
sz.000717,2019-10-31,2019-09-30,0.322733,0.677267,0.434020,13.246001,0.085204,1.430662,0.085204
sz.000717,2020-03-31,2019-12-31,0.309446,0.690554,0.451932,16.942032,0.071056,1.135601,0.071056
sz.000717,2020-04-30,2020-03-31,0.318629,0.681371,0.456416,14.656402,-0.005931,-0.100143,-0.005931
sz.000717,2020-08-28,2020-06-30,0.326142,0.673858,0.477128,23.704106,0.085748,1.515410,0.085748
sz.000717,2020-10-30,2020-09-30,0.355787,0.644213,0.452522,31.755255,0.070579,1.309555,0.070579
sz.000717,2021-04-28,2020-12-31,0.285798,0.714202,0.519198,25.658914,0.097119,1.646608,0.097119
sz.000717,2021-04-29,2021-03-31,0.379370,0.620630,0.444209,63.512585,0.215589,4.086449,0.215589
sz.000717,2021-08-26,2021-06-30,0.378692,0.621308,0.456994,,0.116094,1.921607,0.116094
sz.000717,2021-10-29,2021-09-30,0.383940,0.616060,0.464691,,0.109428,2.210697,0.109428
sz.000717,2022-04-28,2021-12-31,0.275591,0.724409,0.516566,,0.074582,1.764857,0.074582
sz.000717,2022-04-29,2022-03-31,0.289767,0.710233,0.489828,32.457363,0.067600,4.348298,0.067600
sz.000717,2022-08-31,2022-06-30,0.314327,0.685673,0.439723,800.833452,0.064294,5.361677,0.064294
sz.000717,2022-10-27,2022-09-30,0.246061,0.753939,0.443369,-15.507473,0.050884,,0.050884
sz.000717,2023-04-28,2022-12-31,0.226199,0.773801,0.427602,-58.512380,0.025681,,0.025681
sz.000717,2023-04-29,2023-03-31,0.270780,0.729220,0.398835,2.680307,0.118866,180.958617,0.118866
sz.000717,2023-08-23,2023-06-30,0.237260,0.762740,0.397675,1.335565,0.094023,586.682196,0.094023
sz.000717,2023-10-30,2023-09-30,0.208163,0.791837,0.396327,-5.965147,0.045206,,0.045206
sz.000761,2018-04-20,2018-03-31,0.515596,0.484404,0.320003,,-0.762058,-25.269059,-0.762058
sz.000761,2018-08-28,2018-06-30,0.578282,0.421718,0.287127,2.499057,0.031164,0.963780,0.031164
sz.000761,2018-10-30,2018-09-30,0.551538,0.448462,0.308992,1.487445,0.188642,8.397735,0.188642
sz.000761,2019-04-19,2018-12-31,0.558106,0.441894,0.312862,1.977717,0.072136,3.493548,0.072136
sz.000761,2019-04-19,2019-03-31,0.570562,0.429438,0.315490,,0.234037,10.148711,0.234037
sz.000761,2019-08-29,2019-06-30,0.583057,0.416943,0.308605,2.042425,0.040858,2.174236,0.040858
sz.000761,2019-10-29,2019-09-30,0.544166,0.455834,0.297879,1.957620,0.105222,8.321572,0.105222
sz.000761,2020-04-24,2019-12-31,0.503170,0.496830,0.313259,1.936210,0.132303,12.530650,0.132303
sz.000761,2020-04-24,2020-03-31,0.523953,0.476047,0.307705,1.605899,0.058391,3.827537,0.058391
sz.000761,2020-08-25,2020-06-30,0.521726,0.478274,0.307788,1.932155,-0.006828,-0.590763,-0.006828
sz.000761,2020-10-30,2020-09-30,0.536934,0.463066,0.314180,2.215458,-0.040389,-4.884762,-0.040389
sz.000761,2021-04-28,2020-12-31,0.528796,0.471204,0.316143,1.640980,-0.041882,-5.208446,-0.041882
sz.000761,2021-04-28,2021-03-31,0.515490,0.484510,0.319779,6.615323,-0.063366,-1.394894,-0.063366
sz.000761,2021-08-26,2021-06-30,0.507608,0.492392,0.351887,9.947744,0.039518,0.685921,0.039518
sz.000761,2021-10-23,2021-09-30,0.527757,0.472243,0.346462,10.577456,0.025132,0.405628,0.025132
sz.000761,2022-03-26,2021-12-31,0.439997,0.560003,0.399827,6.597310,0.005307,0.163194,0.005307
sz.000761,2022-04-27,2022-03-31,0.402672,0.597328,0.439899,6.069452,0.017390,0.654449,0.017390
sz.000761,2022-08-19,2022-06-30,0.353656,0.646344,0.429342,3.780596,0.006496,0.392183,0.006496
sz.000761,2022-10-28,2022-09-30,0.328398,0.671602,0.428217,0.480885,0.034127,,0.034127
sz.000761,2023-03-30,2022-12-31,0.298296,0.701704,0.416868,-1.083274,0.020384,,0.020384
sz.000761,2023-04-28,2023-03-31,0.346285,0.653715,0.388219,1.423878,0.179541,52.370531,0.179541
sz.000761,2023-08-31,2023-06-30,0.311523,0.688477,0.379391,-3.588953,0.152536,,0.152536
sz.000761,2023-10-31,2023-09-30,0.318325,0.681675,0.368687,-3.705967,0.111550,,0.111550
sz.000778,2018-04-27,2018-03-31,0.480101,0.519899,0.385131,5.305090,0.083211,2.078133,0.083211
sz.000778,2018-08-21,2018-06-30,0.472926,0.527074,0.386224,7.164928,0.095028,1.660985,0.095028
sz.000778,2018-10-30,2018-09-30,0.479004,0.520996,0.380091,7.173738,0.127708,2.160931,0.127708
sz.000778,2019-04-02,2018-12-31,0.514386,0.485614,0.355355,6.695197,0.092550,1.844929,0.092550
sz.000778,2019-04-30,2019-03-31,0.504659,0.495341,0.367217,5.569653,0.012252,0.317612,0.012252
sz.000778,2019-08-27,2019-06-30,0.486872,0.513128,0.387866,6.196896,0.053875,1.199956,0.053875
sz.000778,2019-10-29,2019-09-30,0.498235,0.501765,0.366956,6.268146,0.067627,1.479030,0.067627
sz.000778,2020-04-24,2019-12-31,0.474486,0.525514,0.378613,6.375534,0.076507,1.972318,0.076507
sz.000778,2020-04-29,2020-03-31,0.479945,0.520055,0.378919,5.919826,-0.065847,-1.479585,-0.065847
sz.000778,2020-08-25,2020-06-30,0.496018,0.503982,0.375470,6.754605,0.060885,1.316810,0.060885
sz.000778,2020-10-27,2020-09-30,0.490978,0.509022,0.375499,7.190643,0.038062,0.777697,0.038062
sz.000778,2021-04-13,2020-12-31,0.504305,0.495695,0.369489,7.992567,0.072615,1.588581,0.072615
sz.000778,2021-04-30,2021-03-31,0.471655,0.528345,0.394097,7.235154,0.000235,0.005771,0.000235
sz.000778,2021-08-24,2021-06-30,0.467973,0.532027,0.398832,12.397555,0.029436,0.551828,0.029436
sz.000778,2021-10-26,2021-09-30,0.473111,0.526889,0.400946,10.475032,0.019424,0.396361,0.019424
sz.000778,2022-04-19,2021-12-31,0.461352,0.538648,0.383697,9.226764,0.059455,1.453670,0.059455
sz.000778,2022-04-27,2022-03-31,0.468096,0.531904,0.384239,10.518762,-0.035883,-0.727769,-0.035883
sz.000778,2022-08-23,2022-06-30,0.467601,0.532399,0.376296,9.165337,-0.009170,-0.200070,-0.009170
sz.000778,2022-10-25,2022-09-30,0.469212,0.530788,0.377985,10.917216,0.007684,0.188134,0.007684
sz.000778,2023-04-11,2022-12-31,0.450965,0.549035,0.384868,7.572541,0.067646,1.684195,0.067646
sz.000778,2023-04-27,2023-03-31,0.454735,0.545265,0.383143,5.290585,-0.231830,-7.652475,-0.231830
sz.000778,2023-08-22,2023-06-30,0.448460,0.551540,0.383596,7.826102,-0.008947,-0.247989,-0.008947
sz.000778,2023-10-24,2023-09-30,0.445993,0.554007,0.391929,8.314238,0.027343,0.860099,0.027343
sz.000825,2018-04-20,2018-03-31,0.293402,0.706598,0.386049,6.346786,0.063471,0.799971,0.063471
sz.000825,2018-08-31,2018-06-30,0.293849,0.706151,0.391636,7.099495,0.077027,1.011347,0.077027
sz.000825,2018-10-31,2018-09-30,0.296138,0.703862,0.413801,6.502381,0.117455,1.611802,0.117455
sz.000825,2019-04-26,2018-12-31,0.311678,0.688322,0.417071,6.096984,0.126255,1.875833,0.126255
sz.000825,2019-04-26,2019-03-31,0.291216,0.708784,0.440103,2.533814,0.085024,4.366128,0.085024
sz.000825,2019-08-31,2019-06-30,0.300096,0.699904,0.442589,3.774340,0.053894,1.633574,0.053894
sz.000825,2019-10-19,2019-09-30,0.303044,0.696956,0.454944,3.538901,0.018293,0.539939,0.018293
sz.000825,2020-04-25,2019-12-31,0.315840,0.684160,0.451968,3.494104,0.054976,1.875804,0.054976
sz.000825,2020-04-25,2020-03-31,0.323853,0.676147,0.452658,1.485301,-0.072893,-8.495547,-0.072893
sz.000825,2020-08-22,2020-06-30,0.316338,0.683662,0.459616,2.400866,0.064121,3.681269,0.064121
sz.000825,2020-10-30,2020-09-30,0.328722,0.671278,0.456458,2.786581,0.093688,4.288799,0.093688
sz.000825,2021-04-24,2020-12-31,0.315662,0.684338,0.474779,3.351643,0.102133,4.028214,0.102133
sz.000825,2021-04-24,2021-03-31,0.347875,0.652125,0.475083,18.708868,0.157965,1.804294,0.157965
sz.000825,2021-08-21,2021-06-30,0.354232,0.645768,0.499032,21.327777,0.176161,1.761255,0.176161
sz.000825,2021-10-30,2021-09-30,0.346694,0.653306,0.534927,24.957515,0.155089,1.703343,0.155089
sz.000825,2022-04-23,2021-12-31,0.317343,0.682657,0.505779,17.173334,0.155434,2.523368,0.155434
sz.000825,2022-04-23,2022-03-31,0.342545,0.657455,0.504418,52.772526,0.068451,1.245267,0.068451
sz.000825,2022-08-20,2022-06-30,0.342246,0.657754,0.512496,23.536266,0.029437,0.734689,0.029437
sz.000825,2022-10-27,2022-09-30,0.344613,0.655387,0.469006,11.641924,0.068412,4.976776,0.068412
sz.000825,2023-04-22,2022-12-31,0.326100,0.673900,0.462726,2.069985,0.052339,35.217583,0.052339
sz.000825,2023-04-22,2023-03-31,0.329708,0.670292,0.444131,-17.260273,-0.085671,,-0.085671
sz.000825,2023-08-25,2023-06-30,0.309550,0.690450,0.458613,-4.363757,0.025608,,0.025608
sz.000825,2023-10-31,2023-09-30,0.302196,0.697804,0.456789,-1.949252,0.021088,,0.021088
sz.000898,2018-04-19,2018-03-31,0.354192,0.645808,0.479038,7.246291,-0.030586,-0.414358,-0.030586
sz.000898,2018-08-28,2018-06-30,0.361727,0.638273,0.482220,7.912463,0.040677,0.545949,0.040677
sz.000898,2018-10-30,2018-09-30,0.318488,0.681512,0.475587,9.329151,0.099469,1.129432,0.099469
sz.000898,2019-03-19,2018-12-31,0.298898,0.701102,0.498378,8.179340,0.078873,1.043008,0.078873
sz.000898,2019-04-30,2019-03-31,0.300308,0.699692,0.501155,2.866667,0.082124,4.840964,0.082124
sz.000898,2019-08-31,2019-06-30,0.292127,0.707873,0.501981,3.958333,0.073717,2.643961,0.073717
sz.000898,2019-10-30,2019-09-30,0.291013,0.708987,0.503564,3.439294,0.081780,3.690698,0.081780
sz.000898,2020-03-28,2019-12-31,0.267538,0.732462,0.511206,2.815888,0.094898,5.693182,0.094898
sz.000898,2020-04-29,2020-03-31,0.284206,0.715794,0.501087,2.258333,-0.150661,-10.529210,-0.150661
sz.000898,2020-08-29,2020-06-30,0.285476,0.714524,0.499377,2.350220,0.107032,9.500994,0.107032
sz.000898,2020-10-24,2020-09-30,0.272722,0.727278,0.518220,3.583206,0.085526,4.559551,0.085526
sz.000898,2021-03-31,2020-12-31,0.261409,0.738591,0.522545,3.843230,0.098273,4.967936,0.098273
sz.000898,2021-04-30,2021-03-31,0.281353,0.718647,0.534503,10.673077,0.059853,1.247874,0.059853
sz.000898,2021-08-28,2021-06-30,0.296656,0.703344,0.558450,22.293930,0.119075,1.661346,0.119075
sz.000898,2021-10-30,2021-09-30,0.301633,0.698367,0.575890,23.338747,0.093259,1.347265,0.093259
sz.000898,2022-03-31,2021-12-31,0.332455,0.667545,0.541773,18.871743,0.093990,1.845955,0.093990
sz.000898,2022-04-28,2022-03-31,0.349902,0.650098,0.532743,21.744681,0.056547,1.327285,0.056547
sz.000898,2022-08-27,2022-06-30,0.319116,0.680884,0.544526,12.632979,0.058896,2.391681,0.058896
sz.000898,2022-10-29,2022-09-30,0.300539,0.699461,0.531205,0.577878,0.061458,28.962617,0.061458
sz.000898,2023-03-31,2022-12-31,0.301563,0.698437,0.516645,0.150000,0.046837,33.005376,0.046837
sz.000898,2023-04-28,2023-03-31,0.321688,0.678312,0.499719,-1.430556,0.082869,,0.082869
sz.000898,2023-08-31,2023-06-30,0.289722,0.710278,0.502496,-10.068323,0.041054,,0.041054
sz.000898,2023-10-31,2023-09-30,0.286448,0.713553,0.487598,-12.191781,0.032911,,0.032911
sz.000932,2018-04-28,2018-03-31,0.413072,0.586928,0.100669,6.053266,0.074240,0.782610,0.074154
sz.000932,2018-08-25,2018-06-30,0.404281,0.595719,0.128566,7.216907,0.141073,1.439611,0.140794
sz.000932,2018-10-31,2018-09-30,0.388109,0.611891,0.152981,7.453810,0.130777,1.309056,0.130511
sz.000932,2019-03-28,2018-12-31,0.407558,0.592442,0.174749,7.315075,0.157950,1.673891,0.157622
sz.000932,2019-04-29,2019-03-31,0.404562,0.595438,0.192325,8.782854,-0.014590,-0.220675,-0.014569
sz.000932,2019-08-17,2019-06-30,0.408576,0.591424,0.206710,8.427989,-0.001115,-0.016297,-0.001112
sz.000932,2019-10-31,2019-09-30,0.407654,0.592346,0.194113,9.665812,0.043399,0.687888,0.043314
sz.000932,2020-03-19,2019-12-31,0.394885,0.605115,0.282670,9.320456,0.100551,1.619231,0.100358
sz.000932,2020-04-29,2020-03-31,0.420077,0.579923,0.285510,8.829862,-0.022072,-0.417514,-0.022040
sz.000932,2020-08-27,2020-06-30,0.411226,0.588774,0.291532,10.386857,0.042505,0.674010,0.042416
sz.000932,2020-10-31,2020-09-30,0.417850,0.582150,0.306855,12.946193,0.048130,0.762843,0.048023
sz.000932,2021-03-31,2020-12-31,0.427813,0.572187,0.318103,13.519038,0.103361,1.725726,0.103138
sz.000932,2021-04-29,2021-03-31,0.475744,0.524256,0.308836,48.877103,-0.073541,-1.296481,-0.073446
sz.000932,2021-08-28,2021-06-30,0.496586,0.503414,0.333446,31.782240,0.035942,0.512346,0.035857
sz.000932,2021-10-26,2021-09-30,0.491181,0.508819,0.362943,70.677605,0.042560,0.694401,0.042467
sz.000932,2022-04-30,2021-12-31,0.469609,0.530391,0.382287,38.936758,0.038061,0.622398,0.037972
sz.000932,2022-04-30,2022-03-31,0.475497,0.524503,0.390822,40.913067,-0.001545,-0.027364,-0.001540
sz.000932,2022-08-25,2022-06-30,0.484278,0.515722,0.377839,39.643850,0.032964,0.661423,0.032844
sz.000932,2022-10-29,2022-09-30,0.472211,0.527789,0.390984,,0.058946,1.250242,0.058733
sz.000932,2023-03-24,2022-12-31,0.487379,0.512621,0.378080,63.109539,0.056262,1.232273,0.056082
sz.000932,2023-04-29,2023-03-31,0.520119,0.479881,0.355740,38.136777,-0.086168,-3.486442,-0.085882
sz.000932,2023-08-24,2023-06-30,0.510328,0.489672,0.353988,28.224041,-0.001905,-0.047044,-0.001898
sz.000932,2023-10-31,2023-09-30,0.504899,0.495101,0.356828,292.178255,0.061934,1.423867,0.061713
sz.000959,2018-04-13,2018-03-31,0.161069,0.838931,0.179807,2.166210,0.104156,2.351673,0.104156
sz.000959,2018-08-17,2018-06-30,0.177951,0.822049,0.174157,2.605459,0.187011,3.160756,0.187011
sz.000959,2018-10-18,2018-09-30,0.174962,0.825038,0.171658,2.891087,0.186269,3.100550,0.186269
sz.000959,2019-04-26,2018-12-31,0.162410,0.837590,0.167940,2.355431,0.189420,3.740007,0.189420
sz.000959,2019-04-26,2019-03-31,0.140458,0.859542,0.175390,1.838076,0.073452,2.955770,0.073452
sz.000959,2019-07-25,2019-06-30,0.167650,0.832350,0.170265,2.180840,0.034375,0.858177,0.034375
sz.000959,2019-10-29,2019-09-30,0.169928,0.830072,0.171065,2.236845,0.069510,2.102697,0.069510
sz.000959,2020-04-24,2019-12-31,0.163232,0.836768,0.171267,1.938914,0.047991,1.891963,0.047991
sz.000959,2020-04-24,2020-03-31,0.174545,0.825455,0.164163,1.649613,-0.006575,-0.416539,-0.006575
sz.000959,2020-08-29,2020-06-30,0.213821,0.786179,0.161616,1.284687,0.081443,4.213402,0.081443
sz.000959,2020-10-22,2020-09-30,0.235200,0.764800,0.162886,2.170464,0.089079,3.183586,0.089079
sz.000959,2021-04-29,2020-12-31,0.208231,0.791769,0.171473,2.248906,0.128512,4.261332,0.128512
sz.000959,2021-04-29,2021-03-31,0.230841,0.769159,0.175561,3.653479,0.050877,1.072084,0.050877
sz.000959,2021-08-20,2021-06-30,0.266344,0.733656,0.226657,5.261296,0.076211,1.159344,0.076211
sz.000959,2021-10-30,2021-09-30,0.290979,0.709021,0.235747,5.604783,0.096872,1.400497,0.096872
sz.000959,2022-04-29,2021-12-31,0.249872,0.750128,0.255966,5.424527,0.112238,1.806722,0.112238
sz.000959,2022-04-29,2022-03-31,0.265333,0.734667,0.262125,4.078263,0.006071,0.158112,0.006071
sz.000959,2022-08-24,2022-06-30,0.265498,0.734502,0.307753,3.622123,0.035797,1.138379,0.035797
sz.000959,2022-10-28,2022-09-30,0.268104,0.731896,0.305731,2.887513,0.057186,2.509654,0.057186
sz.000959,2023-04-21,2022-12-31,0.242619,0.757381,0.304769,2.034242,0.085018,6.654388,0.085018
sz.000959,2023-04-21,2023-03-31,0.247910,0.752090,0.294570,0.868229,-0.060857,,-0.060857
sz.000959,2023-08-12,2023-06-30,0.250258,0.749742,0.301036,1.823302,0.006198,0.751895,0.006198
sz.000959,2023-10-27,2023-09-30,0.254965,0.745035,0.306584,2.076507,0.040789,3.365854,0.040789
sz.002075,2018-04-24,2018-03-31,0.560307,0.439693,0.331749,,0.079392,0.507028,0.079392
sz.002075,2018-08-08,2018-06-30,0.577033,0.422967,0.350191,,0.165298,0.958824,0.165298
sz.002075,2018-10-18,2018-09-30,0.579409,0.420591,0.375111,,0.172675,0.988106,0.172675
sz.002075,2019-03-05,2018-12-31,0.615223,0.384777,0.353958,,0.174014,1.128169,0.174014
sz.002075,2019-04-24,2019-03-31,0.592572,0.407428,0.383080,,0.071861,1.060535,0.071861
sz.002075,2019-08-16,2019-06-30,0.587568,0.412432,0.381080,,-0.009810,-0.106974,-0.009810
sz.002075,2019-10-24,2019-09-30,0.600543,0.399457,0.391796,,0.019606,0.278122,0.019606
sz.002075,2020-03-31,2019-12-31,0.590339,0.409661,0.398992,,0.022563,0.316675,0.022563
sz.002075,2020-04-25,2020-03-31,0.584022,0.415978,0.394256,104.100287,0.073825,1.108930,0.073825
sz.002075,2020-08-22,2020-06-30,0.571088,0.428912,0.378384,91.616523,0.135104,1.879225,0.135104
sz.002075,2020-10-26,2020-09-30,0.577229,0.422771,0.379304,104.297089,0.091317,1.176652,0.091317
sz.002075,2021-03-25,2020-12-31,0.609399,0.390601,0.368294,148.814744,0.132711,1.577885,0.132711
sz.002075,2021-04-27,2021-03-31,0.623108,0.376892,0.368882,71.343631,0.044697,0.426488,0.044697
sz.002075,2021-08-10,2021-06-30,0.619512,0.380488,0.369795,90.204204,0.092271,0.804696,0.092271
sz.002075,2021-10-23,2021-09-30,0.619462,0.380538,0.353995,99.052219,0.135892,1.206166,0.135892
sz.002075,2022-04-09,2021-12-31,0.543046,0.456954,0.369019,159.791115,0.166096,1.454208,0.166096
sz.002075,2022-04-27,2022-03-31,0.543754,0.456247,0.330893,45.742376,0.011577,0.147691,0.011577
sz.002075,2022-08-20,2022-06-30,0.534568,0.465432,0.322494,199.105485,0.044001,0.662930,0.044001
sz.002075,2022-10-26,2022-09-30,0.544477,0.455523,0.318392,166.277553,0.048398,0.925642,0.048398
sz.002075,2023-04-24,2022-12-31,0.543586,0.456414,0.353104,169.858800,0.055363,1.254745,0.055363
sz.002075,2023-04-24,2023-03-31,0.533543,0.466457,0.360560,6.137194,0.025291,1.191875,0.025291
sz.002075,2023-08-24,2023-06-30,0.533930,0.466070,0.342556,11.316413,0.015772,0.709818,0.015772
sz.002075,2023-10-28,2023-09-30,0.564112,0.435888,0.308226,10.861647,0.069651,3.036856,0.069651
sz.002110,2018-04-28,2018-03-31,0.565389,0.434611,0.665564,84.198932,0.023147,0.145702,0.023147
sz.002110,2018-08-30,2018-06-30,0.525328,0.474672,0.609450,92.965113,0.127129,0.690747,0.127129
sz.002110,2018-10-26,2018-09-30,0.564146,0.435854,0.615565,146.303410,0.150660,0.779354,0.150660
sz.002110,2019-03-30,2018-12-31,0.582312,0.417688,0.623377,156.033627,0.193589,1.076728,0.193589
sz.002110,2019-04-27,2019-03-31,0.545723,0.454277,0.658126,13807.055788,0.065266,0.565045,0.065266
sz.002110,2019-08-28,2019-06-30,0.513090,0.486910,0.583369,,0.083779,0.727949,0.083779
sz.002110,2019-10-23,2019-09-30,0.526761,0.473239,0.584624,,0.071413,0.802325,0.071413
sz.002110,2020-04-16,2019-12-31,0.548580,0.451420,0.575701,220.913789,0.045962,0.567593,0.045962
sz.002110,2020-04-25,2020-03-31,0.545806,0.454194,0.570149,22.782799,0.015503,0.327169,0.015503
sz.002110,2020-08-28,2020-06-30,0.479224,0.520776,0.422597,19.383689,0.111796,2.173718,0.111796
sz.002110,2020-10-24,2020-09-30,0.456082,0.543918,0.436051,21.087462,0.180239,3.207142,0.180239
sz.002110,2021-04-23,2020-12-31,0.455277,0.544723,0.423711,36.439774,0.099839,1.893194,0.099839
sz.002110,2021-04-29,2021-03-31,0.453807,0.546193,0.435597,23.941553,-0.241899,-3.789420,-0.241899
sz.002110,2021-08-18,2021-06-30,0.491883,0.508117,0.416214,34.395680,-0.023904,-0.271276,-0.023904
sz.002110,2021-10-28,2021-09-30,0.492569,0.507431,0.418552,30.822929,0.027693,0.399571,0.027693
sz.002110,2022-04-27,2021-12-31,0.445686,0.554314,0.464537,28.937738,0.015638,0.245477,0.015638
sz.002110,2022-04-28,2022-03-31,0.433839,0.566161,0.478567,9.135593,-0.074145,-1.778844,-0.074145
sz.002110,2022-08-19,2022-06-30,0.450204,0.549796,0.400833,7.096634,-0.008464,-0.486572,-0.008464
sz.002110,2022-10-28,2022-09-30,0.443637,0.556363,0.382412,1.398581,0.061856,29.384123,0.061856
sz.002110,2023-04-28,2022-12-31,0.412425,0.587575,0.419779,2.081783,-0.017360,-5.977643,-0.017360
sz.002110,2023-04-28,2023-03-31,0.431375,0.568625,0.394738,-0.255697,-0.116247,,-0.116247
sz.002110,2023-08-25,2023-06-30,0.427541,0.572459,0.374572,-0.660078,-0.030063,,-0.030063
sz.002110,2023-10-27,2023-09-30,0.406869,0.593131,0.368669,-3.440861,0.025911,,0.025911
sz.002318,2018-04-24,2018-03-31,0.621356,0.378644,0.550508,4.012838,-0.117809,-2.130237,-0.117809
sz.002318,2018-08-14,2018-06-30,0.621993,0.378007,0.547568,7.613934,0.101034,1.467233,0.101034
sz.002318,2018-10-23,2018-09-30,0.619885,0.380115,0.564082,10.481909,0.137452,1.919624,0.137452
sz.002318,2019-03-19,2018-12-31,0.630039,0.369961,0.569138,9.773158,0.159785,2.106734,0.159785
sz.002318,2019-04-29,2019-03-31,0.625238,0.374762,0.587708,7.975303,0.210549,3.018107,0.210549
sz.002318,2019-08-27,2019-06-30,0.595353,0.404647,0.535942,12.876925,0.178798,1.750508,0.178798
sz.002318,2019-10-30,2019-09-30,0.603414,0.396586,0.550599,19.858661,0.127118,1.062043,0.127118
sz.002318,2020-03-31,2019-12-31,0.555658,0.444342,0.533881,15.574335,0.136795,1.196180,0.136795
sz.002318,2020-04-24,2020-03-31,0.536589,0.463411,0.540301,12.528903,0.078369,0.803293,0.078369
sz.002318,2020-08-25,2020-06-30,0.553905,0.446095,0.502771,14.767585,0.154521,1.311799,0.154521
sz.002318,2020-10-27,2020-09-30,0.561213,0.438787,0.527066,18.659954,0.211309,1.372704,0.211309
sz.002318,2021-04-27,2020-12-31,0.563915,0.436085,0.665320,44.530560,0.267968,1.711981,0.267968
sz.002318,2021-04-27,2021-03-31,0.545740,0.454260,0.683807,,0.080249,0.722342,0.080249
sz.002318,2021-08-03,2021-06-30,0.536293,0.463707,0.655071,,0.145471,1.136079,0.145471
sz.002318,2021-10-30,2021-09-30,0.530420,0.469580,0.641845,300.108431,0.172094,1.250369,0.172094
sz.002318,2022-04-26,2021-12-31,0.532751,0.467249,0.602322,,0.127028,0.946144,0.127028
sz.002318,2022-04-26,2022-03-31,0.532399,0.467601,0.605620,,-0.105299,-0.715512,-0.105299
sz.002318,2022-08-09,2022-06-30,0.532334,0.467666,0.582124,,0.079441,0.467935,0.079441
sz.002318,2022-10-24,2022-09-30,0.545041,0.454959,0.592415,,0.127713,0.690053,0.127713
sz.002318,2023-03-21,2022-12-31,0.551086,0.448914,0.589912,,0.151984,0.765639,0.151984
sz.002318,2023-04-25,2023-03-31,0.552740,0.447260,0.599929,,-0.079829,-0.571679,-0.079829
sz.002318,2023-08-29,2023-06-30,0.589488,0.410512,0.575576,,-0.030155,-0.159126,-0.030155
sz.002318,2023-10-31,2023-09-30,0.615725,0.384275,0.568279,,0.064493,0.358247,0.064493
sz.002443,2018-04-21,2018-03-31,0.621406,0.378594,0.586372,2.966301,-0.316940,-21.101318,-0.316940
sz.002443,2018-08-22,2018-06-30,0.659286,0.340714,0.586626,7.035519,-0.151218,-4.212832,-0.151218
sz.002443,2018-10-25,2018-09-30,0.699935,0.300065,0.524465,7.492117,-0.134652,-3.728226,-0.134652
sz.002443,2019-04-25,2018-12-31,0.677839,0.322161,0.538369,8.957950,0.003157,0.073989,0.003157
sz.002443,2019-04-25,2019-03-31,0.663985,0.336015,0.577156,9.993503,-0.128196,-2.823427,-0.128196
sz.002443,2019-08-20,2019-06-30,0.691622,0.308378,0.576415,11.855336,0.011056,0.249776,0.011056
sz.002443,2019-10-24,2019-09-30,0.707657,0.292343,0.612164,14.359329,0.026801,0.550303,0.026801
sz.002443,2020-04-25,2019-12-31,0.718656,0.281344,0.606785,19.130956,0.032437,0.558594,0.032437
sz.002443,2020-04-25,2020-03-31,0.715980,0.284020,0.623654,22.437539,-0.036074,-0.540720,-0.036074
sz.002443,2020-08-20,2020-06-30,0.719904,0.280096,0.634839,99.646597,0.071021,0.407430,0.071021
sz.002443,2020-10-23,2020-09-30,0.715639,0.284361,0.669280,127.052832,0.061041,0.435400,0.061041
sz.002443,2021-04-23,2020-12-31,0.717941,0.282059,0.663899,148.709634,0.061475,0.515980,0.061475
sz.002443,2021-04-23,2021-03-31,0.721182,0.278818,0.676287,201.752781,-0.129150,-1.896629,-0.129150
sz.002443,2021-08-21,2021-06-30,0.752568,0.247432,0.595160,49.032088,-0.137309,-2.094550,-0.137309
sz.002443,2021-10-23,2021-09-30,0.765231,0.234769,0.591311,33.036469,-0.031902,-0.527367,-0.031902
sz.002443,2022-04-23,2021-12-31,0.739027,0.260973,0.650037,39.977802,0.023592,0.402483,0.023592
sz.002443,2022-04-23,2022-03-31,0.744784,0.255216,0.655020,59.070307,-0.162603,-4.110053,-0.162603
sz.002443,2022-08-20,2022-06-30,0.766834,0.233166,0.581509,47.897703,-0.156053,-3.407731,-0.156053
sz.002443,2022-10-22,2022-09-30,0.757044,0.242956,0.621679,72.739774,0.017432,0.451303,0.017432
sz.002443,2023-04-22,2022-12-31,0.763881,0.236119,0.615892,41.556073,0.040169,0.926504,0.040169
sz.002443,2023-04-22,2023-03-31,0.765682,0.234318,0.632577,,-0.183024,-3.188203,-0.183024
sz.002443,2023-08-18,2023-06-30,0.759093,0.240907,0.673734,,0.047686,0.883771,0.047686
sz.002443,2023-10-24,2023-09-30,0.767153,0.232847,0.679424,,0.053881,0.910645,0.053881
sz.002478,2018-04-25,2018-03-31,0.524370,0.475630,0.518169,3.782290,-0.029250,-0.593454,-0.029250
sz.002478,2018-08-24,2018-06-30,0.555123,0.444877,0.482062,,0.060644,0.667423,0.060644
sz.002478,2018-10-26,2018-09-30,0.577867,0.422133,0.463614,,0.070954,0.698401,0.070954
sz.002478,2019-04-26,2018-12-31,0.552673,0.447327,0.500259,,0.127663,1.288198,0.127663
sz.002478,2019-04-26,2019-03-31,0.551429,0.448571,0.514965,25.038248,-0.107599,-0.954789,-0.107599
sz.002478,2019-08-29,2019-06-30,0.554440,0.445560,0.513214,,0.056535,0.429872,0.056535
sz.002478,2019-10-23,2019-09-30,0.552255,0.447745,0.513639,,0.069549,0.512358,0.069549
sz.002478,2020-04-29,2019-12-31,0.526437,0.473563,0.537527,,0.126616,1.005460,0.126616
sz.002478,2020-04-29,2020-03-31,0.513698,0.486302,0.567287,,0.117109,1.101931,0.117109
sz.002478,2020-08-27,2020-06-30,0.512070,0.487930,0.567520,,0.151519,1.265704,0.151519
sz.002478,2020-10-28,2020-09-30,0.497741,0.502259,0.549496,55.730744,0.115768,1.196031,0.115768
sz.002478,2021-03-09,2020-12-31,0.493206,0.506794,0.570346,,0.170343,4.858495,0.170343
sz.002478,2021-04-28,2021-03-31,0.498898,0.501102,0.545266,,-0.021142,-1.228956,-0.021142
sz.002478,2021-08-20,2021-06-30,0.639325,0.360675,0.603224,,0.017018,0.322469,0.017018
sz.002478,2021-10-28,2021-09-30,0.627734,0.372266,0.610889,,-0.018536,-0.497088,-0.018536
sz.002478,2022-03-18,2021-12-31,0.635273,0.364727,0.577995,,-0.114223,-3.299057,-0.114223
sz.002478,2022-04-22,2022-03-31,0.644975,0.355025,0.572654,11.247946,0.020964,0.532570,0.020964
sz.002478,2022-08-18,2022-06-30,0.670394,0.329606,0.554675,,0.012423,0.179191,0.012423
sz.002478,2022-10-21,2022-09-30,0.688430,0.311570,0.546336,,0.112285,1.396510,0.112285
sz.002478,2023-03-22,2022-12-31,0.670355,0.329645,0.595076,,0.125848,1.617924,0.125848
sz.002478,2023-04-25,2023-03-31,0.687144,0.312856,0.583054,26.795067,0.175521,1.587831,0.175521
sz.002478,2023-08-25,2023-06-30,0.695670,0.304330,0.588265,,0.154001,1.162297,0.154001
sz.002478,2023-10-26,2023-09-30,0.686737,0.313263,0.617690,,0.058151,0.466637,0.058151
sz.002756,2018-04-25,2018-03-31,0.610961,0.389039,0.804173,26.192727,-0.090631,-1.139383,-0.090631
sz.002756,2018-08-21,2018-06-30,0.585044,0.414956,0.742862,44.897100,-0.004675,-0.050959,-0.004675
sz.002756,2018-10-24,2018-09-30,0.563880,0.436120,0.783049,30.698628,0.058608,0.647385,0.058608
sz.002756,2019-04-16,2018-12-31,0.537716,0.462284,0.705517,26.702627,0.105693,1.311906,0.105693
sz.002756,2019-04-16,2019-03-31,0.528341,0.471659,0.722036,20.257133,0.028671,0.335855,0.028671
sz.002756,2019-08-27,2019-06-30,0.512601,0.487399,0.710979,79.643640,0.063606,0.596888,0.063606
sz.002756,2019-10-30,2019-09-30,0.518679,0.481321,0.681571,133.374983,0.098104,1.004913,0.098104
sz.002756,2020-03-20,2019-12-31,0.475909,0.524091,0.667460,,0.070318,1.014372,0.070318
sz.002756,2020-04-25,2020-03-31,0.495616,0.504384,0.670106,,0.006891,0.085839,0.006891
sz.002756,2020-08-25,2020-06-30,0.526777,0.473223,0.645794,,0.099393,1.354926,0.099393
sz.002756,2020-10-31,2020-09-30,0.554769,0.445231,0.623812,,0.071414,1.015778,0.071414
sz.002756,2021-04-27,2020-12-31,0.555899,0.444101,0.691159,,0.110393,2.132599,0.110393
sz.002756,2021-04-27,2021-03-31,0.575277,0.424723,0.718053,,-0.153360,-1.669277,-0.153360
sz.002756,2021-08-03,2021-06-30,0.555492,0.444508,0.723188,,0.039530,0.396354,0.039530
sz.002756,2021-10-28,2021-09-30,0.563553,0.436447,0.719806,,0.063601,0.564494,0.063601
sz.002756,2022-04-26,2021-12-31,0.548298,0.451702,0.723429,,0.109130,0.872919,0.109130
sz.002756,2022-04-26,2022-03-31,0.585968,0.414032,0.731181,,0.139947,0.442990,0.139947
sz.002756,2022-08-09,2022-06-30,0.644238,0.355762,0.768178,,0.293712,0.821020,0.293712
sz.002756,2022-10-28,2022-09-30,0.736380,0.263620,0.757028,,0.394775,0.986464,0.394775
sz.002756,2023-03-21,2022-12-31,0.762402,0.237598,0.766795,,0.426795,1.023014,0.426795
sz.002756,2023-04-25,2023-03-31,0.775239,0.224761,0.786446,,0.387168,1.330312,0.387168
sz.002756,2023-08-29,2023-06-30,0.748658,0.251342,0.805834,,0.354234,1.191833,0.354234
sz.002756,2023-10-31,2023-09-30,0.764053,0.235947,0.799342,,0.358548,1.098298,0.358548
sz.300881,2019-12-06,2019-06-30,0.866316,0.133684,0.403774,27.162659,0.030490,0.438359,0.030490
sz.300881,2020-10-24,2019-09-30,,,,7.350717,0.067954,0.972154,0.067954
sz.300881,2020-06-30,2019-12-31,0.856581,0.143419,0.378086,30.945899,0.109482,1.417166,0.109482
sz.300881,2021-04-27,2020-03-31,0.841691,0.158309,0.454377,7.160760,-0.192711,-2.946789,-0.192711
sz.300881,2020-08-14,2020-06-30,0.852037,0.147963,0.367233,46.198483,-0.218534,-3.974653,-0.218534
sz.300881,2020-10-24,2020-09-30,0.894432,0.105568,0.536758,7.209293,-0.229295,-3.920622,-0.229295
sz.300881,2021-04-27,2020-12-31,0.885571,0.114429,0.583760,34.792455,-0.074250,-1.255639,-0.074250
sz.300881,2021-04-27,2021-03-31,0.875843,0.124157,0.551043,8.336389,-0.141612,-2.497451,-0.141612
sz.300881,2021-08-28,2021-06-30,0.868435,0.131565,0.526767,628.807897,0.110643,2.600966,0.110643
sz.300881,2021-10-29,2021-09-30,0.858389,0.141611,0.526250,6.970655,0.067325,1.707666,0.067325
sz.300881,2022-04-15,2021-12-31,0.847446,0.152554,0.474568,111.323700,-0.259480,-5.566680,-0.259480
sz.300881,2022-04-26,2022-03-31,0.843834,0.156166,0.470315,5.442273,-0.655521,-13.217709,-0.655521
sz.300881,2022-08-02,2022-06-30,0.832874,0.167126,0.473539,60.477958,-0.438336,-8.786617,-0.438336
sz.300881,2022-10-17,2022-09-30,0.822093,0.177907,0.482416,10.683205,-0.342099,-6.442011,-0.342099
sz.300881,2023-04-18,2022-12-31,0.798484,0.201516,0.487797,54.764661,-0.256440,-4.213657,-0.256440
sz.300881,2023-04-18,2023-03-31,0.789410,0.210590,0.494001,27.325262,-0.099839,-1.512394,-0.099839
sz.300881,2023-08-11,2023-06-30,0.802327,0.197673,0.448601,85.444637,0.019443,0.271384,0.019443
sz.300881,2023-10-25,2023-09-30,0.755972,0.244028,0.398765,33.973964,-0.015584,-0.266459,-0.015584
