code,pubDate,statDate,YOYEquity,YOYAsset,YOYNI,YOYEPSBasic,YOYPNI
sh.600010,2018-04-27,2018-03-31,0.053744,0.029366,2.235009,1.278689,2.221856
sh.600010,2018-08-29,2018-06-30,0.056684,0.031649,1.449737,1.410853,1.409970
sh.600010,2018-10-31,2018-09-30,0.065136,0.024483,0.644564,0.634304,0.637973
sh.600010,2019-04-19,2018-12-31,0.063502,0.014718,0.623461,0.615044,0.612494
sh.600010,2019-04-30,2019-03-31,0.060470,-0.017722,-0.234215,-0.230216,-0.235025
sh.600010,2019-08-28,2019-06-30,0.061667,-0.011348,-0.264577,-0.266881,-0.264649
sh.600010,2019-10-30,2019-09-30,0.037180,0.005315,-0.483546,-0.483168,-0.483991
sh.600010,2020-04-30,2019-12-31,0.004551,-0.011519,-0.731475,-0.835616,-0.799044
sh.600010,2020-04-30,2020-03-31,-0.011849,-0.009954,-1.544971,-1.542056,-1.664912
sh.600010,2020-08-31,2020-06-30,-0.018868,-0.032953,-0.813701,-0.921053,-0.919274
sh.600010,2020-10-30,2020-09-30,-0.017090,-0.036344,-0.698074,-0.858238,-0.859379
sh.600010,2021-04-30,2020-12-31,0.001619,-0.019474,-0.259944,-0.258333,-0.392215
sh.600010,2021-04-30,2021-03-31,0.024537,0.049516,4.266670,3.017241,3.266618
sh.600010,2021-08-27,2021-06-30,0.057522,0.091932,15.130958,32.666667,31.881361
sh.600010,2021-10-30,2021-09-30,0.073056,0.062774,10.832966,21.270270,21.598084
sh.600010,2022-04-15,2021-12-31,0.046840,0.025971,3.787299,6.089888,6.060948
sh.600010,2022-04-28,2022-03-31,0.037282,0.001641,-0.721808,-0.376068,-0.549224
sh.600010,2022-08-26,2022-06-30,-0.013518,-0.007788,-0.929998,-0.848933,-0.848361
sh.600010,2022-10-28,2022-09-30,-0.052658,-0.029084,-1.278655,-1.199029,-1.197482
sh.600010,2023-04-22,2022-12-31,-0.051341,-0.008420,-1.456168,-1.255151,-1.254655
sh.600010,2023-04-28,2023-03-31,-0.051127,-0.007447,-0.752638,-0.178082,-0.121477
sh.600010,2023-08-25,2023-06-30,-0.036645,0.016851,-0.703386,-0.010870,-0.022763
sh.600010,2023-10-27,2023-09-30,-0.013801,0.038279,1.034573,1.640244,1.636554
sh.600019,2018-04-28,2018-03-31,0.101368,-0.041835,0.328144,0.352941,0.326025
sh.600019,2018-08-28,2018-06-30,0.088572,-0.013123,0.617598,0.607143,0.622349
sh.600019,2018-10-30,2018-09-30,0.088461,0.009392,0.372359,0.339623,0.349586
sh.600019,2019-04-25,2018-12-31,0.074985,-0.043097,0.140910,0.127907,0.124924
sh.600019,2019-04-25,2019-03-31,0.057527,-0.036492,-0.467539,-0.478261,-0.457063
sh.600019,2019-08-23,2019-06-30,0.040173,-0.034457,-0.385655,-0.377778,-0.381867
sh.600019,2019-10-26,2019-09-30,0.021673,-0.015141,-0.440193,-0.436620,-0.436456
sh.600019,2020-04-29,2019-12-31,0.006483,0.011264,-0.415516,-0.416667,-0.420795
sh.600019,2020-04-29,2020-03-31,0.002121,0.015257,-0.400709,-0.416667,-0.436336
sh.600019,2020-08-28,2020-06-30,0.028738,0.039210,-0.369193,-0.357143,-0.368648
sh.600019,2020-10-30,2020-09-30,0.032055,0.034088,-0.130108,-0.125000,-0.128629
sh.600019,2021-04-27,2020-12-31,0.034794,0.029738,0.008162,0.017857,0.009055
sh.600019,2021-04-27,2021-03-31,0.057148,0.075259,2.400445,2.428571,2.478466
sh.600019,2021-08-28,2021-06-30,0.082247,0.076762,2.731565,2.777778,2.767397
sh.600019,2021-10-30,2021-09-30,0.052161,0.127583,1.754694,1.800000,1.745311
sh.600019,2022-04-29,2021-12-31,0.033883,0.063212,0.882485,0.877193,0.861468
sh.600019,2022-04-29,2022-03-31,0.026708,0.064030,-0.280032,-0.291667,-0.304086
sh.600019,2022-08-31,2022-06-30,0.013855,0.071916,-0.462174,-0.485294,-0.483623
sh.600019,2022-10-26,2022-09-30,0.032094,-0.005834,-0.544041,-0.571429,-0.561664
sh.600019,2023-04-28,2022-12-31,0.019322,0.046928,-0.469707,-0.485981,-0.484307
sh.600019,2023-04-28,2023-03-31,0.009137,-0.005788,-0.499958,-0.529412,-0.505648
sh.600019,2023-08-31,2023-06-30,0.018972,-0.074939,-0.420886,-0.428571,-0.415714
sh.600019,2023-10-25,2023-09-30,0.014400,-0.052871,-0.120003,-0.095238,-0.117643
sh.600022,2018-04-27,2018-03-31,0.133446,0.236006,0.359112,0.057728,0.373184
sh.600022,2018-08-17,2018-06-30,0.189714,0.381265,1.800477,1.274481,1.817366
sh.600022,2018-10-30,2018-09-30,0.198442,0.324950,1.361835,0.965302,1.254202
sh.600022,2019-03-29,2018-12-31,0.115192,0.261421,0.192743,0.094425,0.094659
sh.600022,2019-04-26,2019-03-31,0.086733,0.208822,-0.744520,-0.757042,-0.757466
sh.600022,2019-08-23,2019-06-30,0.050202,0.122368,-0.573427,-0.666667,-0.655837
sh.600022,2019-10-30,2019-09-30,0.008376,0.083898,-0.714406,-0.797646,-0.797552
sh.600022,2020-03-20,2019-12-31,0.028827,-0.032991,-0.612740,-0.725052,-0.725123
sh.600022,2020-04-29,2020-03-31,0.011925,0.010119,-0.024071,-0.804348,-0.807820
sh.600022,2020-08-28,2020-06-30,0.001429,-0.049019,-0.119708,-0.392045,-0.401874
sh.600022,2020-10-30,2020-09-30,0.017415,-0.059945,0.555251,0.221477,0.201000
sh.600022,2021-03-31,2020-12-31,0.018563,-0.015057,0.744153,0.266541,0.247990
sh.600022,2021-04-29,2021-03-31,0.057660,0.033309,5.185518,20.333333,20.293412
sh.600022,2021-08-27,2021-06-30,0.097677,0.082065,3.936941,5.121495,5.086912
sh.600022,2021-10-29,2021-09-30,0.120886,0.089443,2.810622,3.774725,3.854590
sh.600022,2022-03-23,2021-12-31,0.037543,0.059264,0.874885,0.713433,0.699515
sh.600022,2022-04-29,2022-03-31,0.035149,0.012225,-0.081510,-0.041667,-0.043215
sh.600022,2022-08-31,2022-06-30,-0.019025,-0.032097,-0.443968,-0.477354,-0.477612
sh.600022,2022-10-29,2022-09-30,-0.085305,-0.078621,-0.780630,-0.904104,-0.906262
sh.600022,2023-03-31,2022-12-31,-0.003964,-0.048718,-0.521391,-0.547909,-0.547986
sh.600022,2023-04-28,2023-03-31,-0.043559,-0.067854,-1.323451,-1.523551,-1.524193
sh.600022,2023-08-31,2023-06-30,-0.049183,-0.063932,-1.033648,-1.226874,-1.227299
sh.600022,2023-10-28,2023-09-30,-0.020007,-0.031971,-1.046000,-1.990625,-1.989947
sh.600117,2018-04-28,2018-03-31,0.091185,-0.129776,0.583513,0.000000,0.038808
sh.600117,2018-08-30,2018-06-30,0.091969,-0.149766,0.211622,0.000000,0.158169
sh.600117,2018-10-31,2018-09-30,-0.055821,-0.124968,-2.567313,-2.666667,-2.574182
sh.600117,2019-04-29,2018-12-31,-0.652806,-0.031600,-28.078305,-33.666667,-35.210000
sh.600117,2019-04-30,2019-03-31,-0.647300,-0.066768,-0.174247,1.000000,0.431598
sh.600117,2019-08-21,2019-06-30,-0.630110,-0.068637,3.909399,5.000000,3.650455
sh.600117,2019-10-29,2019-09-30,-0.534334,-0.153890,1.093516,1.145455,1.150318
sh.600117,2020-04-29,2019-12-31,0.258224,-0.106790,1.069998,1.045918,1.046764
sh.600117,2020-04-30,2020-03-31,0.150220,-0.069375,-8.694852,-5.500000,-7.082725
sh.600117,2020-08-18,2020-06-30,0.198701,-0.055794,0.225605,-0.666667,-0.595833
sh.600117,2020-10-27,2020-09-30,0.158590,0.017598,0.296052,-0.875000,-0.889964
sh.600117,2021-04-28,2020-12-31,0.057494,-0.024798,-0.241049,-0.333333,-0.381962
sh.600117,2021-04-30,2021-03-31,0.083945,-0.045333,1.001320,0.222222,0.303453
sh.600117,2021-08-20,2021-06-30,-0.026515,-0.071806,-0.576049,-5.500000,-5.090394
sh.600117,2021-10-29,2021-09-30,-0.105114,-0.097153,-2.748041,-22.000000,-23.847822
sh.600117,2022-04-30,2021-12-31,-0.805987,-0.095779,-25.630748,-19.333333,-20.422793
sh.600117,2022-04-30,2022-03-31,-0.937520,-0.177546,-2536.732715,-1.714286,-1.906189
sh.600117,2022-08-31,2022-06-30,-1.092489,-0.087743,-30.643459,-3.444444,-3.295875
sh.600117,2022-10-29,2022-09-30,-1.341861,-0.097127,-7.701471,-2.238095,-2.286835
sh.600117,2023-04-29,2022-12-31,-3.915592,-0.095056,0.390103,0.000000,-0.002960
sh.600117,2023-04-29,2023-03-31,-13.718294,-0.000505,-0.315730,-0.263158,-0.245597
sh.600117,2023-08-31,2023-06-30,-14.172521,-0.174544,-0.966671,-1.525000,-1.549019
sh.600117,2023-10-28,2023-09-30,-3.758343,-0.183276,-0.336157,-0.647059,-0.631095
sh.600126,2018-04-28,2018-03-31,0.142174,-0.003465,1.418848,1.375000,1.433298
sh.600126,2018-08-25,2018-06-30,0.172141,0.065511,2.227410,2.142857,2.248946
sh.600126,2018-10-30,2018-09-30,0.139062,0.101598,0.351598,0.371429,0.350141
sh.600126,2019-04-12,2018-12-31,0.117050,0.055244,0.080504,0.075472,0.079030
sh.600126,2019-04-23,2019-03-31,0.114168,0.084859,-0.122560,-0.133333,-0.129579
sh.600126,2019-08-17,2019-06-30,0.088364,0.065401,-0.374850,-0.382353,-0.383184
sh.600126,2019-10-30,2019-09-30,0.067387,0.004004,-0.479557,-0.500000,-0.488329
sh.600126,2020-04-08,2019-12-31,-0.006691,-0.004396,-0.522994,-0.526316,-0.525954
sh.600126,2020-04-25,2020-03-31,0.005317,0.030662,-0.682263,-0.692308,-0.673281
sh.600126,2020-08-15,2020-06-30,0.003999,0.050961,-0.440691,-0.428571,-0.446765
sh.600126,2020-10-24,2020-09-30,0.017323,0.123040,-0.081860,-0.083333,-0.076587
sh.600126,2021-04-10,2020-12-31,0.038428,0.039167,0.230708,0.259259,0.234664
sh.600126,2021-04-24,2021-03-31,0.052148,0.179523,1.571521,1.750000,1.516999
sh.600126,2021-08-21,2021-06-30,0.027547,0.046305,1.524102,1.636364,1.592441
sh.600126,2021-10-23,2021-09-30,0.040483,-0.033879,1.142553,1.181818,1.185686
sh.600126,2022-04-09,2021-12-31,0.031116,0.050758,0.437377,0.441176,0.443966
sh.600126,2022-04-23,2022-03-31,0.041590,-0.045495,0.095246,0.090909,0.102116
sh.600126,2022-08-20,2022-06-30,0.016679,0.034194,-0.476529,-0.482759,-0.476221
sh.600126,2022-10-29,2022-09-30,-0.015535,0.095389,-0.693663,-0.687500,-0.693554
sh.600126,2023-04-15,2022-12-31,-0.017692,-0.022156,-0.707186,-0.714286,-0.707530
sh.600126,2023-04-29,2023-03-31,-0.034424,0.055312,-0.917409,-0.916667,-0.918464
sh.600126,2023-08-26,2023-06-30,-0.007279,0.042387,-0.893249,-0.866667,-0.893126
sh.600126,2023-10-28,2023-09-30,-0.004802,0.011844,-0.825994,-0.800000,-0.827527
sh.600231,2018-04-21,2018-03-31,0.231915,-0.038696,0.530115,0.428571,0.530115
sh.600231,2018-08-11,2018-06-30,0.252536,-0.027913,0.848470,0.800000,0.848470
sh.600231,2018-10-10,2018-09-30,0.219428,-0.035849,0.282058,0.277778,0.282058
sh.600231,2019-03-02,2018-12-31,0.165832,0.082804,-0.007818,-0.022727,-0.007818
sh.600231,2019-04-30,2019-03-31,0.130867,0.032033,-0.730825,-0.777778,-0.730825
sh.600231,2019-08-24,2019-06-30,0.099630,0.109956,-0.492392,-0.481481,-0.492392
sh.600231,2019-10-31,2019-09-30,0.027424,-0.048037,-0.669611,-0.673913,-0.669611
sh.600231,2020-04-30,2019-12-31,0.040779,-0.006170,-0.642799,-0.651163,-0.642799
sh.600231,2020-04-30,2020-03-31,0.032834,0.014946,-0.935014,-0.920000,-0.935014
sh.600231,2020-08-19,2020-06-30,0.021463,-0.031795,-0.600174,-0.642857,-0.600174
sh.600231,2020-10-31,2020-09-30,0.051958,0.112385,-0.002588,0.000000,-0.002588
sh.600231,2021-04-30,2020-12-31,0.068057,0.006296,0.304827,0.333333,0.304827
sh.600231,2021-04-30,2021-03-31,0.114521,0.063357,52.419970,49.000000,52.419970
sh.600231,2021-08-31,2021-06-30,0.176722,0.113298,4.040157,4.400000,4.040157
sh.600231,2021-10-30,2021-09-30,0.158291,0.151069,1.600586,1.600000,1.600586
sh.600231,2022-03-02,2021-12-31,0.117753,0.100800,0.646116,0.600000,0.646116
sh.600231,2022-04-29,2022-03-31,0.085236,0.047727,-0.468817,-0.500000,-0.468817
sh.600231,2022-08-31,2022-06-30,-0.014244,0.005520,-0.828970,-0.814815,-0.828970
sh.600231,2022-10-29,2022-09-30,-0.068750,-0.022505,-1.191047,-1.179487,-1.191047
sh.600231,2023-04-29,2022-12-31,-0.119503,-0.055613,-1.907484,-1.906250,-1.907484
sh.600231,2023-04-29,2023-03-31,-0.126795,0.023592,-0.636547,-0.500000,-0.636547
sh.600231,2023-08-31,2023-06-30,-0.122200,-0.030213,-1.760667,-1.600000,-1.760667
sh.600231,2023-10-28,2023-09-30,-0.099272,-0.122863,0.037725,0.000000,0.037725
sh.600282,2018-04-18,2018-03-31,0.774301,0.065991,1.254692,0.650542,0.836216
sh.600282,2018-08-18,2018-06-30,0.776902,0.149495,1.247205,0.698590,0.894172
sh.600282,2018-10-30,2018-09-30,0.422578,0.112998,0.936832,0.674925,0.679478
sh.600282,2019-03-23,2018-12-31,0.328605,0.091668,0.394098,0.155550,0.252423
sh.600282,2019-04-30,2019-03-31,0.295736,0.080659,-0.214449,-0.172353,-0.169709
sh.600282,2019-08-27,2019-06-30,0.173173,0.050014,-0.219887,-0.196949,-0.195550
sh.600282,2019-10-30,2019-09-30,0.115112,0.060393,-0.301849,-0.309582,-0.308989
sh.600282,2020-03-25,2019-12-31,0.090893,0.058889,-0.290248,-0.351399,-0.349776
sh.600282,2020-04-30,2020-03-31,0.051748,0.084759,-0.394259,-0.449789,-0.448766
sh.600282,2020-08-26,2020-06-30,0.036604,0.070083,-0.318408,-0.394806,-0.394012
sh.600282,2020-10-30,2020-09-30,0.381394,0.058742,-0.165776,-0.250000,-0.155168
sh.600282,2021-03-27,2020-12-31,0.414469,0.098251,-0.052692,-0.057405,0.091969
sh.600282,2021-04-30,2021-03-31,0.431410,0.072729,0.656083,0.536023,1.123796
sh.600282,2021-08-18,2021-06-30,0.472696,0.121649,0.540562,0.465634,1.026525
sh.600282,2021-10-30,2021-09-30,0.123926,0.175476,0.469880,0.404372,0.728629
sh.600282,2022-03-23,2021-12-31,0.111965,0.204455,0.284743,0.200721,0.437500
sh.600282,2022-04-29,2022-03-31,0.106421,0.188658,-0.279544,-0.271420,-0.268950
sh.600282,2022-08-24,2022-06-30,0.061799,0.318716,-0.306381,-0.342369,-0.340075
sh.600282,2022-10-29,2022-09-30,0.014071,0.285631,-0.405116,-0.429221,-0.430183
sh.600282,2023-03-29,2022-12-31,-0.065767,0.211057,-0.451569,-0.487150,-0.485855
sh.600282,2023-04-28,2023-03-31,-0.033189,0.267314,-0.420163,-0.499590,-0.497959
sh.600282,2023-08-26,2023-06-30,-0.020639,0.160735,-0.337104,-0.369745,-0.368030
sh.600282,2023-10-28,2023-09-30,0.001120,0.103715,-0.166672,-0.211737,-0.198251
sh.600307,2018-04-27,2018-03-31,0.035237,0.080481,-0.446567,-0.450980,-0.450595
sh.600307,2018-08-17,2018-06-30,0.074649,0.061838,0.720409,0.667857,0.667354
sh.600307,2018-10-30,2018-09-30,0.085012,0.039805,0.790885,0.615457,0.615212
sh.600307,2019-04-26,2018-12-31,0.097824,-0.002089,2.183582,1.596726,1.594417
sh.600307,2019-04-26,2019-03-31,0.088151,-0.019543,-0.746351,-0.750000,-0.748132
sh.600307,2019-08-28,2019-06-30,0.105817,-0.037453,0.301374,0.314775,0.315592
sh.600307,2019-10-25,2019-09-30,0.105182,-0.021004,0.168770,0.166861,0.167008
sh.600307,2020-04-30,2019-12-31,0.120814,-0.004793,0.131636,0.132378,0.132393
sh.600307,2020-04-30,2020-03-31,0.089995,-0.040920,-10.075933,-10.102041,-10.029410
sh.600307,2020-08-20,2020-06-30,0.035713,0.009042,-1.107996,-1.107492,-1.107720
sh.600307,2020-10-30,2020-09-30,0.029169,0.105841,-0.715561,-0.714000,-0.714040
sh.600307,2021-04-30,2020-12-31,0.043042,0.046975,-0.582716,-0.580466,-0.581535
sh.600307,2021-04-30,2021-03-31,0.109499,0.118862,2.705625,2.704036,2.705196
sh.600307,2021-08-13,2021-06-30,0.216730,0.061117,24.390690,24.537879,24.478158
sh.600307,2021-10-28,2021-09-30,0.218565,-0.044984,5.905142,5.926573,5.926473
sh.600307,2022-04-20,2021-12-31,0.119189,0.011453,1.867025,1.864897,1.873122
sh.600307,2022-04-20,2022-03-31,0.077818,-0.005274,-0.977084,-0.977632,-0.977079
sh.600307,2022-08-30,2022-06-30,-0.037689,0.031228,-1.021898,-1.021886,-1.021899
sh.600307,2022-10-29,2022-09-30,-0.174125,0.010301,-1.615485,-1.615598,-1.615515
sh.600307,2023-04-29,2022-12-31,-0.188291,-0.036673,-2.664513,-2.664842,-2.664647
sh.600307,2023-04-29,2023-03-31,-0.185376,-0.005352,1.817442,1.882353,1.817442
sh.600307,2023-08-31,2023-06-30,-0.212936,0.001558,-8.315651,-8.279412,-8.315651
sh.600307,2023-10-28,2023-09-30,-0.115711,0.051151,0.766162,0.766202,0.766162
sh.600399,2018-06-26,2018-03-31,-1.569636,-0.272040,-1.697526,-2.000000,-1.697526
sh.600399,2018-08-31,2018-06-30,-1.585078,-0.320594,-2.167028,-2.177778,-2.167028
sh.600399,2018-10-22,2018-09-30,-1.448649,-0.325647,-2.870065,-2.868979,-2.870065
sh.600399,2019-03-29,2018-12-31,4.700913,-0.170085,2.949265,2.951456,2.949265
sh.600399,2019-04-30,2019-03-31,4.674098,-0.105716,3.297326,2.523810,3.297326
sh.600399,2019-07-31,2019-06-30,4.590685,-0.017142,2.804762,2.200000,2.804762
sh.600399,2019-10-26,2019-09-30,5.563841,-0.006499,2.378505,1.909278,2.378505
sh.600399,2020-03-31,2019-12-31,0.073357,0.077304,-0.884162,-0.925373,-0.884162
sh.600399,2020-04-30,2020-03-31,0.079250,0.057095,0.590732,0.589844,0.590732
sh.600399,2020-08-20,2020-06-30,0.084392,0.034725,0.460676,0.462264,0.460676
sh.600399,2020-10-31,2020-09-30,0.121929,0.045717,1.325707,1.325397,1.325707
sh.600399,2021-03-31,2020-12-31,0.123906,0.078454,0.826382,0.866667,0.826382
sh.600399,2021-04-30,2021-03-31,0.142363,0.108275,1.155252,1.152334,1.155252
sh.600399,2021-08-20,2021-06-30,0.172538,0.138383,1.352127,1.350538,1.352127
sh.600399,2021-10-30,2021-09-30,0.171434,0.143419,0.693853,0.693808,0.693853
sh.600399,2022-03-31,2021-12-31,0.155334,0.100350,0.420182,0.428571,0.420182
sh.600399,2022-04-30,2022-03-31,0.142477,0.102318,-0.505837,-0.505708,-0.505837
sh.600399,2022-08-20,2022-06-30,0.106338,0.113426,-0.574953,-0.590909,-0.574953
sh.600399,2022-10-29,2022-09-30,0.077436,0.108656,-0.563550,-0.563615,-0.563550
sh.600399,2023-04-20,2022-12-31,0.033349,0.152981,-0.749157,-0.750000,-0.749157
sh.600399,2023-04-20,2023-03-31,0.028620,0.117059,-0.294904,-0.295612,-0.294904
sh.600399,2023-08-19,2023-06-30,0.028016,0.110613,-0.142692,-0.111111,-0.142692
sh.600399,2023-10-31,2023-09-30,0.029054,0.092631,-0.055769,-0.055409,-0.055769
sh.600507,2018-04-21,2018-03-31,0.126646,0.259065,0.955757,0.953488,0.956759
sh.600507,2018-08-18,2018-06-30,0.384682,0.193192,0.847127,0.811321,0.853459
sh.600507,2018-10-25,2018-09-30,0.379502,0.102907,0.496074,0.431034,0.503541
sh.600507,2019-02-22,2018-12-31,0.323205,0.116203,0.149690,0.083333,0.152588
sh.600507,2019-04-25,2019-03-31,0.444483,0.121974,-0.145766,-0.238095,-0.156290
sh.600507,2019-08-16,2019-06-30,0.398580,0.366053,-0.183786,-0.239583,-0.191940
sh.600507,2019-10-30,2019-09-30,0.155418,0.208991,-0.439631,-0.469880,-0.448202
sh.600507,2020-02-28,2019-12-31,0.015246,0.346449,-0.415106,-0.432692,-0.415383
sh.600507,2020-04-25,2020-03-31,0.445469,0.113060,-0.440610,-0.406250,-0.423039
sh.600507,2020-08-28,2020-06-30,0.327022,0.021470,-0.230855,-0.328767,-0.221684
sh.600507,2020-10-28,2020-09-30,0.373312,0.081586,0.168438,-0.079545,0.172097
sh.600507,2021-03-17,2020-12-31,0.389831,0.059120,0.258500,0.253165,0.250758
sh.600507,2021-04-17,2021-03-31,0.397287,0.050322,1.067071,1.000000,1.037024
sh.600507,2021-08-28,2021-06-30,0.056498,0.269558,0.815369,0.815789,0.798443
sh.600507,2021-10-30,2021-09-30,0.050522,0.378185,0.431412,0.225926,0.430435
sh.600507,2022-03-19,2021-12-31,0.040961,0.466054,0.278615,0.282828,0.276452
sh.600507,2022-04-29,2022-03-31,0.036890,0.629981,-0.033046,-0.038462,-0.020840
sh.600507,2022-08-27,2022-06-30,-0.048755,0.144203,-0.385934,-0.391304,-0.372490
sh.600507,2022-10-29,2022-09-30,-0.100737,0.123623,-0.506771,-0.510574,-0.492811
sh.600507,2023-03-18,2022-12-31,-0.106760,-0.136993,-0.675144,-0.661417,-0.660976
sh.600507,2023-04-28,2023-03-31,-0.143628,-0.247343,-0.802535,-0.800000,-0.801383
sh.600507,2023-08-30,2023-06-30,0.114306,-0.033633,-0.712034,-0.717391,-0.710272
sh.600507,2023-10-28,2023-09-30,0.128064,-0.036942,-0.499336,-0.509191,-0.499718
sh.600569,2018-04-21,2018-03-31,0.424302,0.005649,1.627377,1.642857,1.642031
sh.600569,2018-08-03,2018-06-30,0.535337,0.042917,38.085876,34.416667,35.621748
sh.600569,2018-10-26,2018-09-30,0.380610,0.019300,0.615244,0.610294,0.610285
sh.600569,2019-03-21,2018-12-31,0.290331,0.034100,0.158849,0.159940,0.159852
sh.600569,2019-04-30,2019-03-31,0.269646,0.095119,-0.607784,-0.555556,-0.556208
sh.600569,2019-08-29,2019-06-30,0.320814,0.095388,-0.762226,-0.795294,-0.753208
sh.600569,2019-10-30,2019-09-30,0.244176,0.145023,-0.766730,-0.779300,-0.759595
sh.600569,2020-04-25,2019-12-31,0.186808,0.115012,-0.872070,-0.876289,-0.861880
sh.600569,2020-04-25,2020-03-31,0.137958,0.088088,-7.945692,-6.041667,-7.099882
sh.600569,2020-08-29,2020-06-30,-0.031959,0.063347,-2.415373,-2.367816,-2.360647
sh.600569,2020-10-30,2020-09-30,-0.022750,0.018217,-0.967422,-0.958621,-0.951801
sh.600569,2021-04-30,2020-12-31,0.007973,0.059672,-0.038783,-0.166667,-0.109289
sh.600569,2021-04-30,2021-03-31,0.065603,0.091185,1.610912,1.595041,1.591971
sh.600569,2021-08-26,2021-06-30,0.124088,0.070875,3.293247,3.252101,3.256596
sh.600569,2021-10-30,2021-09-30,0.110404,0.145874,85.273166,58.833333,55.538417
sh.600569,2022-04-26,2021-12-31,0.088548,0.129987,3.516692,3.475000,3.502065
sh.600569,2022-04-26,2022-03-31,0.013671,0.124085,-3.611191,-3.625000,-3.630486
sh.600569,2022-08-30,2022-06-30,-0.070206,0.124305,-2.124666,-2.123134,-2.120388
sh.600569,2022-10-29,2022-09-30,-0.199849,-0.003197,-2.885935,-2.802228,-2.803880
sh.600569,2023-04-28,2022-12-31,-0.307692,-0.067011,-4.294906,-4.110119,-4.111770
sh.600569,2023-04-28,2023-03-31,-0.311346,-0.096369,0.317218,0.312169,0.314497
sh.600569,2023-08-31,2023-06-30,-0.334422,-0.073230,0.040762,0.043189,0.042635
sh.600569,2023-10-28,2023-09-30,-0.241764,-0.049992,0.538188,0.519320,0.519024
sh.600581,2018-04-28,2018-03-31,0.408888,0.544857,-0.471226,-0.471910,-0.471226
sh.600581,2018-08-24,2018-06-30,0.365236,0.411552,-0.462967,-0.461832,-0.462967
sh.600581,2018-10-26,2018-09-30,0.276541,0.447392,-0.332588,-0.331560,-0.332588
sh.600581,2019-03-26,2018-12-31,0.210120,0.038761,-0.400222,-0.400262,-0.400222
sh.600581,2019-04-26,2019-03-31,0.104907,-0.011591,-2.346440,-2.351064,-2.346440
sh.600581,2019-08-23,2019-06-30,0.173202,-0.010607,-0.426484,-0.425532,-0.426484
sh.600581,2019-10-26,2019-09-30,0.094261,-0.042615,-0.583987,-0.583554,-0.583987
sh.600581,2020-04-28,2019-12-31,0.026540,0.008957,-0.841347,-0.840263,-0.841347
sh.600581,2020-04-28,2020-03-31,0.029151,0.059775,0.016853,0.023622,0.016853
sh.600581,2020-08-28,2020-06-30,0.012479,0.081142,-0.440332,-0.444444,-0.440332
sh.600581,2020-10-29,2020-09-30,0.039171,0.135538,0.259286,0.242038,0.259286
sh.600581,2021-04-13,2020-12-31,0.085645,0.151289,1.845790,1.821918,1.845790
sh.600581,2021-04-24,2021-03-31,0.185016,0.250978,2.014374,2.000000,2.014374
sh.600581,2021-08-28,2021-06-30,0.367717,0.261770,17.405867,17.400000,17.405867
sh.600581,2021-10-30,2021-09-30,0.511588,0.245043,6.367437,6.446154,6.367437
sh.600581,2022-04-12,2021-12-31,-0.187581,0.042441,2.528051,2.500000,2.576707
sh.600581,2022-04-29,2022-03-31,-0.160771,0.280833,-2.756150,-2.887931,-2.843144
sh.600581,2022-08-27,2022-06-30,-0.283567,0.224315,-1.100689,-1.105204,-1.105782
sh.600581,2022-10-29,2022-09-30,-0.452683,0.153089,-1.266590,-1.260238,-1.263478
sh.600581,2023-04-18,2022-12-31,-0.315729,-0.047344,-2.151296,-2.147860,-2.157349
sh.600581,2023-04-29,2023-03-31,-0.373056,-0.016467,-0.413376,-0.399083,-0.399453
sh.600581,2023-08-26,2023-06-30,-0.471721,-0.039909,-4.634503,-4.450549,-4.464061
sh.600581,2023-10-28,2023-09-30,-0.395631,-0.022850,-0.184776,-0.217391,-0.215440
sh.600782,2018-04-27,2018-03-31,0.607273,0.149130,2.150003,1.700000,2.197414
sh.600782,2018-08-21,2018-06-30,0.675512,0.176158,2.667999,2.317073,2.774647
sh.600782,2018-10-30,2018-09-30,0.721823,0.317975,1.811680,1.872390,1.870984
sh.600782,2019-04-23,2018-12-31,0.421300,0.253110,0.883557,0.697248,0.898374
sh.600782,2019-04-27,2019-03-31,0.387328,0.278761,-0.139592,-0.111111,-0.138491
sh.600782,2019-08-20,2019-06-30,0.325473,0.264311,-0.146591,-0.147059,-0.148059
sh.600782,2019-10-30,2019-09-30,0.233238,0.195887,-0.327982,-0.330645,-0.329628
sh.600782,2020-04-21,2019-12-31,0.144174,0.084804,-0.419958,-0.421622,-0.421868
sh.600782,2020-04-28,2020-03-31,0.127103,0.118406,-0.309591,-0.333333,-0.313958
sh.600782,2020-08-22,2020-06-30,0.093695,0.125215,-0.399426,-0.413793,-0.405309
sh.600782,2020-10-31,2020-09-30,0.081167,0.139054,-0.278606,-0.289157,-0.287102
sh.600782,2021-04-20,2020-12-31,0.082306,0.156107,-0.199341,-0.205607,-0.209072
sh.600782,2021-04-28,2021-03-31,0.100858,0.140555,0.924166,0.875000,0.888293
sh.600782,2021-08-20,2021-06-30,0.131170,0.177830,1.230662,1.264706,1.198805
sh.600782,2021-10-30,2021-09-30,0.145202,0.158432,0.842605,0.864407,0.817810
sh.600782,2022-04-26,2021-12-31,0.144724,0.124392,0.627720,0.635294,0.608985
sh.600782,2022-04-29,2022-03-31,0.141293,0.122520,0.044231,0.100000,0.061169
sh.600782,2022-08-23,2022-06-30,0.072345,0.092563,-0.416924,-0.415584,-0.409394
sh.600782,2022-10-29,2022-09-30,0.035809,0.003812,-0.554796,-0.545455,-0.546363
sh.600782,2023-04-18,2022-12-31,-0.030137,-0.097249,-0.765695,-0.762590,-0.759510
sh.600782,2023-04-22,2023-03-31,-0.055090,-0.096123,-0.911709,-0.909091,-0.907117
sh.600782,2023-08-26,2023-06-30,-0.017747,-0.152173,-0.797168,-0.800000,-0.792205
sh.600782,2023-10-28,2023-09-30,-0.013750,-0.114419,-0.696207,-0.700000,-0.693785
sh.600808,2018-04-20,2018-03-31,0.223770,0.030923,0.614632,0.500000,0.572460
sh.600808,2018-08-30,2018-06-30,0.215275,0.103510,1.025197,1.086223,1.086240
sh.600808,2018-10-19,2018-09-30,0.252580,0.095448,0.923876,1.037662,1.037855
sh.600808,2019-03-22,2018-12-31,0.179023,0.064833,0.391494,0.439388,0.439422
sh.600808,2019-04-26,2019-03-31,0.115575,0.077198,-0.896626,-0.944444,-0.940939
sh.600808,2019-08-30,2019-06-30,0.034787,0.121590,-0.632368,-0.666217,-0.666136
sh.600808,2019-10-31,2019-09-30,-0.033440,0.038875,-0.704949,-0.737655,-0.737705
sh.600808,2020-03-31,2019-12-31,-0.044029,0.122932,-0.757166,-0.810184,-0.810181
sh.600808,2020-04-29,2020-03-31,-0.033236,0.086048,1.585777,4.000000,3.506561
sh.600808,2020-08-27,2020-06-30,0.007839,-0.015327,-0.296298,-0.290040,-0.290320
sh.600808,2020-10-31,2020-09-30,0.022812,0.037316,-0.015228,0.063091,0.063325
sh.600808,2021-03-26,2020-12-31,0.053947,-0.065000,0.504144,0.757679,0.757426
sh.600808,2021-04-29,2021-03-31,0.094508,0.043356,2.766165,3.000000,3.003285
sh.600808,2021-08-26,2021-06-30,0.180729,0.151509,4.049835,5.000000,4.716538
sh.600808,2021-10-27,2021-09-30,0.216414,0.154578,2.825522,3.191889,3.191274
sh.600808,2022-03-24,2021-12-31,0.153833,0.130051,1.325067,1.688932,1.689473
sh.600808,2022-04-30,2022-03-31,0.138367,0.051393,-0.193925,-0.200000,-0.170424
sh.600808,2022-08-31,2022-06-30,-0.018109,0.021036,-0.679272,-0.692703,-0.692585
sh.600808,2022-10-29,2022-09-30,-0.095080,0.012350,-0.904722,-0.898183,-0.898198
sh.600808,2023-03-31,2022-12-31,-0.108633,0.062271,-1.136780,-1.166089,-1.160950
sh.600808,2023-04-28,2023-03-31,-0.157343,0.030438,-1.441103,-1.437500,-1.406320
sh.600808,2023-08-31,2023-06-30,-0.146971,-0.120706,-2.506018,-2.560712,-2.565946
sh.600808,2023-10-28,2023-09-30,-0.104830,-0.093285,-3.726007,-3.404403,-3.404754
sh.601003,2018-04-28,2018-03-31,0.704045,-0.047839,4.162950,4.160556,4.162950
sh.601003,2018-08-15,2018-06-30,0.582897,0.070325,4.158043,4.156736,4.158043
sh.601003,2018-10-25,2018-09-30,0.579675,0.061144,1.592726,1.592691,1.592726
sh.601003,2019-03-29,2018-12-31,0.462468,0.081344,0.742023,0.742082,0.742023
sh.601003,2019-04-25,2019-03-31,0.323871,0.096402,-0.633175,-0.633268,-0.633175
sh.601003,2019-08-15,2019-06-30,0.288816,0.007695,-0.379980,-0.379930,-0.379980
sh.601003,2019-10-31,2019-09-30,0.141879,0.127636,-0.544091,-0.544137,-0.544091
sh.601003,2020-04-15,2019-12-31,0.077383,0.059910,-0.490888,-0.490910,-0.490888
sh.601003,2020-04-22,2020-03-31,0.054258,0.049763,-0.571474,-0.571142,-0.571474
sh.601003,2020-08-20,2020-06-30,0.068056,0.079969,-0.389317,-0.389305,-0.389317
sh.601003,2020-10-28,2020-09-30,0.089985,-0.016361,-0.167210,-0.167214,-0.167210
sh.601003,2021-04-28,2020-12-31,-0.098980,0.190480,-0.245587,-0.263736,-0.266322
sh.601003,2021-04-28,2021-03-31,0.080961,1.586864,4.275634,3.333333,3.036170
sh.601003,2021-08-26,2021-06-30,0.188549,1.637738,2.408380,1.466667,1.417763
sh.601003,2021-10-28,2021-09-30,0.177010,1.637136,1.856771,0.875000,0.856420
sh.601003,2022-04-28,2021-12-31,0.068723,0.197426,0.314702,-0.149254,-0.152770
sh.601003,2022-04-28,2022-03-31,-0.030128,0.114344,-1.907358,-1.769231,-1.771198
sh.601003,2022-08-25,2022-06-30,-0.142854,0.035259,-1.566594,-1.506849,-1.509509
sh.601003,2022-10-28,2022-09-30,-0.288621,-0.007868,-2.130986,-2.122222,-2.129618
sh.601003,2023-04-28,2022-12-31,-0.219170,-0.015446,-2.538096,-2.625000,-2.618783
sh.601003,2023-04-28,2023-03-31,-0.164430,-0.000971,1.337738,1.500000,1.524868
sh.601003,2023-08-26,2023-06-30,-0.134203,-0.007201,0.765579,0.837838,0.848750
sh.601003,2023-10-28,2023-09-30,-0.027283,-0.009289,0.755161,0.801980,0.800981
sh.601005,2018-04-26,2018-03-31,22.548521,-0.305742,1.590109,1.307692,1.590006
sh.601005,2018-08-17,2018-06-30,15.700007,-0.331557,1.762985,1.391304,1.763118
sh.601005,2018-10-30,2018-09-30,18.058964,-0.276930,2.676251,1.834171,2.677881
sh.601005,2019-03-29,2018-12-31,0.107683,0.076797,4.590958,4.000000,4.585705
sh.601005,2019-04-26,2019-03-31,0.094204,0.037381,-0.570780,-0.500000,-0.570657
sh.601005,2019-08-12,2019-06-30,0.091075,0.085410,-0.192050,-0.222222,-0.191916
sh.601005,2019-10-28,2019-09-30,0.053799,0.007820,-0.513586,-0.512048,-0.513586
sh.601005,2020-03-30,2019-12-31,0.046641,0.001573,-0.482267,-0.500000,-0.482231
sh.601005,2020-04-30,2020-03-31,0.033874,0.074292,-0.972261,-0.975000,-0.972261
sh.601005,2020-08-26,2020-06-30,0.022337,0.080218,-0.802908,-0.857143,-0.802908
sh.601005,2020-10-27,2020-09-30,0.029984,0.187704,-0.485579,-0.481481,-0.485579
sh.601005,2021-03-20,2020-12-31,0.033124,0.480956,-0.310292,-0.300000,-0.310292
sh.601005,2021-04-30,2021-03-31,0.093843,0.484874,260.780973,239.000000,260.780973
sh.601005,2021-08-30,2021-06-30,0.165102,0.578087,21.224391,29.000000,21.224391
sh.601005,2021-10-30,2021-09-30,0.162665,0.310461,6.776052,6.690476,6.776052
sh.601005,2022-03-31,2021-12-31,0.116613,0.076248,2.562205,2.714286,2.562205
sh.601005,2022-04-27,2022-03-31,0.079876,0.005360,-0.594476,-0.583333,-0.594476
sh.601005,2022-08-31,2022-06-30,0.006727,-0.117268,-0.808525,-0.800000,-0.808525
sh.601005,2022-10-31,2022-09-30,-0.038718,-0.047303,-1.094216,-1.093750,-1.094216
sh.601005,2023-03-31,2022-12-31,-0.046180,-0.084453,-1.448211,-1.423077,-1.448211
sh.601005,2023-04-28,2023-03-31,-0.069389,-0.080780,-1.238041,-1.200000,-1.238041
sh.601005,2023-08-31,2023-06-30,-0.086781,-0.047794,-1.841840,-1.833333,-1.841840
sh.601005,2023-10-28,2023-09-30,-0.060989,0.007940,-1.183139,-1.333333,-1.183139
sh.601686,2020-03-20,2019-06-30,,,,,
sh.601686,2020-11-16,2019-12-31,0.240554,0.189891,1.172760,1.193548,1.232960
sh.601686,2021-04-30,2020-03-31,,,,,
sh.601686,2020-11-16,2020-06-30,0.319135,0.214661,1.244302,1.266667,1.312205
sh.601686,2021-10-30,2020-09-30,,,,,0.929992
sh.601686,2021-04-09,2020-12-31,0.683043,0.337096,0.311469,0.308824,0.322242
sh.601686,2021-04-30,2021-03-31,,,1.218778,1.000000,1.197980
sh.601686,2021-08-25,2021-06-30,0.455835,0.459731,-0.313815,-0.382353,-0.312942
sh.601686,2021-10-30,2021-09-30,0.379124,0.543198,-0.499471,-0.540230,-0.477727
sh.601686,2022-04-16,2021-12-31,-0.003919,0.339769,-0.507274,-0.516854,-0.462751
sh.601686,2022-04-30,2022-03-31,0.026932,0.316438,-0.588143,-0.590909,-0.576739
sh.601686,2022-08-26,2022-06-30,0.035500,0.535865,-0.712602,-0.690476,-0.685937
sh.601686,2022-10-26,2022-09-30,0.019280,0.245550,-0.982909,-0.875000,-0.874730
sh.601686,2023-04-20,2022-12-31,0.032850,0.057460,-0.623077,-0.511628,-0.516341
sh.601686,2023-04-28,2023-03-31,0.060055,0.007981,0.627871,0.666667,0.639831
sh.601686,2023-08-18,2023-06-30,0.002048,-0.179109,0.838534,0.846154,0.795565
sh.601686,2023-10-25,2023-09-30,0.020943,-0.022020,42.727337,5.200000,5.071572
sh.603878,2018-04-25,2018-03-31,0.053856,0.139823,2.698245,3.000000,2.698245
sh.603878,2018-08-29,2018-06-30,0.045886,0.071361,0.545265,0.586207,0.545265
sh.603878,2018-10-26,2018-09-30,0.066062,0.156151,0.557163,0.543478,0.557163
sh.603878,2019-04-26,2018-12-31,0.068509,0.124858,0.557830,0.571429,0.557830
sh.603878,2019-04-26,2019-03-31,0.093773,0.168029,1.489119,1.500000,1.489119
sh.603878,2019-08-15,2019-06-30,0.072410,0.121568,0.635536,0.152174,0.635536
sh.603878,2019-10-25,2019-09-30,0.081861,0.093081,0.710126,0.225352,0.710126
sh.603878,2020-03-31,2019-12-31,0.096964,0.086222,0.581201,0.571429,0.581201
sh.603878,2020-04-28,2020-03-31,0.082157,0.003842,-0.297860,-0.310345,-0.297860
sh.603878,2020-08-10,2020-06-30,0.050693,0.060515,-0.105479,-0.105263,-0.105479
sh.603878,2020-10-23,2020-09-30,0.034150,0.065495,-0.228935,-0.225806,-0.228935
sh.603878,2021-04-23,2020-12-31,0.012633,0.095048,-0.299907,-0.303797,-0.299907
sh.603878,2021-04-23,2021-03-31,0.009061,0.087691,-0.105706,-0.071429,-0.105706
sh.603878,2021-08-25,2021-06-30,0.036607,0.144256,-0.258081,-0.264706,-0.258081
sh.603878,2021-10-28,2021-09-30,0.032603,0.076433,-0.176794,-0.187500,-0.176794
sh.603878,2022-04-26,2021-12-31,0.028126,0.034887,-0.200003,-0.200000,-0.200003
sh.603878,2022-04-26,2022-03-31,0.020722,0.078112,-0.360232,-0.384615,-0.360232
sh.603878,2022-08-19,2022-06-30,0.022065,-0.005640,-0.174179,-0.160000,-0.174179
sh.603878,2022-10-27,2022-09-30,0.023036,0.011199,-0.087778,-0.076923,-0.087778
sh.603878,2023-04-05,2022-12-31,0.043915,0.075313,0.220019,0.227273,0.220019
sh.603878,2023-04-25,2023-03-31,0.058722,0.068231,1.247859,1.250000,1.247859
sh.603878,2023-08-22,2023-06-30,0.066707,0.095363,1.232872,1.200000,1.232872
sh.603878,2023-10-27,2023-09-30,0.085430,0.188063,0.906353,0.884615,0.906353
sh.603995,2020-04-27,2019-03-31,,,,,
sh.603995,2019-11-12,2019-06-30,0.231207,-0.053609,0.050724,0.062500,0.063092
sh.603995,2019-11-12,2019-09-30,,,0.051859,0.053435,0.056542
sh.603995,2020-04-20,2019-12-31,1.011218,0.720141,0.000612,0.005236,0.004849
sh.603995,2020-04-27,2020-03-31,,,0.114817,-0.206897,0.062285
sh.603995,2020-08-18,2020-06-30,0.883127,0.627019,0.071420,-0.200000,0.064157
sh.603995,2020-10-23,2020-09-30,0.838919,0.511954,0.102372,-0.188406,0.084498
sh.603995,2021-04-15,2020-12-31,0.086047,0.195880,0.267654,-0.062500,0.245250
sh.603995,2021-04-27,2021-03-31,0.105935,0.244838,1.011071,1.086957,1.076607
sh.603995,2021-08-25,2021-06-30,0.132911,0.436347,0.842500,0.794118,0.816654
sh.603995,2021-10-19,2021-09-30,0.147097,0.505416,0.717918,0.669643,0.682497
sh.603995,2022-04-12,2021-12-31,0.189269,0.589971,0.444456,0.416667,0.426240
sh.603995,2022-04-27,2022-03-31,0.187093,0.497390,0.158753,0.166667,0.176982
sh.603995,2022-08-18,2022-06-30,0.185812,0.411523,0.094960,-0.262295,0.061515
sh.603995,2022-10-29,2022-09-30,0.147166,0.357802,-0.179979,-0.443850,-0.197172
sh.603995,2023-04-14,2022-12-31,0.072735,0.069274,-0.151064,-0.176136,-0.176744
sh.603995,2023-04-28,2023-03-31,0.364473,0.225816,-0.223141,-0.500000,-0.282611
sh.603995,2023-08-16,2023-06-30,0.389663,0.135442,-0.228784,-0.333333,-0.293205
sh.603995,2023-10-27,2023-09-30,0.345248,0.099104,0.005469,-0.201923,-0.099379
sh.688186,2020-04-28,2020-03-31,,,-0.344243,-0.393939,-0.344243
sh.688186,2020-08-11,2020-06-30,0.766617,0.454726,0.337376,0.092593,0.337376
sh.688186,2020-10-20,2020-09-30,0.767819,0.485596,0.498946,0.186667,0.498946
sh.688186,2021-03-20,2020-12-31,0.718452,0.687415,0.223687,-0.043478,0.223687
sh.688186,2021-04-16,2021-03-31,0.076034,0.763928,1.422827,0.950000,1.412300
sh.688186,2021-08-14,2021-06-30,0.091913,0.660788,0.654385,0.542373,0.680390
sh.688186,2021-10-29,2021-09-30,0.833856,1.010896,0.318787,0.213483,0.371977
sh.688186,2022-03-21,2021-12-31,0.788136,0.807537,-0.026170,-0.136364,0.016981
sh.688186,2022-04-29,2022-03-31,0.736050,0.637925,-0.635687,-0.743590,-0.679402
sh.688186,2022-08-26,2022-06-30,0.717478,0.536025,-0.573357,-0.703297,-0.615352
sh.688186,2022-10-31,2022-09-30,0.003596,0.271199,-0.521114,-0.657407,-0.579128
sh.688186,2023-04-22,2022-12-31,0.096968,0.395798,-0.330171,-0.494737,-0.415481
sh.688186,2023-04-22,2023-03-31,0.113305,0.253295,2.229295,2.400000,2.475036
sh.688186,2023-08-25,2023-06-30,0.127158,0.229904,0.503339,0.481481,0.486328
sh.688186,2023-10-31,2023-09-30,0.120097,0.171359,0.392572,0.378378,0.367519
sz.000708,2018-04-21,2018-03-31,0.087182,0.180063,0.387200,0.393103,0.387200
sz.000708,2018-08-16,2018-06-30,0.085380,0.196869,0.350214,0.351544,0.350214
sz.000708,2018-10-27,2018-09-30,0.092552,0.159280,0.366152,0.366129,0.366152
sz.000708,2019-02-27,2018-12-31,0.093180,0.167078,0.291916,0.291240,0.291916
sz.000708,2019-04-23,2019-03-31,0.090025,0.080611,-0.050296,-0.054455,-0.050296
sz.000708,2019-08-20,2019-06-30,0.046949,0.052911,0.150158,0.149385,0.150158
sz.000708,2019-10-23,2019-09-30,4.752910,8.327440,0.375531,0.366667,0.373306
sz.000708,2020-03-06,2019-12-31,0.312491,0.034515,0.223430,0.350746,0.504484
sz.000708,2020-04-22,2020-03-31,4.915779,9.380959,0.038240,0.038186,0.038184
sz.000708,2020-08-18,2020-06-30,4.770226,8.583145,-0.005648,-0.005474,-0.005686
sz.000708,2020-10-17,2020-09-30,0.084989,0.141974,0.042430,0.042373,0.042346
sz.000708,2021-03-02,2020-12-31,0.122994,0.066900,0.118593,0.112150,0.118448
sz.000708,2021-04-28,2021-03-31,0.008119,0.052485,0.492172,0.492188,0.492026
sz.000708,2021-08-17,2021-06-30,0.159529,0.110614,0.522396,0.509091,0.522885
sz.000708,2021-10-12,2021-09-30,0.159810,0.127863,0.393817,0.394890,0.394227
sz.000708,2022-03-11,2021-12-31,0.156520,0.095628,0.318894,0.316667,0.318366
sz.000708,2022-04-23,2022-03-31,0.336128,0.176980,0.010323,0.010471,0.009275
sz.000708,2022-08-16,2022-06-30,0.141900,0.095297,-0.096765,-0.096386,-0.098069
sz.000708,2022-10-26,2022-09-30,0.130664,0.032335,-0.063495,-0.065532,-0.065098
sz.000708,2023-03-18,2022-12-31,0.111799,0.071701,-0.086877,-0.084416,-0.086446
sz.000708,2023-04-22,2023-03-31,0.060975,0.281999,-0.229229,-0.240933,-0.240068
sz.000708,2023-08-19,2023-06-30,0.079633,0.262652,-0.179171,-0.200000,-0.195167
sz.000708,2023-10-28,2023-09-30,0.062675,0.293092,-0.189885,-0.210383,-0.210900
sz.000709,2018-04-20,2018-03-31,0.015032,0.023496,-0.363521,-0.426230,-0.425719
sz.000709,2018-08-30,2018-06-30,0.095752,0.051908,0.686180,0.457627,0.456674
sz.000709,2018-10-26,2018-09-30,0.214948,0.098500,0.690950,0.531401,0.535754
sz.000709,2019-04-26,2018-12-31,0.230150,0.097810,1.060961,0.882353,0.995702
sz.000709,2019-04-26,2019-03-31,0.228636,0.082767,0.025573,-0.250000,-0.008621
sz.000709,2019-08-27,2019-06-30,0.119040,0.068425,-0.361138,-0.482558,-0.358697
sz.000709,2019-10-30,2019-09-30,-0.005619,0.016838,-0.476818,-0.567823,-0.470982
sz.000709,2020-04-23,2019-12-31,0.003928,0.015279,-0.344228,-0.375000,-0.294194
sz.000709,2020-04-23,2020-03-31,0.002482,0.023071,-0.467969,-0.666667,-0.379428
sz.000709,2020-08-26,2020-06-30,0.029631,-0.013260,-0.446221,-0.494382,-0.406988
sz.000709,2020-10-30,2020-09-30,0.026530,0.066352,-0.291241,-0.423358,-0.347885
sz.000709,2021-04-23,2020-12-31,0.004861,0.081156,-0.290449,-0.400000,-0.333255
sz.000709,2021-04-23,2021-03-31,0.026074,0.141521,1.104871,3.000000,1.109923
sz.000709,2021-08-20,2021-06-30,-0.034061,0.164698,1.132795,2.250000,1.216288
sz.000709,2021-10-23,2021-09-30,-0.114686,0.032506,0.793148,1.645570,1.041531
sz.000709,2022-04-22,2021-12-31,-0.117904,0.009077,0.477858,1.000000,0.583245
sz.000709,2022-04-22,2022-03-31,-0.119694,0.022909,-0.254799,-0.250000,-0.352685
sz.000709,2022-08-26,2022-06-30,-0.075516,-0.001612,-0.337255,-0.276923,-0.359817
sz.000709,2022-10-26,2022-09-30,0.038932,0.088550,-0.502001,-0.468900,-0.509179
sz.000709,2023-04-28,2022-12-31,0.076464,0.040307,-0.473239,-0.458333,-0.481031
sz.000709,2023-04-28,2023-03-31,0.073988,0.023478,-0.183787,-0.333333,-0.182461
sz.000709,2023-08-31,2023-06-30,0.111837,0.053970,-0.426830,-0.574468,-0.475491
sz.000709,2023-10-31,2023-09-30,0.099357,0.021944,-0.265835,-0.459459,-0.307705
sz.000717,2018-04-20,2018-03-31,5.114822,-0.062578,4.104187,4.103597,4.104187
sz.000717,2018-08-28,2018-06-30,3.222530,0.036327,1.626854,1.626990,1.626854
sz.000717,2018-10-30,2018-09-30,1.571516,0.064587,0.540206,0.540281,0.540206
sz.000717,2019-03-29,2018-12-31,0.704811,-0.042459,0.282044,0.282109,0.282044
sz.000717,2019-04-30,2019-03-31,0.717687,0.155767,-0.522715,-0.522643,-0.522715
sz.000717,2019-08-20,2019-06-30,0.534851,0.082977,-0.426677,-0.426663,-0.426677
sz.000717,2019-10-31,2019-09-30,0.314286,0.046522,-0.532323,-0.532339,-0.532323
sz.000717,2020-03-31,2019-12-31,0.294829,0.045335,-0.448490,-0.448485,-0.448490
sz.000717,2020-04-30,2020-03-31,0.272296,0.110746,-0.083652,-0.083532,-0.083652
sz.000717,2020-08-28,2020-06-30,0.178277,0.076201,-0.182601,-0.182561,-0.182601
sz.000717,2020-10-30,2020-09-30,0.186269,0.132650,-0.059997,-0.060049,-0.059997
sz.000717,2021-04-28,2020-12-31,0.188985,0.034062,0.020650,0.020565,0.020650
sz.000717,2021-04-29,2021-03-31,0.185774,0.217096,0.119217,0.119141,0.119217
sz.000717,2021-08-26,2021-06-30,0.215785,0.274555,0.460903,0.460696,0.460903
sz.000717,2021-10-29,2021-09-30,0.207464,0.181904,0.326403,0.326432,0.326403
sz.000717,2022-04-28,2021-12-31,0.151808,0.159880,0.032709,0.032761,0.032709
sz.000717,2022-04-29,2022-03-31,0.115338,0.009030,-0.740324,-0.740547,-0.740324
sz.000717,2022-08-31,2022-06-30,0.039619,0.074908,-0.830026,-0.830290,-0.830026
sz.000717,2022-10-27,2022-09-30,-0.082297,-0.047377,-1.403965,-1.403209,-1.403965
sz.000717,2023-04-28,2022-12-31,-0.161015,-0.022519,-1.675151,-1.673968,-1.675151
sz.000717,2023-04-29,2023-03-31,-0.172546,-0.016787,-0.946424,-0.945534,-0.946424
sz.000717,2023-08-23,2023-06-30,-0.150792,-0.090066,-0.985735,-0.985683,-0.985735
sz.000717,2023-10-30,2023-09-30,-0.085221,-0.005082,0.841029,0.840926,0.841029
sz.000761,2018-04-20,2018-03-31,0.431295,0.064801,0.145512,-0.072165,0.158519
sz.000761,2018-08-28,2018-06-30,0.423625,0.172092,0.430226,0.167665,0.445570
sz.000761,2018-10-30,2018-09-30,0.346388,0.053737,-0.384708,-0.511628,-0.381561
sz.000761,2019-04-19,2018-12-31,0.336044,-0.053424,-0.356167,-0.466667,-0.352236
sz.000761,2019-04-19,2019-03-31,0.040994,0.058327,-0.227467,-0.222222,-0.225375
sz.000761,2019-08-29,2019-06-30,0.028843,-0.040748,-0.402440,-0.400000,-0.401270
sz.000761,2019-10-29,2019-09-30,0.026838,0.067301,-0.409695,-0.380952,-0.409295
sz.000761,2020-04-24,2019-12-31,0.018896,0.018428,-0.462582,-0.474265,-0.463916
sz.000761,2020-04-24,2020-03-31,0.013816,0.039200,-0.340297,-0.285714,-0.344645
sz.000761,2020-08-25,2020-06-30,0.018476,0.020944,-0.433899,-0.416667,-0.438132
sz.000761,2020-10-30,2020-09-30,0.077440,0.022605,-0.408737,-0.461538,-0.418370
sz.000761,2021-04-28,2020-12-31,0.078544,0.070409,-0.296988,-0.307692,-0.308459
sz.000761,2021-04-28,2021-03-31,0.103727,0.064511,2.872340,2.600000,2.857333
sz.000761,2021-08-26,2021-06-30,0.176175,0.032557,7.670464,7.142857,7.674056
sz.000761,2021-10-23,2021-09-30,0.136282,0.031469,12.207594,12.142857,12.323969
sz.000761,2022-03-26,2021-12-31,0.070542,-0.151680,5.471948,5.000000,5.507651
sz.000761,2022-04-27,2022-03-31,0.057084,-0.230170,-0.362532,-0.388889,-0.367988
sz.000761,2022-08-19,2022-06-30,-0.112601,-0.273890,-0.739127,-0.754386,-0.745683
sz.000761,2022-10-28,2022-09-30,-0.167082,-0.326056,-1.063135,-1.065217,-1.068280
sz.000761,2023-03-30,2022-12-31,-0.164963,-0.200055,-1.476016,-1.500000,-1.493076
sz.000761,2023-04-28,2023-03-31,-0.179282,-0.071467,-0.877484,-0.909091,-0.890482
sz.000761,2023-08-31,2023-06-30,-0.136604,-0.024366,-2.695652,-2.747143,-2.789002
sz.000761,2023-10-31,2023-09-30,-0.112974,0.029089,-4.048994,-4.000000,-3.830161
sz.000778,2018-04-27,2018-03-31,0.031297,-0.024804,0.711614,0.636678,0.637520
sz.000778,2018-08-21,2018-06-30,0.035527,-0.019232,1.424490,1.197989,1.263713
sz.000778,2018-10-30,2018-09-30,0.029985,-0.001472,1.373491,1.197094,1.240423
sz.000778,2019-04-02,2018-12-31,0.041215,0.053065,0.913980,0.899351,0.927615
sz.000778,2019-04-30,2019-03-31,0.064762,0.057374,0.075265,-0.158061,-0.157525
sz.000778,2019-08-27,2019-06-30,0.056895,-0.004141,-0.171212,-0.277973,-0.278052
sz.000778,2019-10-29,2019-09-30,0.036818,0.017280,-0.217213,-0.278537,-0.278564
sz.000778,2020-04-24,2019-12-31,0.031529,-0.043833,-0.220210,-0.287559,-0.287554
sz.000778,2020-04-29,2020-03-31,0.020604,-0.026315,-0.105981,0.126408,0.126342
sz.000778,2020-08-25,2020-06-30,0.023338,0.043994,-0.040357,0.062866,0.062900
sz.000778,2020-10-27,2020-09-30,0.041138,0.009589,0.051390,0.105376,0.105503
sz.000778,2021-04-13,2020-12-31,0.044787,0.073132,0.238101,0.210611,0.210620
sz.000778,2021-04-30,2021-03-31,0.042979,0.006563,0.480050,0.205556,0.204922
sz.000778,2021-08-24,2021-06-30,0.040379,-0.016689,0.666967,0.530032,0.530257
sz.000778,2021-10-26,2021-09-30,0.068790,0.010976,0.335642,0.325504,0.325531
sz.000778,2022-04-19,2021-12-31,0.063541,0.003610,0.110117,0.107245,0.107203
sz.000778,2022-04-27,2022-03-31,0.071359,0.079449,0.187534,0.313364,0.313993
sz.000778,2022-08-23,2022-06-30,0.053078,0.094129,-0.190587,-0.201079,-0.201036
sz.000778,2022-10-25,2022-09-30,0.040619,0.076058,-0.237295,-0.279967,-0.280219
sz.000778,2023-04-11,2022-12-31,0.047271,0.047510,-0.120060,-0.164678,-0.164834
sz.000778,2023-04-27,2023-03-31,0.039379,0.044665,-0.439690,-0.400000,-0.400190
sz.000778,2023-08-22,2023-06-30,0.038365,0.020086,-0.284116,-0.211553,-0.211977
sz.000778,2023-10-24,2023-09-30,0.033641,0.001494,-0.265263,-0.209612,-0.209555
sz.000825,2018-04-20,2018-03-31,0.245754,0.003216,3.969648,3.491228,3.510935
sz.000825,2018-08-31,2018-06-30,0.228680,0.009424,3.150337,2.830769,2.832266
sz.000825,2018-10-31,2018-09-30,0.207559,0.009630,0.944433,0.881266,0.881986
sz.000825,2019-04-26,2018-12-31,0.132365,-0.035879,0.123866,0.077682,0.076892
sz.000825,2019-04-26,2019-03-31,0.084852,-0.054326,-0.768533,-0.761719,-0.764057
sz.000825,2019-08-31,2019-06-30,0.095312,-0.037033,-0.591147,-0.588353,-0.588997
sz.000825,2019-10-19,2019-09-30,0.071227,-0.032014,-0.549826,-0.545582,-0.545320
sz.000825,2020-04-25,2019-12-31,0.048629,-0.031676,-0.579641,-0.574371,-0.574293
sz.000825,2020-04-25,2020-03-31,0.041647,0.013306,-0.597868,-0.573770,-0.566601
sz.000825,2020-08-22,2020-06-30,0.029570,-0.008249,-0.499916,-0.492683,-0.493764
sz.000825,2020-10-30,2020-09-30,0.016887,0.015142,-0.416521,-0.419753,-0.420273
sz.000825,2021-04-24,2020-12-31,0.030311,-0.017972,-0.171754,-0.180108,-0.181065
sz.000825,2021-04-24,2021-03-31,0.087058,0.037806,12.933050,11.576923,11.485261
sz.000825,2021-08-21,2021-06-30,0.153356,0.065216,7.264694,6.990385,7.024990
sz.000825,2021-10-30,2021-09-30,0.209982,0.033312,5.448607,5.345745,5.349844
sz.000825,2022-04-23,2021-12-31,0.065588,-0.010234,2.655323,2.632787,2.636327
sz.000825,2022-04-23,2022-03-31,0.043079,-0.027827,-0.315421,-0.318043,-0.318001
sz.000825,2022-08-20,2022-06-30,-0.002590,-0.039339,-0.573694,-0.575211,-0.575071
sz.000825,2022-10-27,2022-09-30,-0.084394,0.031485,-0.850928,-0.851635,-0.850970
sz.000825,2023-04-22,2022-12-31,-0.006948,0.077812,-0.976773,-0.976534,-0.975666
sz.000825,2023-04-22,2023-03-31,-0.057965,0.056564,-1.514594,-1.466368,-1.465330
sz.000825,2023-08-25,2023-06-30,-0.069732,0.018824,-1.301608,-1.246459,-1.246265
sz.000825,2023-10-31,2023-09-30,-0.037003,-0.060653,-1.411732,-1.293785,-1.292444
sz.000898,2018-04-19,2018-03-31,0.122057,-0.017696,0.474466,0.486486,0.487371
sz.000898,2018-08-28,2018-06-30,0.117184,0.058881,0.907701,0.920635,0.919364
sz.000898,2018-10-30,2018-09-30,0.066275,0.040573,0.801051,0.807252,0.807277
sz.000898,2019-03-19,2018-12-31,-0.003777,-0.050440,0.196689,0.198473,0.197951
sz.000898,2019-04-30,2019-03-31,0.016113,-0.018319,-0.782723,-0.780303,-0.781904
sz.000898,2019-08-31,2019-06-30,0.002052,-0.036014,-0.678918,-0.677966,-0.679126
sz.000898,2019-10-30,2019-09-30,0.023431,-0.023591,-0.749015,-0.748971,-0.748797
sz.000898,2020-03-28,2019-12-31,0.002252,-0.024616,-0.778672,-0.775414,-0.775277
sz.000898,2020-04-29,2020-03-31,-0.000115,-0.002974,-0.298795,-0.295455,-0.299760
sz.000898,2020-08-29,2020-06-30,0.006453,0.005462,-0.646770,-0.651316,-0.649123
sz.000898,2020-10-24,2020-09-30,0.016557,-0.015840,-0.223837,-0.229508,-0.230546
sz.000898,2021-03-31,2020-12-31,0.024693,0.002710,0.134091,0.105263,0.106883
sz.000898,2021-04-30,2021-03-31,0.048266,-0.009247,4.254296,4.225806,4.205479
sz.000898,2021-08-28,2021-06-30,0.109938,0.016307,9.337972,9.396226,9.366000
sz.000898,2021-10-30,2021-09-30,0.136833,0.046640,4.627715,4.645390,4.652075
sz.000898,2022-03-31,2021-12-31,0.118074,0.107671,2.486473,2.504762,2.501011
sz.000898,2022-04-28,2022-03-31,0.112278,0.131869,-0.013917,-0.006289,-0.012000
sz.000898,2022-08-27,2022-06-30,0.032843,0.054172,-0.668835,-0.671480,-0.670633
sz.000898,2022-10-29,2022-09-30,-0.032908,0.025979,-0.971697,-0.973783,-0.974393
sz.000898,2023-03-31,2022-12-31,-0.042348,-0.017405,-0.973421,-0.977027,-0.977599
sz.000898,2023-04-28,2023-03-31,-0.050300,-0.013417,-1.097446,-1.101266,-1.100540
sz.000898,2023-08-31,2023-06-30,-0.048444,-0.005122,-1.771231,-1.785714,-1.784382
sz.000898,2023-10-31,2023-09-30,-0.036915,0.020012,-10.785047,-11.714286,-11.958549
sz.000932,2018-04-28,2018-03-31,0.813557,0.065413,4.357792,3.987255,3.987405
sz.000932,2018-08-25,2018-06-30,0.917697,0.033343,2.592288,2.595711,2.595872
sz.000932,2018-10-31,2018-09-30,0.769350,0.016332,1.070881,1.129721,1.129828
sz.000932,2019-03-28,2018-12-31,0.642702,-0.011685,0.624794,0.645298,0.645338
sz.000932,2019-04-29,2019-03-31,0.568078,-0.026650,-0.173487,-0.287792,-0.287803
sz.000932,2019-08-17,2019-06-30,0.434201,0.001807,-0.224064,-0.349417,-0.349381
sz.000932,2019-10-31,2019-09-30,0.334478,0.130478,-0.329848,-0.423717,-0.423735
sz.000932,2020-03-19,2019-12-31,0.425823,-0.002295,-0.319992,-0.404807,-0.404785
sz.000932,2020-04-29,2020-03-31,0.577586,0.162661,-0.293748,-0.342217,-0.045204
sz.000932,2020-08-27,2020-06-30,0.503507,0.150764,-0.125565,-0.149776,0.234096
sz.000932,2020-10-31,2020-09-30,0.517456,0.056203,-0.015330,-0.041995,0.390773
sz.000932,2021-03-31,2020-12-31,0.193639,0.094208,0.046996,0.003173,0.456291
sz.000932,2021-04-29,2021-03-31,0.216183,0.161119,0.754212,0.810373,0.810639
sz.000932,2021-08-28,2021-06-30,0.343413,0.229761,0.812863,0.817961,0.843919
sz.000932,2021-10-26,2021-09-30,0.379360,0.221223,0.584007,0.534271,0.604955
sz.000932,2022-04-30,2021-12-31,0.348090,0.174328,0.503056,0.419494,0.513613
sz.000932,2022-04-30,2022-03-31,0.331243,0.097848,0.056573,-0.088033,0.028159
sz.000932,2022-08-25,2022-06-30,0.187597,0.073434,-0.293969,-0.383252,-0.314538
sz.000932,2022-10-29,2022-09-30,0.119460,0.054960,-0.292370,-0.386705,-0.339119
sz.000932,2023-03-24,2022-12-31,0.099744,0.123222,-0.266809,-0.376612,-0.341045
sz.000932,2023-04-29,2023-03-31,0.063366,0.173831,-0.575160,-0.673757,-0.673913
sz.000932,2023-08-24,2023-06-30,0.070574,0.150003,-0.236232,-0.327970,-0.327906
sz.000932,2023-10-31,2023-09-30,0.073728,0.157328,-0.111176,-0.199946,-0.199966
sz.000959,2018-04-13,2018-03-31,0.016531,0.030619,-0.170943,0.015974,0.015999
sz.000959,2018-08-17,2018-06-30,0.016474,0.028498,0.433304,0.501115,0.501207
sz.000959,2018-10-18,2018-09-30,0.020291,0.033569,0.178362,0.214586,0.214706
sz.000959,2019-04-26,2018-12-31,-0.040569,0.007064,0.072079,0.087341,0.087350
sz.000959,2019-04-26,2019-03-31,-0.040839,-0.019299,-0.409145,-0.457023,-0.456520
sz.000959,2019-07-25,2019-06-30,0.002162,0.016762,-0.296235,-0.296695,-0.296631
sz.000959,2019-10-29,2019-09-30,0.037999,0.037203,-0.428932,-0.422535,-0.422473
sz.000959,2020-04-24,2019-12-31,0.066311,0.046368,-0.473472,-0.479533,-0.479543
sz.000959,2020-04-24,2020-03-31,0.041410,0.065179,-0.292016,-0.274131,-0.275192
sz.000959,2020-08-29,2020-06-30,0.029581,0.039932,-0.476589,-0.438068,-0.438068
sz.000959,2020-10-22,2020-09-30,0.048608,0.056707,-0.029783,0.028717,0.028460
sz.000959,2021-04-29,2020-12-31,0.077281,-0.017057,0.424714,0.506917,0.506805
sz.000959,2021-04-29,2021-03-31,0.106336,0.033439,4.123405,4.275401,4.281644
sz.000959,2021-08-20,2021-06-30,0.412860,0.050057,5.398297,5.060667,5.562499
sz.000959,2021-10-30,2021-09-30,0.450364,0.048848,3.546540,3.379263,4.006889
sz.000959,2022-04-29,2021-12-31,0.444358,0.019702,2.453355,2.343500,2.926404
sz.000959,2022-04-29,2022-03-31,0.429848,0.007282,-0.119988,-0.201216,0.009831
sz.000959,2022-08-24,2022-06-30,0.274934,-0.034863,-0.518216,-0.592593,-0.487046
sz.000959,2022-10-28,2022-09-30,0.186417,-0.067168,-0.696367,-0.750494,-0.694069
sz.000959,2023-04-21,2022-12-31,0.151273,-0.041950,-0.820706,-0.869219,-0.841758
sz.000959,2023-04-21,2023-03-31,0.130291,-0.036888,-1.040556,-1.046963,-1.054764
sz.000959,2023-08-12,2023-06-30,-0.006978,-0.038969,-0.768352,-0.779920,-0.771428
sz.000959,2023-10-27,2023-09-30,0.018965,-0.034726,-0.517579,-0.494925,-0.479549
sz.002075,2018-04-24,2018-03-31,0.276119,0.158773,1.477446,1.395833,1.388841
sz.002075,2018-08-08,2018-06-30,0.374436,0.207777,2.099888,2.421237,2.423260
sz.002075,2018-10-18,2018-09-30,0.395502,0.165974,1.572704,1.686158,1.685889
sz.002075,2019-03-05,2018-12-31,0.316687,0.193245,0.601832,0.670846,0.670027
sz.002075,2019-04-24,2019-03-31,0.259049,0.128757,-0.627668,-0.606586,-0.606227
sz.002075,2019-08-16,2019-06-30,0.179036,0.109888,-0.541593,-0.559686,-0.559686
sz.002075,2019-10-24,2019-09-30,0.119288,0.087091,-0.636514,-0.627277,-0.627273
sz.002075,2020-03-31,2019-12-31,0.113689,-0.000735,-0.576943,-0.547170,-0.550683
sz.002075,2020-04-25,2020-03-31,0.104807,0.082414,-0.070419,-0.019824,-0.019870
sz.002075,2020-08-22,2020-06-30,0.044669,0.057417,-0.185535,-0.116279,-0.114515
sz.002075,2020-10-26,2020-09-30,0.043640,0.084209,0.151979,0.171037,0.169641
sz.002075,2021-03-25,2020-12-31,0.051938,0.145593,0.263920,0.250000,0.228147
sz.002075,2021-04-27,2021-03-31,0.076144,0.158947,1.346331,1.303371,1.288832
sz.002075,2021-08-10,2021-06-30,0.124040,0.160125,1.285772,1.183333,1.164536
sz.002075,2021-10-23,2021-09-30,0.163351,0.241690,0.965131,0.916539,0.907590
sz.002075,2022-04-09,2021-12-31,0.172910,0.167210,0.740163,0.700000,0.712510
sz.002075,2022-04-27,2022-03-31,0.160551,0.145868,-0.153095,-0.123902,-0.123686
sz.002075,2022-08-20,2022-06-30,0.137136,0.153980,-0.395937,-0.339092,-0.339091
sz.002075,2022-10-26,2022-09-30,0.093772,0.085134,-0.540872,-0.484865,-0.484740
sz.002075,2023-04-24,2022-12-31,0.045021,0.095129,-0.620257,-0.588235,-0.592647
sz.002075,2023-04-24,2023-03-31,0.020784,0.055828,-0.773298,-0.738307,-0.738780
sz.002075,2023-08-24,2023-06-30,0.013997,0.077307,-0.737408,-0.705167,-0.704927
sz.002075,2023-10-28,2023-09-30,0.012817,0.184195,-0.642349,-0.611340,-0.611323
sz.002110,2018-04-28,2018-03-31,0.553718,0.293320,1.369069,1.367003,1.369069
sz.002110,2018-08-30,2018-06-30,0.862411,0.805648,1.104112,1.360382,1.360859
sz.002110,2018-10-26,2018-09-30,0.792234,0.710938,0.454692,0.592965,0.596233
sz.002110,2019-03-30,2018-12-31,0.390455,0.277553,0.134769,0.198795,0.200428
sz.002110,2019-04-27,2019-03-31,0.610506,0.621013,-0.329446,-0.330296,-0.330231
sz.002110,2019-08-28,2019-06-30,0.140774,0.128236,-0.327587,-0.328279,-0.328085
sz.002110,2019-10-23,2019-09-30,0.048316,0.047225,-0.453854,-0.454976,-0.454542
sz.002110,2020-04-16,2019-12-31,0.021766,0.054970,-0.434512,-0.433962,-0.435494
sz.002110,2020-04-25,2020-03-31,-0.003228,0.098770,-0.476411,-0.477041,-0.476241
sz.002110,2020-08-28,2020-06-30,0.109393,0.506552,-0.540691,-0.541188,-0.540776
sz.002110,2020-10-24,2020-09-30,0.109124,0.463247,-0.408683,-0.404412,-0.408555
sz.002110,2021-04-23,2020-12-31,-0.016370,0.200484,-0.408566,-0.409091,-0.408984
sz.002110,2021-04-29,2021-03-31,0.105835,0.428551,0.621102,0.630901,0.618716
sz.002110,2021-08-18,2021-06-30,0.150092,0.199317,1.325259,1.344468,1.322057
sz.002110,2021-10-28,2021-09-30,0.140288,0.218262,0.704944,0.703704,0.701376
sz.002110,2022-04-27,2021-12-31,0.138133,0.061803,0.558651,0.576923,0.556883
sz.002110,2022-04-28,2022-03-31,0.115031,0.034893,-0.422635,-0.423684,-0.423889
sz.002110,2022-08-19,2022-06-30,-0.015413,0.026138,-0.830801,-0.832591,-0.832626
sz.002110,2022-10-28,2022-09-30,-0.059714,0.026921,-0.975070,-0.978261,-0.977726
sz.002110,2023-04-28,2022-12-31,-0.081418,0.007595,-0.962472,-0.963415,-0.965136
sz.002110,2023-04-28,2023-03-31,-0.105017,0.069764,-1.121525,-1.136364,-1.124806
sz.002110,2023-08-25,2023-06-30,-0.030388,0.027232,-1.364443,-1.368421,-1.378925
sz.002110,2023-10-27,2023-09-30,-0.032658,-0.015521,-7.963522,-9.000000,-8.907978
sz.002318,2018-04-24,2018-03-31,0.116456,0.314288,1.114515,1.000000,0.983390
sz.002318,2018-08-14,2018-06-30,0.103919,0.266588,1.052271,1.000000,0.984428
sz.002318,2018-10-23,2018-09-30,0.117982,0.243183,1.018383,1.000000,0.995842
sz.002318,2019-03-19,2018-12-31,0.094770,0.046683,1.394301,1.250000,1.268920
sz.002318,2019-04-29,2019-03-31,0.101221,0.029715,0.428662,0.488656,0.488654
sz.002318,2019-08-27,2019-06-30,0.078162,0.093027,0.597349,0.562500,0.593218
sz.002318,2019-10-30,2019-09-30,0.107397,0.136589,0.837058,0.769231,0.799318
sz.002318,2020-03-31,2019-12-31,0.078228,0.153683,0.646529,0.638889,0.646837
sz.002318,2020-04-24,2020-03-31,0.078880,0.178423,0.119120,0.107855,0.108282
sz.002318,2020-08-25,2020-06-30,0.092834,0.175036,0.190419,0.200000,0.202028
sz.002318,2020-10-27,2020-09-30,0.123733,0.186650,0.404385,0.413043,0.415724
sz.002318,2021-04-27,2020-12-31,0.404895,0.140690,0.528623,0.542373,0.542927
sz.002318,2021-04-27,2021-03-31,0.378074,0.099830,0.814192,0.666667,0.787156
sz.002318,2021-08-03,2021-06-30,0.370266,0.061693,0.485391,0.300000,0.484965
sz.002318,2021-10-30,2021-09-30,0.321154,0.091070,0.121385,-0.015385,0.114987
sz.002318,2022-04-26,2021-12-31,0.060682,0.147986,0.034059,-0.087912,0.029230
sz.002318,2022-04-26,2022-03-31,0.096954,0.215995,0.355384,0.345763,0.364676
sz.002318,2022-08-09,2022-06-30,0.113112,0.230430,0.336968,0.358974,0.343986
sz.002318,2022-10-24,2022-09-30,0.181520,0.261883,0.424181,0.421875,0.433124
sz.002318,2023-03-21,2022-12-31,0.220063,0.260799,0.618004,0.614458,0.621814
sz.002318,2023-04-25,2023-03-31,0.222247,0.249155,0.207557,0.200000,0.199982
sz.002318,2023-08-29,2023-06-30,0.249148,0.278058,0.407505,0.377358,0.407388
sz.002318,2023-10-31,2023-09-30,0.193356,0.255203,0.257960,0.252747,0.262530
sz.002443,2018-04-21,2018-03-31,0.072717,0.012063,0.784258,1.000000,0.474241
sz.002443,2018-08-22,2018-06-30,0.083511,0.015407,0.807037,0.857143,0.709843
sz.002443,2018-10-25,2018-09-30,0.054705,0.156627,0.114523,0.000000,0.026091
sz.002443,2019-04-25,2018-12-31,0.065283,0.153984,0.237475,0.193548,0.174353
sz.002443,2019-04-25,2019-03-31,0.080375,0.052060,3.205873,3.000000,3.397634
sz.002443,2019-08-20,2019-06-30,0.076821,0.074637,0.503053,0.384615,0.450407
sz.002443,2019-10-24,2019-09-30,0.063256,-0.082670,0.459807,0.476190,0.468984
sz.002443,2020-04-25,2019-12-31,0.075586,-0.012406,0.429391,0.432432,0.442316
sz.002443,2020-04-25,2020-03-31,0.074389,0.028632,0.007862,0.000000,0.010684
sz.002443,2020-08-20,2020-06-30,0.117345,0.051601,2.426341,2.833333,2.748188
sz.002443,2020-10-23,2020-09-30,0.184237,0.097759,1.743533,1.903226,1.919494
sz.002443,2021-04-23,2020-12-31,0.175460,0.089329,1.076466,1.113208,1.120117
sz.002443,2021-04-23,2021-03-31,0.186541,0.110026,0.730326,0.875000,0.814438
sz.002443,2021-08-21,2021-06-30,0.090729,0.172811,-0.435317,-0.463768,-0.454308
sz.002443,2021-10-23,2021-09-30,0.079677,0.230550,-0.370477,-0.388889,-0.388641
sz.002443,2022-04-23,2021-12-31,0.070938,0.098105,-0.321847,-0.339286,-0.339906
sz.002443,2022-04-23,2022-03-31,0.058920,0.096336,-0.350942,-0.400000,-0.382248
sz.002443,2022-08-20,2022-06-30,0.037811,0.063540,-0.326390,-0.351351,-0.351014
sz.002443,2022-10-22,2022-09-30,0.015582,-0.033763,-0.427143,-0.454545,-0.456198
sz.002443,2023-04-22,2022-12-31,0.008856,0.066860,-0.360579,-0.391892,-0.389441
sz.002443,2023-04-22,2023-03-31,0.013415,0.051737,0.324211,0.333333,0.303580
sz.002443,2023-08-18,2023-06-30,0.073447,-0.067861,0.115688,0.083333,0.079979
sz.002443,2023-10-24,2023-09-30,0.093100,0.006921,0.468564,0.466667,0.458501
sz.002478,2018-04-25,2018-03-31,0.230985,0.396405,1.110152,0.000000,1.258732
sz.002478,2018-08-24,2018-06-30,0.433021,0.609682,2.227594,1.625000,2.332172
sz.002478,2018-10-26,2018-09-30,0.431119,0.652477,2.821510,2.166667,2.859437
sz.002478,2019-04-26,2018-12-31,0.067668,0.130868,2.321793,1.882353,2.342690
sz.002478,2019-04-26,2019-03-31,0.104576,0.124056,1.711514,1.800000,1.899783
sz.002478,2019-08-29,2019-06-30,0.128971,0.085590,0.601428,0.666667,0.619520
sz.002478,2019-10-23,2019-09-30,0.133435,0.048576,0.382342,0.394737,0.391836
sz.002478,2020-04-29,2019-12-31,0.123084,0.065618,0.249187,0.285714,0.251723
sz.002478,2020-04-29,2020-03-31,0.102212,0.043078,-0.349126,-0.285714,-0.310572
sz.002478,2020-08-27,2020-06-30,0.079404,0.022523,-0.358671,-0.342857,-0.328210
sz.002478,2020-10-28,2020-09-30,0.046712,0.017995,-0.483195,-0.452830,-0.453758
sz.002478,2021-03-09,2020-12-31,-0.011067,0.006394,-0.792344,-0.793651,-0.794314
sz.002478,2021-04-28,2021-03-31,-0.026150,0.060713,-0.840027,-0.900000,-0.864210
sz.002478,2021-08-20,2021-06-30,-0.091881,-0.049783,-0.555854,-0.565217,-0.563472
sz.002478,2021-10-28,2021-09-30,-0.079307,-0.076599,-0.622923,-0.620690,-0.639998
sz.002478,2022-03-18,2021-12-31,-0.039337,0.012033,0.058804,0.153846,0.098505
sz.002478,2022-04-22,2022-03-31,-0.028932,-0.012045,1.764195,3.000000,2.040750
sz.002478,2022-08-18,2022-06-30,0.029840,0.122686,0.844190,1.000000,0.834263
sz.002478,2022-10-21,2022-09-30,0.059425,0.185210,2.295780,2.454545,2.438001
sz.002478,2023-03-22,2022-12-31,0.080094,0.052321,2.308070,2.466667,2.467831
sz.002478,2023-04-25,2023-03-31,0.109159,0.092655,3.722014,4.500000,4.101789
sz.002478,2023-08-25,2023-06-30,0.114266,0.052567,1.406708,1.500000,1.505964
sz.002478,2023-10-26,2023-09-30,0.133324,0.006949,0.766038,0.842105,0.795314
sz.002756,2018-04-25,2018-03-31,0.123060,0.167501,0.405630,0.388889,0.409514
sz.002756,2018-08-21,2018-06-30,0.016623,0.133996,0.336970,0.347826,0.343263
sz.002756,2018-10-24,2018-09-30,0.020692,0.076530,0.264155,0.277778,0.268130
sz.002756,2019-04-16,2018-12-31,0.009237,0.096431,0.099128,0.102041,0.101338
sz.002756,2019-04-16,2019-03-31,0.011455,0.038483,0.105326,0.120000,0.106097
sz.002756,2019-08-27,2019-06-30,0.022363,0.006369,0.187505,0.193548,0.183202
sz.002756,2019-10-30,2019-09-30,0.019250,0.105404,0.096540,0.086957,0.093921
sz.002756,2020-03-20,2019-12-31,-0.004224,0.045581,-0.118895,-0.120370,-0.112907
sz.002756,2020-04-25,2020-03-31,-0.011098,0.059760,-0.270669,-0.250000,-0.270244
sz.002756,2020-08-25,2020-06-30,0.063927,0.166663,-0.380324,-0.391892,-0.382909
sz.002756,2020-10-31,2020-09-30,0.060538,0.153577,-0.291614,-0.290000,-0.296601
sz.002756,2021-04-27,2020-12-31,0.187947,0.180413,-0.243582,-0.242105,-0.249065
sz.002756,2021-04-27,2021-03-31,0.248553,0.201029,0.686667,0.476190,0.675740
sz.002756,2021-08-03,2021-06-30,0.247445,0.136168,0.854315,0.688889,0.853103
sz.002756,2021-10-28,2021-09-30,0.290567,0.134551,1.168937,0.943662,1.166063
sz.002756,2022-04-26,2021-12-31,0.250356,0.187969,2.496176,2.083333,2.438340
sz.002756,2022-04-26,2022-03-31,0.351006,0.329713,5.679582,5.516129,5.535973
sz.002756,2022-08-09,2022-06-30,0.614689,0.561998,6.550885,6.407895,6.476366
sz.002756,2022-10-28,2022-09-30,1.182592,1.168129,6.841171,6.673913,6.759650
sz.002756,2023-03-21,2022-12-31,1.438148,1.421515,6.221269,6.022523,6.124199
sz.002756,2023-04-25,2023-03-31,1.259438,1.186811,0.168590,0.118812,0.147631
sz.002756,2023-08-29,2023-06-30,0.709922,0.663785,-0.137919,-0.180139,-0.158939
sz.002756,2023-10-31,2023-09-30,0.252051,0.196206,-0.271492,-0.300614,-0.285214
sz.300881,2019-12-06,2019-06-30,,,,,
sz.300881,2020-10-24,2019-09-30,,,,,
sz.300881,2020-06-30,2019-12-31,0.230038,0.177596,0.141709,0.134146,0.141709
sz.300881,2021-04-27,2020-03-31,,,,,-0.296379
sz.300881,2020-08-14,2020-06-30,0.181003,0.147408,-0.229771,-0.230769,-0.229771
sz.300881,2020-10-24,2020-09-30,,,-0.193738,-0.213115,-0.193738
sz.300881,2021-04-27,2020-12-31,0.978286,0.231327,-0.254362,-0.322581,-0.254362
sz.300881,2021-04-27,2021-03-31,0.950676,0.472579,0.038092,-0.220000,0.038092
sz.300881,2021-08-28,2021-06-30,0.886653,0.442859,-0.057529,-0.300000,-0.057529
sz.300881,2021-10-29,2021-09-30,0.047136,0.074161,-0.132222,-0.333333,-0.132222
sz.300881,2022-04-15,2021-12-31,0.053304,0.304192,0.004578,-0.174603,0.004578
sz.300881,2022-04-26,2022-03-31,0.055575,0.244557,0.118142,0.083333,0.118142
sz.300881,2022-08-02,2022-06-30,0.066519,0.194397,0.355361,0.380952,0.355361
sz.300881,2022-10-17,2022-09-30,0.075182,0.183048,0.463327,0.468750,0.463327
sz.300881,2023-04-18,2022-12-31,0.081086,0.061532,0.403212,0.403846,0.403212
sz.300881,2023-04-18,2023-03-31,0.087395,0.044707,0.537058,0.538462,0.537058
sz.300881,2023-08-11,2023-06-30,0.075484,0.144283,0.794530,0.620690,0.794530
sz.300881,2023-10-25,2023-09-30,0.077143,0.309748,0.537302,0.404255,0.537302
