date,code,open,high,low,close,preclose,volume,amount,adjustflag,turn,tradestatus,pctChg,isST,peTTM,pbMRQ
2023-09-01,sh.600010,1.7900,1.8100,1.7900,1.8000,1.7900,160921949,289705917.2000,3,0.510900,1,0.558700,0,-110.507226,1.543672
2023-09-04,sh.600010,1.8100,1.8500,1.8000,1.8300,1.8000,324223711,592470762.0500,3,1.029400,1,1.666700,0,-112.349014,1.569400
2023-09-05,sh.600010,1.8300,1.8300,1.8100,1.8200,1.8300,189735307,345467453.4500,3,0.602400,1,-0.546400,0,-111.735084,1.560824
2023-09-06,sh.600010,1.8200,1.8200,1.8000,1.8000,1.8200,106066172,191634040.6000,3,0.336700,1,-1.098900,0,-110.507226,1.543672
2023-09-07,sh.600010,1.8000,1.8100,1.7800,1.7800,1.8000,163404037,292784497.5500,3,0.518800,1,-1.111100,0,-109.279368,1.526520
2023-09-08,sh.600010,1.7800,1.7900,1.7700,1.7800,1.7800,113146444,201506344.5200,3,0.359200,1,0.000000,0,-109.279368,1.526520
2023-09-11,sh.600010,1.7800,1.8000,1.7700,1.7800,1.7800,118842312,212240238.9600,3,0.377300,1,0.000000,0,-109.279368,1.526520
2023-09-12,sh.600010,1.7800,1.8000,1.7800,1.7900,1.7800,99891340,178607008.4000,3,0.317100,1,0.561800,0,-109.893297,1.535096
2023-09-13,sh.600010,1.7900,1.8000,1.7700,1.7800,1.7900,160153179,285109404.8300,3,0.508500,1,-0.558700,0,-109.279368,1.526520
2023-09-14,sh.600010,1.7800,1.7900,1.7700,1.7800,1.7800,134713361,239653247.9800,3,0.427700,1,0.000000,0,-109.279368,1.526520
2023-09-15,sh.600010,1.7900,1.8000,1.7700,1.7800,1.7800,227300579,405648131.4100,3,0.721700,1,0.000000,0,-109.279368,1.526520
2023-09-18,sh.600010,1.7800,1.7900,1.7700,1.7800,1.7800,173318183,308301774.3000,3,0.550300,1,0.000000,0,-109.279368,1.526520
2023-09-19,sh.600010,1.7800,1.7900,1.7700,1.7800,1.7800,114182262,203137230.7300,3,0.362500,1,0.000000,0,-109.279368,1.526520
2023-09-20,sh.600010,1.7800,1.7800,1.7600,1.7700,1.7800,158115803,280227659.3100,3,0.502000,1,-0.561800,0,-108.665439,1.517944
2023-09-21,sh.600010,1.7700,1.7800,1.7300,1.7400,1.7700,214237239,375804128.4300,3,0.680200,1,-1.694900,0,-106.823652,1.492216
2023-09-22,sh.600010,1.7400,1.7500,1.7100,1.7500,1.7400,204695753,354956243.2200,3,0.649900,1,0.574700,0,-107.437581,1.500792
2023-09-25,sh.600010,1.7500,1.7500,1.7300,1.7300,1.7500,132791484,230547040.9200,3,0.421600,1,-1.142900,0,-106.209723,1.483640
2023-09-26,sh.600010,1.7300,1.7400,1.7100,1.7100,1.7300,112809874,194009365.2800,3,0.358200,1,-1.156100,0,-104.981865,1.466488
2023-09-27,sh.600010,1.7100,1.7300,1.7100,1.7100,1.7100,107734090,184988853.8000,3,0.342000,1,0.000000,0,-104.981865,1.466488
2023-09-28,sh.600010,1.7200,1.7300,1.7100,1.7200,1.7100,112379640,193358456.0000,3,0.356800,1,0.584800,0,-105.595794,1.475064
2023-09-01,sh.600019,6.0800,6.4000,6.0800,6.3600,6.0600,104420623,658520745.9500,3,0.477700,1,4.950500,0,15.823600,0.717929
2023-09-04,sh.600019,6.3900,6.7700,6.3800,6.6300,6.3600,167021543,1106995770.9000,3,0.764100,1,4.245300,0,16.495357,0.748408
2023-09-05,sh.600019,6.6500,6.6600,6.4800,6.5500,6.6300,74373343,486412026.5500,3,0.340300,1,-1.206600,0,16.296318,0.739377
2023-09-06,sh.600019,6.5700,6.5700,6.4200,6.4200,6.5500,51357200,332165457.4600,3,0.235000,1,-1.984700,0,15.972879,0.724702
2023-09-07,sh.600019,6.4000,6.4900,6.3400,6.3700,6.4200,73136718,468570985.5600,3,0.334600,1,-0.778800,0,15.848480,0.719058
2023-09-08,sh.600019,6.3400,6.3600,6.2100,6.2200,6.3700,56691099,354625785.8700,3,0.259400,1,-2.354800,0,15.475282,0.702126
2023-09-11,sh.600019,6.2100,6.2600,6.1700,6.2100,6.2200,74397672,462469308.6200,3,0.340400,1,-0.160800,0,15.450402,0.700997
2023-09-12,sh.600019,6.2100,6.2700,6.1500,6.2000,6.2100,59427727,368185624.3300,3,0.271900,1,-0.161000,0,15.425522,0.699868
2023-09-13,sh.600019,6.1900,6.3900,6.1700,6.2400,6.2000,90291050,566541521.7900,3,0.413100,1,0.645200,0,15.525042,0.704384
2023-09-14,sh.600019,6.2300,6.3200,6.2000,6.2800,6.2400,79253650,496015886.1300,3,0.362600,1,0.641000,0,15.624561,0.708899
2023-09-15,sh.600019,6.2900,6.3700,6.2000,6.2200,6.2800,113332691,711574570.2400,3,0.518500,1,-0.955400,0,15.475282,0.702126
2023-09-18,sh.600019,6.2300,6.2500,6.1400,6.2100,6.2200,62924264,389174115.7900,3,0.287900,1,-0.160800,0,15.450402,0.700997
2023-09-19,sh.600019,6.1800,6.4000,6.1800,6.3900,6.2100,120858183,764909209.6000,3,0.552900,1,2.898600,0,15.898240,0.721316
2023-09-20,sh.600019,6.3900,6.4300,6.3000,6.4000,6.3900,68643971,438657544.5000,3,0.314000,1,0.156500,0,15.923120,0.722445
2023-09-21,sh.600019,6.4100,6.4100,6.2500,6.2600,6.4000,67881782,427737526.6000,3,0.310600,1,-2.187500,0,15.574801,0.706641
2023-09-22,sh.600019,6.2700,6.3100,6.1800,6.2400,6.2600,68188655,424683354.5800,3,0.312000,1,-0.319500,0,15.525042,0.704384
2023-09-25,sh.600019,6.2400,6.3200,6.1900,6.2400,6.2400,72691557,455408244.9000,3,0.332600,1,0.000000,0,15.525042,0.704384
2023-09-26,sh.600019,6.2300,6.3100,6.1900,6.2000,6.2400,59385325,369427641.1400,3,0.271700,1,-0.641000,0,15.425522,0.699868
2023-09-27,sh.600019,6.1900,6.2200,6.1000,6.1200,6.2000,72905701,447125585.5000,3,0.333500,1,-1.290300,0,15.226483,0.690838
2023-09-28,sh.600019,6.1300,6.1500,6.0800,6.0900,6.1200,54898218,335007800.6400,3,0.251200,1,-0.490200,0,15.151844,0.687451
2023-09-01,sh.600022,1.4600,1.5000,1.4600,1.4900,1.4700,60710300,90012680.4000,3,0.567400,1,1.360500,0,-20.106815,0.748943
2023-09-04,sh.600022,1.4900,1.5500,1.4800,1.5300,1.4900,112078754,170482037.3800,3,1.047600,1,2.684600,0,-20.646595,0.769049
2023-09-05,sh.600022,1.5200,1.5300,1.5100,1.5100,1.5300,30276961,45892553.1100,3,0.283000,1,-1.307200,0,-20.376705,0.758996
2023-09-06,sh.600022,1.5100,1.5100,1.4800,1.4900,1.5100,69635232,103809112.3100,3,0.650900,1,-1.324500,0,-20.106815,0.748943
2023-09-07,sh.600022,1.4800,1.4900,1.4700,1.4700,1.4900,38648294,57071188.1800,3,0.361200,1,-1.342300,0,-19.836925,0.738890
2023-09-08,sh.600022,1.4700,1.4900,1.4600,1.4900,1.4700,42297650,62524011.2000,3,0.395300,1,1.360500,0,-20.106815,0.748943
2023-09-11,sh.600022,1.4800,1.5000,1.4700,1.4900,1.4900,38351958,57094860.8800,3,0.358500,1,0.000000,0,-20.106815,0.748943
2023-09-12,sh.600022,1.4900,1.4900,1.4800,1.4900,1.4900,15123820,22465880.6000,3,0.141400,1,0.000000,0,-20.106815,0.748943
2023-09-13,sh.600022,1.4900,1.5000,1.4800,1.4800,1.4900,34725516,51620874.6800,3,0.324600,1,-0.671100,0,-19.971870,0.743916
2023-09-14,sh.600022,1.4800,1.4900,1.4700,1.4900,1.4800,22391807,33209142.6600,3,0.209300,1,0.675700,0,-20.106815,0.748943
2023-09-15,sh.600022,1.4900,1.5100,1.4800,1.5000,1.4900,71534481,107153851.8500,3,0.668600,1,0.671100,0,-20.241760,0.753969
2023-09-18,sh.600022,1.4900,1.5100,1.4800,1.4900,1.5000,41634041,62162591.3600,3,0.389100,1,-0.666700,0,-20.106815,0.748943
2023-09-19,sh.600022,1.4900,1.5000,1.4800,1.4900,1.4900,27461780,40992470.2000,3,0.256700,1,0.000000,0,-20.106815,0.748943
2023-09-20,sh.600022,1.4900,1.5000,1.4800,1.5000,1.4900,25399428,37943212.7200,3,0.237400,1,0.671100,0,-20.241760,0.753969
2023-09-21,sh.600022,1.4900,1.5000,1.4800,1.4800,1.5000,21291240,31658113.0000,3,0.199000,1,-1.333300,0,-19.971870,0.743916
2023-09-22,sh.600022,1.4900,1.4900,1.4700,1.4800,1.4800,37880397,56064923.1200,3,0.354100,1,0.000000,0,-19.971870,0.743916
2023-09-25,sh.600022,1.4800,1.4900,1.4700,1.4700,1.4800,22185897,32698942.2600,3,0.207400,1,-0.675700,0,-19.836925,0.738890
2023-09-26,sh.600022,1.4700,1.4700,1.4600,1.4600,1.4700,19722630,28877106.8000,3,0.184300,1,-0.680300,0,-19.701980,0.733864
2023-09-27,sh.600022,1.4600,1.4700,1.4500,1.4500,1.4600,30867880,45012537.5000,3,0.288500,1,-0.684900,0,-19.567035,0.728837
2023-09-28,sh.600022,1.4600,1.4700,1.4500,1.4600,1.4500,31946987,46577439.8600,3,0.298600,1,0.689700,0,-19.701980,0.733864
2023-09-01,sh.600117,3.0700,3.1600,3.0700,3.1600,3.0900,7922791,24831927.8300,3,0.758100,1,2.265400,0,-1.841804,-1.732161
2023-09-04,sh.600117,3.1600,3.3200,3.1600,3.3100,3.1600,15516789,50676899.4700,3,1.484700,1,4.746800,0,-1.929232,-1.814384
2023-09-05,sh.600117,3.3000,3.3800,3.2300,3.2600,3.3100,10717744,35445332.3200,3,1.025500,1,-1.510600,0,-1.900089,-1.786976
2023-09-06,sh.600117,3.2400,3.3500,3.2400,3.3000,3.2600,7313331,24092342.6800,3,0.699800,1,1.227000,0,-1.923403,-1.808902
2023-09-07,sh.600117,3.2900,3.4000,3.2900,3.3700,3.3000,9070710,30529794.1700,3,0.867900,1,2.121200,0,-1.964202,-1.847273
2023-09-08,sh.600117,3.3800,3.5300,3.3700,3.4000,3.3700,17401538,59808232.0800,3,1.665000,1,0.890200,0,-1.981688,-1.863717
2023-09-11,sh.600117,3.3900,3.4000,3.2800,3.2900,3.4000,11281233,37494440.6800,3,1.079400,1,-3.235300,0,-1.917575,-1.803420
2023-09-12,sh.600117,3.3000,3.3300,3.2800,3.3100,3.2900,5469566,18068558.4600,3,0.523300,1,0.607900,0,-1.929232,-1.814384
2023-09-13,sh.600117,3.2900,3.3300,3.2800,3.3000,3.3100,4297866,14197618.8000,3,0.411200,1,-0.302100,0,-1.923403,-1.808902
2023-09-14,sh.600117,3.3000,3.3900,3.2500,3.3500,3.3000,7751541,25584357.6500,3,0.741700,1,1.515200,0,-1.952545,-1.836310
2023-09-15,sh.600117,3.3500,3.4800,3.3300,3.4600,3.3500,10885655,37105182.3300,3,1.041600,1,3.283600,0,-2.016659,-1.896606
2023-09-18,sh.600117,3.5000,3.6300,3.4500,3.6300,3.4600,17971937,64732613.2700,3,1.719600,1,4.913300,0,-2.115743,-1.989792
2023-09-19,sh.600117,3.6900,3.8100,3.6900,3.8100,3.6300,17890038,67590979.4200,3,1.711800,1,4.958700,0,-2.220656,-2.088460
2023-09-20,sh.600117,3.9100,4.0000,3.6200,3.6400,3.8100,52468578,199765308.4400,3,5.020300,1,-4.461900,0,-2.121572,-1.995274
2023-09-21,sh.600117,3.6200,3.6700,3.5200,3.5400,3.6400,21871944,78088798.8100,3,2.092800,1,-2.747300,0,-2.063287,-1.940459
2023-09-22,sh.600117,3.5000,3.7200,3.5000,3.6700,3.5400,19687901,71511200.5000,3,1.883800,1,3.672300,0,-2.139057,-2.011718
2023-09-25,sh.600117,3.7500,3.8400,3.5300,3.5500,3.6700,19496501,71039716.5900,3,1.865500,1,-3.269800,0,-2.069115,-1.945940
2023-09-26,sh.600117,3.5000,3.5000,3.3700,3.3700,3.5500,7369200,24920786.0000,3,0.705100,1,-5.070400,0,-1.964202,-1.847273
2023-09-27,sh.600117,3.2500,3.4200,3.2400,3.3200,3.3700,11110605,37006632.2300,3,1.063100,1,-1.483700,0,-1.935060,-1.819865
2023-09-28,sh.600117,3.3400,3.3800,3.2800,3.3400,3.3200,7714949,25566896.9000,3,0.738200,1,0.602400,0,-1.946717,-1.830828
2023-09-01,sh.600126,4.1900,4.2400,4.1700,4.2000,4.1800,12180545,51219599.1000,3,0.360700,1,0.478500,0,779.729660,0.706478
2023-09-04,sh.600126,4.2300,4.4200,4.2300,4.4200,4.2000,21594090,93823270.8600,3,0.639400,1,5.238100,0,820.572642,0.743484
2023-09-05,sh.600126,4.3900,4.4200,4.3300,4.3900,4.4200,10214445,44574467.2000,3,0.302500,1,-0.678700,0,815.003144,0.738438
2023-09-06,sh.600126,4.3700,4.3800,4.3400,4.3600,4.3900,7819700,34065484.0000,3,0.231500,1,-0.683400,0,809.433647,0.733392
2023-09-07,sh.600126,4.3700,4.3800,4.2800,4.2900,4.3600,7984800,34502783.0000,3,0.236400,1,-1.605500,0,796.438153,0.721617
2023-09-08,sh.600126,4.2800,4.2900,4.2400,4.2500,4.2900,7605189,32351646.3600,3,0.225200,1,-0.932400,0,789.012156,0.714889
2023-09-11,sh.600126,4.2400,4.2900,4.2100,4.2700,4.2500,10107760,43062557.4400,3,0.299300,1,0.470600,0,792.725154,0.718253
2023-09-12,sh.600126,4.2600,4.2900,4.2400,4.2600,4.2700,8229600,35068307.0000,3,0.243700,1,-0.234200,0,790.868655,0.716571
2023-09-13,sh.600126,4.2600,4.2900,4.1900,4.2200,4.2600,16065597,68002499.3700,3,0.475700,1,-0.939000,0,783.442658,0.709843
2023-09-14,sh.600126,4.2300,4.2800,4.1900,4.2700,4.2200,15920601,67621721.2700,3,0.471400,1,1.184800,0,792.725154,0.718253
2023-09-15,sh.600126,4.2700,4.3600,4.2600,4.3200,4.2700,17166943,73986690.6100,3,0.508300,1,1.171000,0,802.007650,0.726664
2023-09-18,sh.600126,4.3000,4.3200,4.2300,4.2600,4.3200,15564423,66240308.8000,3,0.460900,1,-1.388900,0,790.868655,0.716571
2023-09-19,sh.600126,4.2600,4.3000,4.2400,4.2700,4.2600,8640991,36920985.2700,3,0.255900,1,0.234700,0,792.725154,0.718253
2023-09-20,sh.600126,4.2600,4.3100,4.2600,4.2900,4.2700,8429687,36201190.2300,3,0.249600,1,0.468400,0,796.438153,0.721617
2023-09-21,sh.600126,4.2700,4.3200,4.2500,4.2700,4.2900,7864015,33648798.2600,3,0.232900,1,-0.466200,0,792.725154,0.718253
2023-09-22,sh.600126,4.2500,4.3000,4.2400,4.2900,4.2700,7280169,31076975.9400,3,0.215600,1,0.468400,0,796.438153,0.721617
2023-09-25,sh.600126,4.2900,4.3100,4.2300,4.2400,4.2900,8982988,38296382.8200,3,0.266000,1,-1.165500,0,787.155657,0.713207
2023-09-26,sh.600126,4.2500,4.2600,4.1900,4.2100,4.2400,7161900,30139367.0000,3,0.212100,1,-0.707500,0,781.586159,0.708161
2023-09-27,sh.600126,4.1900,4.2200,4.1500,4.1600,4.2100,11298587,47198831.5100,3,0.334600,1,-1.187600,0,772.303663,0.699750
2023-09-28,sh.600126,4.1800,4.1900,4.1300,4.1500,4.1600,13519868,56114911.3300,3,0.400300,1,-0.240400,0,770.447164,0.698068
2023-09-01,sh.600231,2.2600,2.3300,2.2400,2.2900,2.2500,19711550,45011980.5000,3,0.691100,1,1.777800,0,-6.136735,0.820544
2023-09-04,sh.600231,2.2800,2.4000,2.2800,2.3800,2.2900,23043423,54265841.3600,3,0.807900,1,3.930100,0,-6.377917,0.852793
2023-09-05,sh.600231,2.3800,2.3800,2.3300,2.3400,2.3800,12714300,29861811.0000,3,0.445800,1,-1.680700,0,-6.270725,0.838460
2023-09-06,sh.600231,2.3300,2.3400,2.2700,2.2800,2.3400,13714830,31463549.4000,3,0.480900,1,-2.564100,0,-6.109937,0.816961
2023-09-07,sh.600231,2.2900,2.2900,2.2500,2.2500,2.2800,13535309,30703262.0500,3,0.474600,1,-1.315800,0,-6.029543,0.806211
2023-09-08,sh.600231,2.2600,2.2600,2.2300,2.2300,2.2500,11185202,25055019.4600,3,0.392200,1,-0.888900,0,-5.975948,0.799045
2023-09-11,sh.600231,2.2400,2.2700,2.2300,2.2600,2.2300,9812152,22079145.5000,3,0.344000,1,1.345300,0,-6.056341,0.809795
2023-09-12,sh.600231,2.2500,2.2700,2.2400,2.2500,2.2600,6646700,14980218.0000,3,0.233000,1,-0.442500,0,-6.029543,0.806211
2023-09-13,sh.600231,2.2500,2.3000,2.2400,2.2700,2.2500,11562751,26232456.7000,3,0.405400,1,0.888900,0,-6.083139,0.813378
2023-09-14,sh.600231,2.2600,2.2900,2.2400,2.2800,2.2700,9962982,22598753.7400,3,0.349300,1,0.440500,0,-6.109937,0.816961
2023-09-15,sh.600231,2.2900,2.3800,2.2700,2.3400,2.2800,21002520,48960529.4000,3,0.736400,1,2.631600,0,-6.270725,0.838460
2023-09-18,sh.600231,2.3200,2.3400,2.3000,2.3300,2.3400,12920640,29972012.7000,3,0.453000,1,-0.427400,0,-6.243927,0.834877
2023-09-19,sh.600231,2.3300,2.3700,2.3100,2.3500,2.3300,11511423,27078809.7500,3,0.403600,1,0.858400,0,-6.297523,0.842043
2023-09-20,sh.600231,2.3500,2.3600,2.3200,2.3400,2.3500,9218000,21530806.0000,3,0.323200,1,-0.425500,0,-6.270725,0.838460
2023-09-21,sh.600231,2.3400,2.3500,2.3100,2.3300,2.3400,9629662,22440478.6600,3,0.337600,1,-0.427400,0,-6.243927,0.834877
2023-09-22,sh.600231,2.3100,2.3300,2.2900,2.3100,2.3300,10185736,23552593.0800,3,0.357100,1,-0.858400,0,-6.190331,0.827710
2023-09-25,sh.600231,2.3200,2.3200,2.2800,2.2800,2.3100,11418000,26218655.0000,3,0.400300,1,-1.298700,0,-6.109937,0.816961
2023-09-26,sh.600231,2.2700,2.3400,2.2600,2.3100,2.2800,15380352,35405707.1200,3,0.539300,1,1.315800,0,-6.190331,0.827710
2023-09-27,sh.600231,2.3000,2.3100,2.2400,2.2400,2.3100,12487140,28328455.8000,3,0.437800,1,-3.030300,0,-6.002746,0.802628
2023-09-28,sh.600231,2.2400,2.3000,2.2400,2.2900,2.2400,8255070,18799121.6000,3,0.289400,1,2.232100,0,-6.136735,0.820544
2023-09-01,sh.600282,3.6600,3.7200,3.6600,3.7200,3.6600,32973661,121925256.6600,3,0.534800,1,1.639300,0,14.465074,0.901983
2023-09-04,sh.600282,3.7100,3.7900,3.7100,3.7400,3.7200,58280485,218575048.9200,3,0.945300,1,0.537600,0,14.542843,0.906832
2023-09-05,sh.600282,3.7400,3.7500,3.6800,3.7300,3.7400,26114792,96908669.2400,3,0.423600,1,-0.267400,0,14.503958,0.904408
2023-09-06,sh.600282,3.7100,3.7200,3.6800,3.7000,3.7300,19566300,72403907.0000,3,0.317400,1,-0.804300,0,14.387305,0.897134
2023-09-07,sh.600282,3.7100,3.7400,3.7000,3.7200,3.7000,22310550,82988128.0000,3,0.361900,1,0.540500,0,14.465074,0.901983
2023-09-08,sh.600282,3.7200,3.7200,3.6600,3.6700,3.7200,16482502,60639044.3200,3,0.267400,1,-1.344100,0,14.270651,0.889859
2023-09-11,sh.600282,3.6700,3.7300,3.6700,3.6900,3.6700,19771460,73181379.1900,3,0.320700,1,0.545000,0,14.348420,0.894709
2023-09-12,sh.600282,3.6900,3.7100,3.6700,3.6900,3.6900,19638900,72505421.6000,3,0.318600,1,0.000000,0,14.348420,0.894709
2023-09-13,sh.600282,3.7000,3.7300,3.6900,3.7100,3.6900,27077700,100569470.6000,3,0.439200,1,0.542000,0,14.426189,0.899558
2023-09-14,sh.600282,3.7200,3.7400,3.7000,3.7300,3.7100,17927779,66676037.3000,3,0.290800,1,0.539100,0,14.503958,0.904408
2023-09-15,sh.600282,3.7300,3.7700,3.7300,3.7400,3.7300,41942580,157247448.2000,3,0.680300,1,0.268100,0,14.542843,0.906832
2023-09-18,sh.600282,3.7500,3.7500,3.6800,3.7400,3.7400,27630020,102756180.8000,3,0.448200,1,0.000000,0,14.542843,0.906832
2023-09-19,sh.600282,3.7300,3.7900,3.7300,3.7600,3.7400,56265672,211921995.4400,3,0.912600,1,0.534800,0,14.620612,0.911682
2023-09-20,sh.600282,3.7500,3.7800,3.7400,3.7500,3.7600,36497800,137346528.0000,3,0.592000,1,-0.266000,0,14.581728,0.909257
2023-09-21,sh.600282,3.7400,3.7600,3.7100,3.7300,3.7500,25667600,95854232.0000,3,0.416300,1,-0.533300,0,14.503958,0.904408
2023-09-22,sh.600282,3.7300,3.7500,3.7100,3.7200,3.7300,21007537,78182856.2700,3,0.340700,1,-0.268100,0,14.465074,0.901983
2023-09-25,sh.600282,3.7000,3.7800,3.7000,3.7300,3.7200,31541060,118177635.8000,3,0.511600,1,0.268800,0,14.503958,0.904408
2023-09-26,sh.600282,3.7300,3.7400,3.6900,3.7000,3.7300,19808000,73499228.0000,3,0.321300,1,-0.804300,0,14.387305,0.897134
2023-09-27,sh.600282,3.7100,3.7200,3.6800,3.7000,3.7000,22061900,81564303.0000,3,0.357900,1,0.000000,0,14.387305,0.897134
2023-09-28,sh.600282,3.6900,3.7300,3.6900,3.7000,3.7000,16056870,59577998.0000,3,0.260400,1,0.000000,0,14.387305,0.897134
2023-09-01,sh.600307,1.5700,1.6200,1.5700,1.6100,1.5700,50664223,81227411.6100,3,0.808900,1,2.547800,0,-3.564197,0.931267
2023-09-04,sh.600307,1.6300,1.6900,1.6200,1.6800,1.6100,74604284,124026242.9200,3,1.191100,1,4.347800,0,-3.719162,0.971757
2023-09-05,sh.600307,1.6800,1.6800,1.6300,1.6400,1.6800,49153739,81038239.9600,3,0.784800,1,-2.381000,0,-3.630610,0.948620
2023-09-06,sh.600307,1.6400,1.6400,1.6000,1.6000,1.6400,44830649,72201248.4000,3,0.715800,1,-2.439000,0,-3.542059,0.925483
2023-09-07,sh.600307,1.6000,1.6100,1.5700,1.5800,1.6000,45256100,71803091.0000,3,0.722600,1,-1.250000,0,-3.497783,0.913914
2023-09-08,sh.600307,1.5700,1.6000,1.5700,1.5900,1.5800,33581000,53187093.0000,3,0.536200,1,0.632900,0,-3.519921,0.919698
2023-09-11,sh.600307,1.5900,1.6000,1.5700,1.5800,1.5900,45204956,71529770.9200,3,0.721700,1,-0.628900,0,-3.497783,0.913914
2023-09-12,sh.600307,1.5800,1.6000,1.5700,1.5900,1.5800,36589949,58055780.4200,3,0.584200,1,0.632900,0,-3.519921,0.919698
2023-09-13,sh.600307,1.5900,1.6100,1.5800,1.5800,1.5900,31174659,49555433.2200,3,0.497700,1,-0.628900,0,-3.497783,0.913914
2023-09-14,sh.600307,1.5800,1.6000,1.5700,1.5900,1.5800,37942600,60176206.0000,3,0.605800,1,0.632900,0,-3.519921,0.919698
2023-09-15,sh.600307,1.5900,1.6400,1.5900,1.6300,1.5900,75324115,121921345.2000,3,1.202600,1,2.515700,0,-3.608472,0.942835
2023-09-18,sh.600307,1.6300,1.6300,1.6000,1.6100,1.6300,34087613,54875222.8000,3,0.544200,1,-1.227000,0,-3.564197,0.931267
2023-09-19,sh.600307,1.6100,1.6300,1.6000,1.6200,1.6100,33323132,53967323.5200,3,0.532000,1,0.621100,0,-3.586334,0.937051
2023-09-20,sh.600307,1.6200,1.6300,1.6000,1.6000,1.6200,27304666,44056871.6000,3,0.435900,1,-1.234600,0,-3.542059,0.925483
2023-09-21,sh.600307,1.6000,1.6200,1.5900,1.6000,1.6000,24407434,39142201.0600,3,0.389700,1,0.000000,0,-3.542059,0.925483
2023-09-22,sh.600307,1.6000,1.6200,1.5900,1.6200,1.6000,32406368,52048799.8000,3,0.517400,1,1.250000,0,-3.586334,0.937051
2023-09-25,sh.600307,1.6100,1.6100,1.5900,1.5900,1.6200,30474533,48671813.4700,3,0.486600,1,-1.851900,0,-3.519921,0.919698
2023-09-26,sh.600307,1.5900,1.6200,1.5700,1.5900,1.5900,39771222,63240474.8200,3,0.635000,1,0.000000,0,-3.519921,0.919698
2023-09-27,sh.600307,1.5900,1.6000,1.5700,1.5700,1.5900,35745813,56433172.4100,3,0.570700,1,-1.257900,0,-3.475645,0.908130
2023-09-28,sh.600307,1.5700,1.5800,1.5600,1.5700,1.5700,21508919,33796686.8300,3,0.343400,1,0.000000,0,-3.475645,0.908130
2023-09-01,sh.600399,9.3500,9.4100,9.2700,9.3600,9.3400,9191653,85840328.5200,3,0.466100,1,0.214100,0,108.354765,2.971678
2023-09-04,sh.600399,9.3700,9.5200,9.2100,9.5100,9.3600,20633285,193870133.8000,3,1.046300,1,1.602600,0,110.091220,3.019301
2023-09-05,sh.600399,9.5000,9.9700,9.3500,9.7300,9.5100,35140218,340416155.1600,3,1.781900,1,2.313400,0,112.638020,3.089148
2023-09-06,sh.600399,9.7800,10.2000,9.5900,10.1000,9.7300,31195438,310801944.6000,3,1.581800,1,3.802700,0,116.921274,3.206618
2023-09-07,sh.600399,10.1800,10.1800,9.7200,9.7400,10.1000,22040628,217941891.4400,3,1.117600,1,-3.564400,0,112.753783,3.092323
2023-09-08,sh.600399,9.6800,10.1900,9.6300,10.1300,9.7400,30493825,304618581.1400,3,1.546300,1,4.004100,0,117.268565,3.216143
2023-09-11,sh.600399,10.1200,10.1200,9.4200,9.4800,10.1300,52539125,503377809.8600,3,2.664100,1,-6.416600,0,109.743929,3.009776
2023-09-12,sh.600399,9.4000,9.5400,9.3700,9.4000,9.4800,15622089,147324747.3500,3,0.792200,1,-0.843900,0,108.817820,2.984377
2023-09-13,sh.600399,9.3400,9.4900,9.2800,9.4400,9.4000,19982195,187676562.6000,3,1.013200,1,0.425500,0,109.280874,2.997077
2023-09-14,sh.600399,9.4000,9.4200,9.2700,9.3100,9.4400,12996200,120969549.0000,3,0.659000,1,-1.377100,0,107.775947,2.955803
2023-09-15,sh.600399,9.3300,9.3700,9.1600,9.2400,9.3100,16781605,154961134.4600,3,0.851000,1,-0.751900,0,106.965602,2.933579
2023-09-18,sh.600399,9.1600,9.3400,9.0600,9.1300,9.2400,16453800,150829722.0000,3,0.834300,1,-1.190500,0,105.692201,2.898656
2023-09-19,sh.600399,9.1000,9.2300,9.0800,9.1600,9.1300,12851072,117640093.4800,3,0.651600,1,0.328600,0,106.039492,2.908180
2023-09-20,sh.600399,9.1000,9.2900,9.1000,9.2600,9.1600,12477100,114979468.0000,3,0.632700,1,1.091700,0,107.197129,2.939929
2023-09-21,sh.600399,9.2200,9.5300,9.1000,9.4900,9.2600,32753213,305975564.3400,3,1.660800,1,2.483800,0,109.859692,3.012951
2023-09-22,sh.600399,9.3800,9.5300,9.1300,9.2500,9.4900,35907307,332510794.5400,3,1.820800,1,-2.529000,0,107.081365,2.936754
2023-09-25,sh.600399,9.2000,9.2400,9.0400,9.1300,9.2500,16095526,146800967.5600,3,0.816200,1,-1.297300,0,105.692201,2.898656
2023-09-26,sh.600399,9.1300,9.1400,8.8600,8.9300,9.1300,22277767,199645568.3900,3,1.129600,1,-2.190600,0,103.376929,2.835158
2023-09-27,sh.600399,8.8800,9.2600,8.8800,9.0900,8.9300,27505060,250654066.0500,3,1.394700,1,1.791700,0,105.229147,2.885956
2023-09-28,sh.600399,9.1200,9.4000,9.0200,9.3700,9.0900,28808185,267780367.7100,3,1.460800,1,3.080300,0,108.470529,2.974852
2023-09-01,sh.600507,4.6900,4.7700,4.6600,4.7500,4.6700,12825384,60757132.0000,3,0.571700,1,1.713100,0,48.579005,1.273769
2023-09-04,sh.600507,4.7700,4.9500,4.7700,4.9300,4.7500,27017176,132217759.6800,3,1.204200,1,3.789500,0,50.419894,1.322038
2023-09-05,sh.600507,4.9500,4.9500,4.8600,4.9100,4.9300,16113213,78897631.3500,3,0.718200,1,-0.405700,0,50.215350,1.316674
2023-09-06,sh.600507,4.9200,4.9200,4.8000,4.8400,4.9100,13196551,63816871.3300,3,0.588200,1,-1.425700,0,49.499449,1.297903
2023-09-07,sh.600507,4.8400,4.8500,4.7600,4.7700,4.8400,7293767,34937947.5900,3,0.325100,1,-1.446300,0,48.783548,1.279132
2023-09-08,sh.600507,4.7500,4.7600,4.7000,4.7100,4.7700,8103256,38280542.5600,3,0.361200,1,-1.257900,0,48.169919,1.263042
2023-09-11,sh.600507,4.7300,4.7800,4.6800,4.7400,4.7100,7552558,35770066.0800,3,0.336600,1,0.636900,0,48.476733,1.271087
2023-09-12,sh.600507,4.7400,4.8100,4.7400,4.7500,4.7400,8680030,41417000.6900,3,0.386900,1,0.211000,0,48.579005,1.273769
2023-09-13,sh.600507,4.7600,4.8300,4.7400,4.7600,4.7500,9248745,44177529.8300,3,0.412200,1,0.210500,0,48.681277,1.276450
2023-09-14,sh.600507,4.7600,4.8100,4.7400,4.8100,4.7600,9513061,45533500.1500,3,0.424000,1,1.050400,0,49.192635,1.289858
2023-09-15,sh.600507,4.8200,4.8900,4.8100,4.8600,4.8100,14758200,71585274.3000,3,0.657800,1,1.039500,0,49.703993,1.303266
2023-09-18,sh.600507,4.8600,4.8600,4.8000,4.8500,4.8600,10044740,48489787.7100,3,0.447700,1,-0.205800,0,49.601721,1.300585
2023-09-19,sh.600507,4.8500,4.9100,4.8300,4.8900,4.8500,14749016,72094361.6800,3,0.657400,1,0.824700,0,50.010807,1.311311
2023-09-20,sh.600507,4.8800,4.9100,4.8600,4.8700,4.8900,10737975,52370614.2500,3,0.478600,1,-0.409000,0,49.806264,1.305948
2023-09-21,sh.600507,4.8900,4.8900,4.8200,4.8400,4.8700,8860203,42957869.3300,3,0.394900,1,-0.616000,0,49.499449,1.297903
2023-09-22,sh.600507,4.8300,4.8600,4.8100,4.8400,4.8400,8626207,41674783.8400,3,0.384500,1,0.000000,0,49.499449,1.297903
2023-09-25,sh.600507,4.8200,4.8600,4.8000,4.8100,4.8400,7399328,35692835.5100,3,0.329800,1,-0.619800,0,49.192635,1.289858
2023-09-26,sh.600507,4.8000,4.8200,4.7500,4.7500,4.8100,8793744,41969520.8000,3,0.392000,1,-1.247400,0,48.579005,1.273769
2023-09-27,sh.600507,4.7500,4.7700,4.7300,4.7300,4.7500,7837488,37208432.0200,3,0.349300,1,-0.421100,0,48.374462,1.268405
2023-09-28,sh.600507,4.7200,4.7700,4.7200,4.7300,4.7300,8330063,39491528.1800,3,0.371300,1,0.000000,0,48.374462,1.268405
2023-09-01,sh.600569,2.1400,2.2000,2.1300,2.1700,2.1400,19075569,41372867.6200,3,0.664100,1,1.401900,0,-2.102824,0.937214
2023-09-04,sh.600569,2.1800,2.2900,2.1800,2.2700,2.1700,33944723,76356265.8500,3,1.181700,1,4.608300,0,-2.199728,0.980403
2023-09-05,sh.600569,2.2700,2.2700,2.2000,2.2200,2.2700,24526101,54506508.2100,3,0.853800,1,-2.202600,0,-2.151276,0.958809
2023-09-06,sh.600569,2.2200,2.2200,2.1600,2.1700,2.2200,23446137,51000220.2900,3,0.816200,1,-2.252300,0,-2.102824,0.937214
2023-09-07,sh.600569,2.1600,2.1700,2.1300,2.1300,2.1700,20891200,44763288.0000,3,0.727300,1,-1.843300,0,-2.064062,0.919938
2023-09-08,sh.600569,2.1300,2.1400,2.1000,2.1200,2.1300,15104201,32025524.1100,3,0.525800,1,-0.469500,0,-2.054372,0.915619
2023-09-11,sh.600569,2.1200,2.1400,2.1000,2.1200,2.1200,15490100,32813203.0000,3,0.539300,1,0.000000,0,-2.054372,0.915619
2023-09-12,sh.600569,2.1200,2.1400,2.1000,2.1300,2.1200,17851982,37951102.8400,3,0.621500,1,0.471700,0,-2.064062,0.919938
2023-09-13,sh.600569,2.1200,2.1700,2.1100,2.1400,2.1300,23240437,49890921.5500,3,0.809100,1,0.469500,0,-2.073752,0.924257
2023-09-14,sh.600569,2.1300,2.1800,2.1200,2.1700,2.1400,25514200,55036427.0000,3,0.888200,1,1.401900,0,-2.102824,0.937214
2023-09-15,sh.600569,2.1800,2.2600,2.1700,2.2400,2.1700,36916650,82015788.5000,3,1.285200,1,3.225800,0,-2.170657,0.967446
2023-09-18,sh.600569,2.2400,2.2500,2.1700,2.1900,2.2400,25827513,56569646.2100,3,0.899200,1,-2.232100,0,-2.122205,0.945852
2023-09-19,sh.600569,2.1900,2.2400,2.1900,2.2200,2.1900,21162686,47022252.6200,3,0.736800,1,1.369900,0,-2.151276,0.958809
2023-09-20,sh.600569,2.2200,2.2300,2.1900,2.2100,2.2200,19711514,43645384.9400,3,0.686200,1,-0.450500,0,-2.141586,0.954490
2023-09-21,sh.600569,2.2100,2.2200,2.1900,2.2000,2.2100,13289888,29305556.8600,3,0.462700,1,-0.452500,0,-2.131895,0.950171
2023-09-22,sh.600569,2.2000,2.2200,2.1800,2.2000,2.2000,13458426,29534478.9400,3,0.468500,1,0.000000,0,-2.131895,0.950171
2023-09-25,sh.600569,2.1900,2.1900,2.1500,2.1700,2.2000,18124050,39324465.5000,3,0.631000,1,-1.363600,0,-2.102824,0.937214
2023-09-26,sh.600569,2.1700,2.1800,2.1400,2.1600,2.1700,9524661,20592713.7600,3,0.331600,1,-0.460800,0,-2.093133,0.932895
2023-09-27,sh.600569,2.1700,2.1800,2.1400,2.1400,2.1600,15226721,32779136.6600,3,0.530100,1,-0.925900,0,-2.073752,0.924257
2023-09-28,sh.600569,2.1500,2.1600,2.1300,2.1500,2.1400,14354200,30829284.0000,3,0.499700,1,0.467300,0,-2.083443,0.928576
2023-09-01,sh.600581,4.1000,4.3800,4.1000,4.2600,4.1000,55549652,236102843.2600,3,3.623800,1,3.902400,0,-3.295759,3.012813
2023-09-04,sh.600581,4.2400,4.4700,4.2200,4.4400,4.2600,53506286,234958595.4000,3,3.490500,1,4.225400,0,-3.435016,3.140115
2023-09-05,sh.600581,4.4200,4.4300,4.2700,4.2900,4.4400,32184002,138922751.1100,3,2.099600,1,-3.378400,0,-3.318968,3.034030
2023-09-06,sh.600581,4.2700,4.2900,4.1800,4.2000,4.2900,28773387,121077679.4000,3,1.877100,1,-2.097900,0,-3.249340,2.970379
2023-09-07,sh.600581,4.2000,4.2000,4.1100,4.1200,4.2000,28465816,117954655.4700,3,1.857000,1,-1.904800,0,-3.187447,2.913800
2023-09-08,sh.600581,4.1000,4.1500,4.1000,4.1300,4.1200,17994500,74112937.9700,3,1.173900,1,0.242700,0,-3.195184,2.920872
2023-09-11,sh.600581,4.1300,4.1700,4.0900,4.1600,4.1300,17970805,74383484.6600,3,1.172300,1,0.726400,0,-3.218393,2.942089
2023-09-12,sh.600581,4.1500,4.1800,4.1300,4.1400,4.1600,12405000,51532572.0000,3,0.809300,1,-0.480800,0,-3.202920,2.927945
2023-09-13,sh.600581,4.1600,4.2500,4.1400,4.1600,4.1400,22375506,93631595.9000,3,1.459700,1,0.483100,0,-3.218393,2.942089
2023-09-14,sh.600581,4.1600,4.2200,4.1500,4.2000,4.1600,16494050,69080587.2400,3,1.076000,1,0.961500,0,-3.249340,2.970379
2023-09-15,sh.600581,4.2000,4.3000,4.2000,4.2600,4.2000,28151546,119780136.9300,3,1.836500,1,1.428600,0,-3.295759,3.012813
2023-09-18,sh.600581,4.2600,4.2600,4.1800,4.2100,4.2600,17480523,73551681.6300,3,1.140400,1,-1.173700,0,-3.257076,2.977451
2023-09-19,sh.600581,4.2300,4.2900,4.2100,4.2500,4.2100,19258900,82047916.0000,3,1.256400,1,0.950100,0,-3.288022,3.005740
2023-09-20,sh.600581,4.2500,4.3000,4.2200,4.2200,4.2500,13333997,56680907.2800,3,0.869900,1,-0.705900,0,-3.264813,2.984523
2023-09-21,sh.600581,4.2000,4.2600,4.1900,4.2200,4.2200,13043483,55008034.6300,3,0.850900,1,0.000000,0,-3.264813,2.984523
2023-09-22,sh.600581,4.1900,4.2000,4.1200,4.1900,4.2200,18461137,76693817.6500,3,1.204300,1,-0.710900,0,-3.241603,2.963306
2023-09-25,sh.600581,4.1800,4.1900,4.1100,4.1400,4.1900,16484700,68220978.0000,3,1.075400,1,-1.193300,0,-3.202920,2.927945
2023-09-26,sh.600581,4.1200,4.2100,4.1100,4.1600,4.1400,16472493,68645200.0500,3,1.074600,1,0.483100,0,-3.218393,2.942089
2023-09-27,sh.600581,4.1500,4.1800,4.1300,4.1300,4.1600,12113400,50235310.0000,3,0.790200,1,-0.721200,0,-3.195184,2.920872
2023-09-28,sh.600581,4.1300,4.1700,4.1200,4.1600,4.1300,9581735,39760704.2500,3,0.625100,1,0.726400,0,-3.218393,2.942089
2023-09-01,sh.600782,4.1100,4.2800,4.1100,4.2400,4.1100,47344034,200111174.5600,3,1.484700,1,3.163000,0,-171.520283,0.514204
2023-09-04,sh.600782,4.2400,4.4100,4.2400,4.3500,4.2400,55718300,241826533.0000,3,1.747400,1,2.594300,0,-175.970102,0.527544
2023-09-05,sh.600782,4.3500,4.3700,4.2900,4.3400,4.3500,32061749,138739951.1900,3,1.005500,1,-0.229900,0,-175.565573,0.526332
2023-09-06,sh.600782,4.3200,4.3300,4.2500,4.2700,4.3400,25717100,110004702.0000,3,0.806500,1,-1.612900,0,-172.733870,0.517842
2023-09-07,sh.600782,4.2500,4.2700,4.1700,4.1800,4.2700,26419600,111170866.0000,3,0.828500,1,-2.107700,0,-169.093109,0.506928
2023-09-08,sh.600782,4.1700,4.1800,4.1200,4.1200,4.1800,21852600,90445088.0000,3,0.685300,1,-1.435400,0,-166.665936,0.499651
2023-09-11,sh.600782,4.1300,4.1700,4.1200,4.1600,4.1200,20052608,83152405.5000,3,0.628900,1,0.970900,0,-168.284051,0.504502
2023-09-12,sh.600782,4.1600,4.1800,4.1400,4.1500,4.1600,19140602,79573698.3000,3,0.600300,1,-0.240400,0,-167.879522,0.503289
2023-09-13,sh.600782,4.1500,4.2700,4.1400,4.1700,4.1500,27956000,117511522.0000,3,0.876700,1,0.481900,0,-168.688580,0.505715
2023-09-14,sh.600782,4.1800,4.2400,4.1600,4.2200,4.1700,24529100,103217380.0000,3,0.769200,1,1.199000,0,-170.711225,0.511779
2023-09-15,sh.600782,4.2300,4.2700,4.2000,4.2500,4.2200,23642700,100272000.0000,3,0.741400,1,0.710900,0,-171.924812,0.515417
2023-09-18,sh.600782,4.2400,4.2400,4.1700,4.2200,4.2500,22780200,95624798.0000,3,0.714400,1,-0.705900,0,-170.711225,0.511779
2023-09-19,sh.600782,4.2200,4.3100,4.2100,4.3000,4.2200,43141600,184709312.0000,3,1.352900,1,1.895700,0,-173.947457,0.521481
2023-09-20,sh.600782,4.2900,4.3000,4.2300,4.2800,4.3000,26157994,111613292.5600,3,0.820300,1,-0.465100,0,-173.138399,0.519055
2023-09-21,sh.600782,4.2700,4.2900,4.2100,4.2300,4.2800,24267383,102973153.9200,3,0.761000,1,-1.168200,0,-171.115754,0.512991
2023-09-22,sh.600782,4.2200,4.2600,4.1700,4.2300,4.2300,32693000,137782536.2500,3,1.025300,1,0.000000,0,-171.115754,0.512991
2023-09-25,sh.600782,4.2200,4.2800,4.2000,4.2000,4.2300,34561102,146308214.8000,3,1.083900,1,-0.709200,0,-169.902167,0.509353
2023-09-26,sh.600782,4.2000,4.2400,4.1600,4.1700,4.2000,28242259,117980923.0300,3,0.885700,1,-0.714300,0,-168.688580,0.505715
2023-09-27,sh.600782,4.1800,4.1900,4.0700,4.0800,4.1700,37548274,154395620.9200,3,1.177500,1,-2.158300,0,-165.047820,0.494800
2023-09-28,sh.600782,4.0800,4.1400,4.0800,4.1000,4.0800,18426628,75764719.3000,3,0.577900,1,0.490200,0,-165.856878,0.497226
2023-09-01,sh.600808,2.6100,2.6600,2.6000,2.6400,2.6000,29425943,77588511.0800,3,0.493100,1,1.538500,0,-4.536806,0.763775
2023-09-04,sh.600808,2.6500,2.8400,2.6500,2.8100,2.6400,77623740,214973916.2400,3,1.300700,1,6.439400,0,-4.828949,0.812957
2023-09-05,sh.600808,2.8400,2.8500,2.7500,2.7600,2.8100,37176295,103179004.7900,3,0.623000,1,-1.779400,0,-4.743025,0.798492
2023-09-06,sh.600808,2.7600,2.7800,2.6800,2.7000,2.7600,33975597,92089463.9300,3,0.569300,1,-2.173900,0,-4.639916,0.781133
2023-09-07,sh.600808,2.7100,2.7200,2.6400,2.6500,2.7000,27473870,73289992.8000,3,0.460400,1,-1.851900,0,-4.553991,0.766668
2023-09-08,sh.600808,2.6400,2.6600,2.6300,2.6300,2.6500,18505801,48919453.6400,3,0.310100,1,-0.754700,0,-4.519621,0.760882
2023-09-11,sh.600808,2.6500,2.6700,2.6300,2.6500,2.6300,21829900,57869573.0000,3,0.365800,1,0.760500,0,-4.553991,0.766668
2023-09-12,sh.600808,2.6500,2.6700,2.6300,2.6400,2.6500,19986370,52985179.4600,3,0.334900,1,-0.377400,0,-4.536806,0.763775
2023-09-13,sh.600808,2.6400,2.6800,2.6300,2.6500,2.6400,19438648,51644622.7000,3,0.325700,1,0.378800,0,-4.553991,0.766668
2023-09-14,sh.600808,2.6500,2.6800,2.6400,2.6800,2.6500,23388667,62356545.2200,3,0.391900,1,1.132100,0,-4.605546,0.775347
2023-09-15,sh.600808,2.6800,2.7600,2.6800,2.7200,2.6800,33186477,90301002.1600,3,0.556100,1,1.492500,0,-4.674285,0.786920
2023-09-18,sh.600808,2.7200,2.7200,2.6700,2.7100,2.7200,33932271,91436624.9900,3,0.568600,1,-0.367600,0,-4.657100,0.784026
2023-09-19,sh.600808,2.7100,2.7500,2.7000,2.7400,2.7100,30571193,83612692.6600,3,0.512300,1,1.107000,0,-4.708655,0.792706
2023-09-20,sh.600808,2.7400,2.7700,2.7300,2.7500,2.7400,27059921,74599820.4700,3,0.453400,1,0.365000,0,-4.725840,0.795599
2023-09-21,sh.600808,2.7400,2.7600,2.7200,2.7300,2.7500,23694500,64877693.0000,3,0.397000,1,-0.727300,0,-4.691470,0.789813
2023-09-22,sh.600808,2.7200,2.7300,2.6600,2.6900,2.7300,37032015,99775096.9000,3,0.620500,1,-1.465200,0,-4.622731,0.778240
2023-09-25,sh.600808,2.6900,2.7100,2.6700,2.6800,2.6900,26265778,70549796.8100,3,0.440100,1,-0.371700,0,-4.605546,0.775347
2023-09-26,sh.600808,2.6800,2.6900,2.6500,2.6600,2.6800,22326650,59429204.5000,3,0.374100,1,-0.746300,0,-4.571176,0.769561
2023-09-27,sh.600808,2.6600,2.6900,2.6500,2.6800,2.6600,26395900,70736002.0000,3,0.442300,1,0.751900,0,-4.605546,0.775347
2023-09-28,sh.600808,2.6800,2.6900,2.6400,2.6400,2.6800,25079148,66489412.7200,3,0.420200,1,-1.492500,0,-4.536806,0.763775
2023-09-01,sh.601003,3.9300,4.0800,3.9200,4.0300,3.9200,30362566,121996165.3200,3,1.184700,1,2.806100,0,-6.750856,1.068425
2023-09-04,sh.601003,4.0200,4.2300,4.0200,4.2200,4.0300,33290939,139196002.8500,3,1.299000,1,4.714600,0,-7.069134,1.118797
2023-09-05,sh.601003,4.2100,4.2200,4.0900,4.1700,4.2200,13483440,55807654.4000,3,0.526100,1,-1.184800,0,-6.985377,1.105541
2023-09-06,sh.601003,4.1500,4.1500,4.0500,4.0800,4.1700,10191457,41626833.4200,3,0.397700,1,-2.158300,0,-6.834613,1.081681
2023-09-07,sh.601003,4.0700,4.0800,3.9800,4.0000,4.0800,10845601,43563951.9900,3,0.423200,1,-1.960800,0,-6.700601,1.060471
2023-09-08,sh.601003,3.9900,3.9900,3.9200,3.9500,4.0000,12047300,47538107.0000,3,0.470100,1,-1.250000,0,-6.616844,1.047216
2023-09-11,sh.601003,4.0000,4.0000,3.8800,3.9000,3.9500,19762800,77298648.0000,3,0.771100,1,-1.265800,0,-6.533086,1.033960
2023-09-12,sh.601003,3.9100,3.9300,3.8700,3.8800,3.9000,17111586,66613665.8200,3,0.667700,1,-0.512800,0,-6.499583,1.028657
2023-09-13,sh.601003,3.8800,3.9300,3.8400,3.8600,3.8800,18866992,73166009.5900,3,0.736200,1,-0.515500,0,-6.466080,1.023355
2023-09-14,sh.601003,3.8600,3.8700,3.8100,3.8400,3.8600,18290402,70153218.7400,3,0.713700,1,-0.518100,0,-6.432577,1.018053
2023-09-15,sh.601003,3.8500,3.9700,3.8400,3.9400,3.8400,26141194,102405856.0400,3,1.020000,1,2.604200,0,-6.600092,1.044564
2023-09-18,sh.601003,3.9200,3.9400,3.8400,3.8600,3.9400,17096608,66096045.7300,3,0.667100,1,-2.030500,0,-6.466080,1.023355
2023-09-19,sh.601003,3.8600,3.9000,3.8300,3.8700,3.8600,15846589,61277367.9000,3,0.618300,1,0.259100,0,-6.482831,1.026006
2023-09-20,sh.601003,3.8700,3.9100,3.8400,3.8700,3.8700,13432312,52248090.3900,3,0.524100,1,0.000000,0,-6.482831,1.026006
2023-09-21,sh.601003,3.8700,3.9000,3.8300,3.8500,3.8700,11352324,43730484.1600,3,0.443000,1,-0.516800,0,-6.449328,1.020704
2023-09-22,sh.601003,3.8300,3.8700,3.8000,3.8600,3.8500,13725208,52520660.0400,3,0.535600,1,0.259700,0,-6.466080,1.023355
2023-09-25,sh.601003,3.8600,3.8800,3.8000,3.8100,3.8600,16602200,63519599.0000,3,0.647800,1,-1.295300,0,-6.382322,1.010099
2023-09-26,sh.601003,3.8000,3.8000,3.7500,3.7600,3.8100,12384540,46738098.0000,3,0.483200,1,-1.312300,0,-6.298565,0.996843
2023-09-27,sh.601003,3.7500,3.7700,3.7000,3.7000,3.7600,13412560,49957577.0000,3,0.523400,1,-1.595700,0,-6.198056,0.980936
2023-09-28,sh.601003,3.7100,3.7200,3.6700,3.6900,3.7000,11308857,41738287.7600,3,0.441300,1,-0.270300,0,-6.181304,0.978285
2023-09-01,sh.601005,1.5500,1.6100,1.5400,1.5700,1.5500,122654603,193356022.1700,3,1.463600,1,1.290300,0,-7.105677,0.669671
2023-09-04,sh.601005,1.5800,1.7300,1.5700,1.7000,1.5700,409038783,687926108.6900,3,4.880900,1,8.280300,0,-7.694045,0.725122
2023-09-05,sh.601005,1.6800,1.6900,1.6300,1.6500,1.7000,247755220,410015713.5900,3,2.956300,1,-2.941200,0,-7.467750,0.703795
2023-09-06,sh.601005,1.6400,1.6500,1.6000,1.6100,1.6500,159198766,256652287.6000,3,1.899600,1,-2.424200,0,-7.286714,0.686733
2023-09-07,sh.601005,1.6100,1.6100,1.5600,1.5700,1.6100,127925070,202343596.2000,3,1.526500,1,-2.484500,0,-7.105677,0.669671
2023-09-08,sh.601005,1.5600,1.5800,1.5500,1.5700,1.5700,86452479,135474011.2400,3,1.031600,1,0.000000,0,-7.105677,0.669671
2023-09-11,sh.601005,1.5600,1.5900,1.5500,1.5700,1.5700,104618749,164059436.1400,3,1.248400,1,0.000000,0,-7.105677,0.669671
2023-09-12,sh.601005,1.5700,1.5900,1.5600,1.5700,1.5700,81049250,127565104.5000,3,0.967100,1,0.000000,0,-7.105677,0.669671
2023-09-13,sh.601005,1.5700,1.6100,1.5600,1.5700,1.5700,97822001,155013056.5800,3,1.167300,1,0.000000,0,-7.105677,0.669671
2023-09-14,sh.601005,1.5700,1.6000,1.5600,1.6000,1.5700,123456774,195319862.8000,3,1.473100,1,1.910800,0,-7.241454,0.682468
2023-09-15,sh.601005,1.6000,1.6400,1.5900,1.6200,1.6000,133648900,216111855.0000,3,1.594800,1,1.250000,0,-7.331973,0.690999
2023-09-18,sh.601005,1.6200,1.6200,1.6000,1.6100,1.6200,93107891,149790021.6000,3,1.111000,1,-0.617300,0,-7.286714,0.686733
2023-09-19,sh.601005,1.6100,1.6400,1.6000,1.6200,1.6100,105225716,171115899.0800,3,1.255600,1,0.621100,0,-7.331973,0.690999
2023-09-20,sh.601005,1.6100,1.6200,1.5900,1.6000,1.6200,74222727,119286142.2000,3,0.885700,1,-1.234600,0,-7.241454,0.682468
2023-09-21,sh.601005,1.5900,1.6200,1.5900,1.6000,1.6000,57647100,92424361.0000,3,0.687900,1,0.000000,0,-7.241454,0.682468
2023-09-22,sh.601005,1.5900,1.6100,1.5800,1.6100,1.6000,71177200,113526227.5000,3,0.849300,1,0.625000,0,-7.286714,0.686733
2023-09-25,sh.601005,1.6000,1.6100,1.5600,1.5600,1.6100,89932138,142121208.0500,3,1.073100,1,-3.105600,0,-7.060418,0.665406
2023-09-26,sh.601005,1.5600,1.5700,1.5500,1.5500,1.5600,42829926,66621067.3000,3,0.511100,1,-0.641000,0,-7.015159,0.661141
2023-09-27,sh.601005,1.5500,1.5600,1.5300,1.5300,1.5500,65515229,101198538.3900,3,0.781800,1,-1.290300,0,-6.924641,0.652610
2023-09-28,sh.601005,1.5300,1.5500,1.5200,1.5300,1.5300,56507063,86748081.3900,3,0.674300,1,0.000000,0,-6.924641,0.652610
2023-09-01,sh.601686,6.7100,6.9300,6.7100,6.8900,6.7100,5784907,39705515.3800,3,1.014500,1,2.682600,0,22.109707,1.572906
2023-09-04,sh.601686,6.9500,7.1000,6.9300,7.0900,6.8900,5642500,39793505.0000,3,0.989500,1,2.902800,0,22.751498,1.618563
2023-09-05,sh.601686,7.0900,7.0900,6.9300,7.0500,7.0900,4419174,30988249.2200,3,0.775000,1,-0.564200,0,22.623140,1.609432
2023-09-06,sh.601686,7.0600,7.0800,6.9000,6.9200,7.0500,4008500,27822462.0000,3,0.703000,1,-1.844000,0,22.205975,1.579754
2023-09-07,sh.601686,6.9400,6.9400,6.7600,6.7700,6.9200,3734800,25466843.0000,3,0.655000,1,-2.167600,0,21.724632,1.545511
2023-09-08,sh.601686,6.8600,6.8600,6.7500,6.7900,6.7700,2675200,18173940.0000,3,0.469100,1,0.295400,0,21.788811,1.550077
2023-09-11,sh.601686,6.7700,6.8100,6.7200,6.7900,6.7900,3528000,23901838.3000,3,0.618700,1,0.000000,0,21.788811,1.550077
2023-09-12,sh.601686,6.7900,6.8000,6.7000,6.7600,6.7900,2954800,19939121.0000,3,0.518200,1,-0.441800,0,21.692542,1.543228
2023-09-13,sh.601686,6.7200,6.8500,6.7100,6.7600,6.7600,2696200,18257105.0000,3,0.472800,1,0.000000,0,21.692542,1.543228
2023-09-14,sh.601686,6.7300,6.8000,6.7100,6.7700,6.7600,2454700,16606072.0000,3,0.430500,1,0.147900,0,21.724632,1.545511
2023-09-15,sh.601686,6.7700,6.9000,6.7700,6.8500,6.7700,4197200,28701976.0000,3,0.736000,1,1.181700,0,21.981348,1.563774
2023-09-18,sh.601686,6.8300,6.9400,6.7700,6.9300,6.8500,4154000,28490016.0000,3,0.728500,1,1.167900,0,22.238065,1.582037
2023-09-19,sh.601686,6.9100,6.9800,6.8600,6.9400,6.9300,3122835,21666203.9000,3,0.547600,1,0.144300,0,22.270154,1.584320
2023-09-20,sh.601686,6.9400,6.9800,6.8600,6.9500,6.9400,2677907,18598950.7900,3,0.469600,1,0.144100,0,22.302244,1.586603
2023-09-21,sh.601686,6.8800,6.9600,6.8500,6.8700,6.9500,3582600,24691964.0000,3,0.628300,1,-1.151100,0,22.045527,1.568340
2023-09-22,sh.601686,6.8800,6.9100,6.7500,6.7900,6.8700,4046642,27490996.9700,3,0.709600,1,-1.164500,0,21.788811,1.550077
2023-09-25,sh.601686,6.7900,6.8300,6.7000,6.7800,6.7900,3447300,23323847.0000,3,0.604500,1,-0.147300,0,21.756721,1.547794
2023-09-26,sh.601686,6.7300,6.8500,6.7300,6.8000,6.7800,3227000,21957028.0000,3,0.565900,1,0.295000,0,21.820901,1.552360
2023-09-27,sh.601686,6.7600,6.8700,6.7600,6.7600,6.8000,2466442,16755266.7400,3,0.432500,1,-0.588200,0,21.692542,1.543228
2023-09-28,sh.601686,6.7500,6.8700,6.7500,6.8400,6.7600,3335142,22785747.0200,3,0.584900,1,1.183400,0,21.949259,1.561491
2023-09-01,sh.603878,7.8500,7.9500,7.7900,7.8700,7.7800,8719852,68625825.4200,3,1.554200,1,1.156800,0,13.939310,1.690816
2023-09-04,sh.603878,7.8600,8.1200,7.8600,8.1100,7.8700,13180007,105900171.4700,3,2.349100,1,3.049600,0,14.364397,1.742378
2023-09-05,sh.603878,8.1000,8.2600,8.0600,8.1900,8.1100,7698188,62848266.8600,3,1.372100,1,0.986400,0,14.506092,1.759565
2023-09-06,sh.603878,8.1700,8.2800,8.1100,8.2600,8.1900,5557628,45700212.7600,3,0.990600,1,0.854700,0,14.630076,1.774604
2023-09-07,sh.603878,8.2300,8.3400,8.1500,8.1700,8.2600,5754948,47330665.4100,3,1.025700,1,-1.089600,0,14.470668,1.755269
2023-09-08,sh.603878,8.1400,8.1500,7.9400,7.9500,8.1700,5711250,45737384.1000,3,1.017900,1,-2.692800,0,14.081005,1.708003
2023-09-11,sh.603878,7.9600,8.0100,7.8400,7.9100,7.9500,6749916,53448229.5800,3,1.203100,1,-0.503100,0,14.010157,1.699409
2023-09-12,sh.603878,7.8400,8.0200,7.8400,7.9500,7.9100,6183419,49091022.5900,3,1.102100,1,0.505700,0,14.081005,1.708003
2023-09-13,sh.603878,7.9200,8.0200,7.8400,7.8800,7.9500,3806814,30173178.2400,3,0.678500,1,-0.880500,0,13.957022,1.692964
2023-09-14,sh.603878,7.9500,7.9700,7.8200,7.8900,7.8800,3490876,27557329.9000,3,0.622200,1,0.126900,0,13.974734,1.695112
2023-09-15,sh.603878,7.9500,8.0000,7.8500,7.9400,7.8900,4170078,33064237.7600,3,0.743200,1,0.633700,0,14.063293,1.705855
2023-09-18,sh.603878,7.9100,8.0400,7.7900,8.0200,7.9400,4696472,37406465.7200,3,0.837100,1,1.007600,0,14.204989,1.723042
2023-09-19,sh.603878,7.9700,8.0400,7.9300,8.0100,8.0200,3303867,26396269.4600,3,0.588900,1,-0.124700,0,14.187277,1.720894
2023-09-20,sh.603878,7.9500,8.0100,7.8600,7.8900,8.0100,5141189,40644830.4800,3,0.916300,1,-1.498100,0,13.974734,1.695112
2023-09-21,sh.603878,7.7800,7.9300,7.7200,7.8300,7.8900,3597560,28114783.4000,3,0.641200,1,-0.760500,0,13.868462,1.682222
2023-09-22,sh.603878,7.8200,7.9400,7.7400,7.9300,7.8300,5333380,41977731.8000,3,0.950600,1,1.277100,0,14.045581,1.703706
2023-09-25,sh.603878,7.9700,8.0400,7.8600,7.9200,7.9300,5711603,45464547.9100,3,1.018000,1,-0.126100,0,14.027869,1.701558
2023-09-26,sh.603878,7.8700,8.0000,7.8500,7.9000,7.9200,4685824,37146994.6100,3,0.835200,1,-0.252500,0,13.992445,1.697261
2023-09-27,sh.603878,7.8700,8.1000,7.8700,7.9700,7.9000,6436976,51560225.7600,3,1.147300,1,0.886100,0,14.116429,1.712300
2023-09-28,sh.603878,8.0700,8.1200,7.9600,7.9700,7.9700,4907031,39310707.3400,3,0.874600,1,0.000000,0,14.116429,1.712300
2023-09-01,sh.603995,21.3300,21.6200,21.1000,21.2700,21.3400,4349632,92823664.6500,3,1.294900,1,-0.328000,0,20.379450,1.543832
2023-09-04,sh.603995,21.6000,22.3600,21.3500,22.3500,21.2700,6192639,135729682.4800,3,1.843600,1,5.077600,0,21.414232,1.622221
2023-09-05,sh.603995,22.1700,22.1700,21.7000,21.8600,22.3500,2837600,62085606.0000,3,0.844800,1,-2.192400,0,20.944747,1.586656
2023-09-06,sh.603995,21.8000,22.0300,21.6700,22.0200,21.8600,1816125,39727447.2000,3,0.540700,1,0.731900,0,21.098048,1.598269
2023-09-07,sh.603995,21.8000,21.9500,21.3500,21.3500,22.0200,2249500,48548101.0000,3,0.669700,1,-3.042700,0,20.456101,1.549639
2023-09-08,sh.603995,21.3900,21.5300,21.0500,21.0800,21.3500,2238452,47538164.4500,3,0.666400,1,-1.264600,0,20.197405,1.530042
2023-09-11,sh.603995,21.0900,21.3400,21.0000,21.2500,21.0800,1668100,35334431.0000,3,0.496600,1,0.806500,0,20.360287,1.542381
2023-09-12,sh.603995,21.4200,21.4200,21.0100,21.2800,21.2500,1812659,38411702.4700,3,0.539600,1,0.141200,0,20.389031,1.544558
2023-09-13,sh.603995,21.2500,21.4900,21.0700,21.2000,21.2800,1642114,34901893.2000,3,0.488900,1,-0.375900,0,20.312381,1.538751
2023-09-14,sh.603995,21.4900,21.6600,21.3800,21.5700,21.2000,2828491,60877900.1400,3,0.842000,1,1.745300,0,20.666889,1.565607
2023-09-15,sh.603995,21.7900,21.7900,21.2600,21.4900,21.5700,2371345,50774924.0700,3,0.706000,1,-0.370900,0,20.590239,1.559800
2023-09-18,sh.603995,21.4100,21.5300,21.1200,21.2900,21.4900,2094720,44566768.4000,3,0.623600,1,-0.930700,0,20.398613,1.545284
2023-09-19,sh.603995,21.2900,21.4000,21.1300,21.3000,21.2900,1506180,32018754.4500,3,0.448400,1,0.047000,0,20.408194,1.546010
2023-09-20,sh.603995,21.3000,21.3100,20.8800,20.9700,21.3000,1783517,37575283.7800,3,0.531000,1,-1.549300,0,20.092011,1.522057
2023-09-21,sh.603995,20.9100,21.0700,20.6700,20.8700,20.9700,1576188,32850319.4500,3,0.469200,1,-0.476900,0,19.996198,1.514799
2023-09-22,sh.603995,20.7800,21.1400,20.5500,21.0600,20.8700,1579766,32900453.9200,3,0.470300,1,0.910400,0,20.178243,1.528590
2023-09-25,sh.603995,21.0300,21.1300,20.6900,20.8100,21.0600,1477427,30764151.8300,3,0.439800,1,-1.187100,0,19.938710,1.510444
2023-09-26,sh.603995,20.8100,20.8900,20.4800,20.5800,20.8100,1310796,27036855.2700,3,0.390200,1,-1.105200,0,19.718340,1.493750
2023-09-27,sh.603995,20.4800,21.0700,20.4800,20.6800,20.5800,1872715,38979047.3500,3,0.557500,1,0.485900,0,19.814153,1.501008
2023-09-28,sh.603995,20.7500,20.9000,20.4300,20.5300,20.6800,2839235,58368250.5500,3,0.845200,1,-0.725300,0,19.670433,1.490121
2023-09-01,sh.688186,21.2100,21.5200,20.9700,21.1100,21.2600,3683761,78070316.3600,3,1.719500,1,-0.705600,0,34.533394,1.384876
2023-09-04,sh.688186,21.2800,21.6300,21.0000,21.5900,21.1100,5065873,108376852.9500,3,2.364600,1,2.273800,0,35.318616,1.416366
2023-09-05,sh.688186,21.5000,21.7800,21.3000,21.5000,21.5900,3273378,70462495.0400,3,1.527900,1,-0.416900,0,35.171386,1.410461
2023-09-06,sh.688186,21.4600,21.8800,21.3500,21.7800,21.5000,2706908,58611853.2100,3,1.263500,1,1.302300,0,35.629432,1.428830
2023-09-07,sh.688186,21.7500,21.8400,21.2100,21.2300,21.7800,3044042,65170985.9300,3,1.420900,1,-2.525300,0,34.729699,1.392748
2023-09-08,sh.688186,21.1900,21.3700,21.1100,21.1900,21.2300,2163028,45919884.6200,3,1.009600,1,-0.188400,0,34.664264,1.390124
2023-09-11,sh.688186,21.1900,21.5500,20.9700,21.4200,21.1900,2848066,60622162.4600,3,1.329400,1,1.085400,0,35.040516,1.405213
2023-09-12,sh.688186,21.4000,21.5400,21.2000,21.2400,21.4200,1907513,40677126.4900,3,0.890400,1,-0.840300,0,34.746058,1.393405
2023-09-13,sh.688186,21.2500,21.3500,20.6500,20.9200,21.2400,2523827,52816256.4300,3,1.178000,1,-1.506600,0,34.222577,1.372412
2023-09-14,sh.688186,20.9200,20.9900,20.6600,20.7800,20.9200,1715802,35640553.8400,3,0.800900,1,-0.669200,0,33.993554,1.363227
2023-09-15,sh.688186,20.8300,21.1000,20.5200,20.8700,20.7800,2722944,56737632.5200,3,1.271000,1,0.433100,0,34.140783,1.369131
2023-09-18,sh.688186,20.6200,21.4900,20.5400,21.1400,20.8700,3437412,72557951.3300,3,1.604500,1,1.293700,0,34.582470,1.386844
2023-09-19,sh.688186,21.2300,21.2800,20.5200,20.6600,21.1400,2424133,50182909.1800,3,1.131500,1,-2.270600,0,33.797249,1.355355
2023-09-20,sh.688186,20.5800,20.6700,20.4000,20.5300,20.6600,2163159,44419672.2100,3,1.009700,1,-0.629200,0,33.584584,1.346826
2023-09-21,sh.688186,20.5000,20.6000,20.1900,20.2600,20.5300,2759039,56136805.3700,3,1.287800,1,-1.315100,0,33.142897,1.329114
2023-09-22,sh.688186,20.2000,20.7700,20.0400,20.7600,20.2600,2813077,57568667.2500,3,1.313000,1,2.467900,0,33.960836,1.361915
2023-09-25,sh.688186,20.7100,20.7500,20.1900,20.3300,20.7600,2425190,49359961.0200,3,1.132000,1,-2.071300,0,33.257409,1.333706
2023-09-26,sh.688186,20.3300,20.3900,19.8900,20.0000,20.3300,2628313,52787925.3700,3,1.226800,1,-1.623200,0,32.717569,1.312057
2023-09-27,sh.688186,20.1100,20.6800,19.8600,20.3400,20.0000,3380919,68809499.2700,3,1.578100,1,1.700000,0,33.273767,1.334362
2023-09-28,sh.688186,20.3900,20.9800,20.3900,20.6000,20.3400,3635038,74925178.9300,3,1.696700,1,1.278300,0,33.699096,1.351419
2023-09-01,sz.000708,14.1900,14.8300,14.1700,14.7900,14.1900,9581596,140057176.6600,3,0.189800,1,4.228300,0,11.721805,2.112216
2023-09-04,sz.000708,14.7900,15.9500,14.7900,15.6400,14.7900,21455978,332887861.2600,3,0.425100,1,5.747100,0,12.395472,2.233608
2023-09-05,sz.000708,15.6500,15.6900,15.3200,15.4600,15.6400,5829078,90043293.4100,3,0.115500,1,-1.150900,0,12.252813,2.207901
2023-09-06,sz.000708,15.4200,15.4200,15.1100,15.2600,15.4600,5193204,79064050.4200,3,0.102900,1,-1.293700,0,12.094303,2.179338
2023-09-07,sz.000708,15.1900,15.2800,14.9500,15.0000,15.2600,4935917,74453116.2000,3,0.097800,1,-1.703800,0,11.888240,2.142207
2023-09-08,sz.000708,14.9000,15.0000,14.6400,14.7100,15.0000,5113011,75511451.3100,3,0.101300,1,-1.933300,0,11.658401,2.100791
2023-09-11,sz.000708,14.7500,14.7900,14.5600,14.6300,14.7100,6675262,97715707.8400,3,0.132300,1,-0.543800,0,11.594997,2.089366
2023-09-12,sz.000708,14.6700,14.7000,14.4800,14.5400,14.6300,4796499,69865883.1900,3,0.095000,1,-0.615200,0,11.523668,2.076512
2023-09-13,sz.000708,14.5300,14.7200,14.4700,14.5700,14.5400,5108440,74398900.1000,3,0.101200,1,0.206300,0,11.547444,2.080797
2023-09-14,sz.000708,14.5300,14.9300,14.4800,14.8500,14.5700,12580539,185341868.2200,3,0.249300,1,1.921800,0,11.769358,2.120785
2023-09-15,sz.000708,14.8500,14.9700,14.6100,14.6800,14.8500,5889219,87069955.3500,3,0.116700,1,-1.144800,0,11.634625,2.096506
2023-09-18,sz.000708,14.6800,14.7000,14.4100,14.5700,14.6800,6108070,88887475.7000,3,0.121000,1,-0.749300,0,11.547444,2.080797
2023-09-19,sz.000708,14.5500,14.8500,14.5000,14.8200,14.5700,9692172,142538106.6800,3,0.192000,1,1.715900,0,11.745582,2.116500
2023-09-20,sz.000708,14.8600,15.2200,14.7100,15.0200,14.8200,11039919,166421427.9500,3,0.218700,1,1.349500,0,11.904091,2.145063
2023-09-21,sz.000708,14.9700,15.0500,14.7500,14.8900,15.0200,9252196,137782748.9100,3,0.183300,1,-0.865500,0,11.801060,2.126497
2023-09-22,sz.000708,14.9400,14.9600,14.6500,14.7500,14.8900,13029024,192548669.0800,3,0.258100,1,-0.940200,0,11.690103,2.106503
2023-09-25,sz.000708,14.7500,15.0000,14.7000,14.9200,14.7500,9839091,146583394.2800,3,0.194900,1,1.152500,0,11.824836,2.130782
2023-09-26,sz.000708,14.8800,14.9500,14.7000,14.7300,14.9200,5823300,85982825.9900,3,0.115400,1,-1.273500,0,11.674252,2.103647
2023-09-27,sz.000708,14.7100,15.0000,14.7000,14.7400,14.7300,5355472,79432848.7200,3,0.106100,1,0.067900,0,11.682178,2.105075
2023-09-28,sz.000708,14.7500,14.9000,14.7500,14.8100,14.7400,3447356,51111702.0600,3,0.068300,1,0.474900,0,11.737656,2.115072
2023-09-01,sz.000709,2.2700,2.3000,2.2600,2.3000,2.2600,72702006,166050588.3700,3,0.703400,1,1.769900,0,25.509671,0.465199
2023-09-04,sz.000709,2.3000,2.3700,2.2900,2.3600,2.3000,117516517,275302141.3500,3,1.137000,1,2.608700,0,26.175141,0.477334
2023-09-05,sz.000709,2.3600,2.3600,2.3100,2.3300,2.3600,76135324,177342661.1800,3,0.736600,1,-1.271200,0,25.842406,0.471267
2023-09-06,sz.000709,2.3300,2.3400,2.3000,2.3100,2.3300,48615805,112521591.4500,3,0.470400,1,-0.858400,0,25.620583,0.467221
2023-09-07,sz.000709,2.3100,2.3200,2.2800,2.2800,2.3100,42632451,97877899.5200,3,0.412500,1,-1.298700,0,25.287848,0.461154
2023-09-08,sz.000709,2.2800,2.3000,2.2700,2.2900,2.2800,50611716,115751386.0000,3,0.489700,1,0.438600,0,25.398760,0.463176
2023-09-11,sz.000709,2.3000,2.3100,2.2800,2.2900,2.2900,57884776,132885586.4500,3,0.560100,1,0.000000,0,25.398760,0.463176
2023-09-12,sz.000709,2.2900,2.3000,2.2800,2.2900,2.2900,29140502,66729422.2000,3,0.281900,1,0.000000,0,25.398760,0.463176
2023-09-13,sz.000709,2.2800,2.3100,2.2800,2.2800,2.2900,55274296,126686540.0400,3,0.534800,1,-0.436700,0,25.287848,0.461154
2023-09-14,sz.000709,2.2800,2.3100,2.2800,2.3000,2.2800,47574890,109178482.6900,3,0.460300,1,0.877200,0,25.509671,0.465199
2023-09-15,sz.000709,2.3100,2.3400,2.3000,2.3100,2.3000,73371394,169949183.5500,3,0.709900,1,0.434800,0,25.620583,0.467221
2023-09-18,sz.000709,2.3100,2.3100,2.2800,2.2900,2.3100,53902257,123696032.5300,3,0.521500,1,-0.865800,0,25.398760,0.463176
2023-09-19,sz.000709,2.3000,2.3400,2.2900,2.3200,2.2900,65210670,151275061.4800,3,0.630900,1,1.310000,0,25.731495,0.469244
2023-09-20,sz.000709,2.3300,2.3300,2.3100,2.3100,2.3200,39436027,91357473.0200,3,0.381600,1,-0.431000,0,25.620583,0.467221
2023-09-21,sz.000709,2.3100,2.3200,2.3000,2.3100,2.3100,39242517,90564170.9400,3,0.379700,1,0.000000,0,25.620583,0.467221
2023-09-22,sz.000709,2.3000,2.3100,2.2900,2.3100,2.3100,55735843,128238449.1400,3,0.539300,1,0.000000,0,25.620583,0.467221
2023-09-25,sz.000709,2.3000,2.3100,2.2900,2.2900,2.3100,42351046,97347433.6900,3,0.409800,1,-0.865800,0,25.398760,0.463176
2023-09-26,sz.000709,2.2900,2.3000,2.2800,2.2800,2.2900,24927904,56991523.1200,3,0.241200,1,-0.436700,0,25.287848,0.461154
2023-09-27,sz.000709,2.2800,2.2900,2.2600,2.2600,2.2800,47691894,108396853.3700,3,0.461400,1,-0.877200,0,25.066025,0.457108
2023-09-28,sz.000709,2.2600,2.2900,2.2600,2.2700,2.2600,39745085,90453525.7100,3,0.384600,1,0.442500,0,25.176937,0.459131
2023-09-01,sz.000717,2.8500,2.9700,2.8500,2.9300,2.8500,21958424,64166247.3800,3,0.906000,1,2.807000,0,-4.688545,0.781575
2023-09-04,sz.000717,2.9500,3.1000,2.9400,3.1000,2.9300,54519960,166584159.6200,3,2.249600,1,5.802000,0,-4.960577,0.826923
2023-09-05,sz.000717,3.1000,3.1100,3.0100,3.0300,3.1000,21329304,64746230.9900,3,0.880100,1,-2.258100,0,-4.848564,0.808250
2023-09-06,sz.000717,3.0200,3.0300,2.9400,2.9600,3.0300,26228601,77762860.9600,3,1.082200,1,-2.310200,0,-4.736551,0.789578
2023-09-07,sz.000717,2.9600,2.9600,2.8800,2.8900,2.9600,20754081,60478314.0600,3,0.856300,1,-2.364900,0,-4.624538,0.770905
2023-09-08,sz.000717,2.8900,2.8900,2.8400,2.8600,2.8900,25235518,72083935.3000,3,1.041300,1,-1.038100,0,-4.576532,0.762903
2023-09-11,sz.000717,2.8700,2.9000,2.8500,2.8900,2.8600,19345272,55672266.9200,3,0.798200,1,1.049000,0,-4.624538,0.770905
2023-09-12,sz.000717,2.8900,2.9800,2.8800,2.9100,2.8900,20842576,60823677.6400,3,0.860000,1,0.692000,0,-4.656541,0.776240
2023-09-13,sz.000717,2.9000,2.9700,2.8900,2.9200,2.9100,17868375,52266800.5000,3,0.737300,1,0.343600,0,-4.672543,0.778908
2023-09-14,sz.000717,2.9100,2.9500,2.9000,2.9500,2.9200,19375418,56767922.5600,3,0.799500,1,1.027400,0,-4.720549,0.786910
2023-09-15,sz.000717,2.9400,3.0400,2.9400,3.0300,2.9500,36265392,109106500.8400,3,1.496400,1,2.711900,0,-4.848564,0.808250
2023-09-18,sz.000717,3.0200,3.0300,2.9500,3.0000,3.0300,22784267,67925130.0000,3,0.940100,1,-0.990100,0,-4.800558,0.800248
2023-09-19,sz.000717,3.0000,3.0200,2.9700,3.0100,3.0000,12977600,39039252.0000,3,0.535500,1,0.333300,0,-4.816560,0.802915
2023-09-20,sz.000717,3.0100,3.0700,3.0000,3.0300,3.0100,23393226,71092395.0300,3,0.965200,1,0.664500,0,-4.848564,0.808250
2023-09-21,sz.000717,3.0100,3.0400,3.0000,3.0100,3.0300,13598300,40984826.0000,3,0.561100,1,-0.660100,0,-4.816560,0.802915
2023-09-22,sz.000717,2.9900,3.0100,2.9600,2.9800,3.0100,15220500,45318496.0000,3,0.628000,1,-0.996700,0,-4.768554,0.794913
2023-09-25,sz.000717,2.9700,2.9800,2.9400,2.9600,2.9800,15674401,46434493.9500,3,0.646800,1,-0.671100,0,-4.736551,0.789578
2023-09-26,sz.000717,2.9700,2.9700,2.9300,2.9400,2.9600,10999100,32423594.0000,3,0.453800,1,-0.675700,0,-4.704547,0.784243
2023-09-27,sz.000717,2.9500,2.9800,2.8900,2.8900,2.9400,17378397,50742024.1800,3,0.717100,1,-1.700700,0,-4.624538,0.770905
2023-09-28,sz.000717,2.9000,2.9200,2.8800,2.9100,2.8900,11094901,32160545.8800,3,0.457800,1,0.692000,0,-4.656541,0.776240
2023-09-01,sz.000761,3.7000,3.7700,3.6700,3.7200,3.7100,12926606,48109992.4400,3,0.348600,1,0.269500,0,-5.458724,0.906270
2023-09-04,sz.000761,3.7200,3.9600,3.7100,3.9200,3.7200,28182925,109170705.6000,3,0.760000,1,5.376300,0,-5.752204,0.954994
2023-09-05,sz.000761,3.9300,3.9500,3.8000,3.8300,3.9200,15520544,59615981.6300,3,0.418500,1,-2.295900,0,-5.620138,0.933068
2023-09-06,sz.000761,3.8500,3.8500,3.7200,3.7500,3.8300,12317339,46209012.2500,3,0.332200,1,-2.088800,0,-5.502746,0.913578
2023-09-07,sz.000761,3.7700,3.7800,3.6800,3.7000,3.7500,12725972,47373274.2800,3,0.343200,1,-1.333300,0,-5.429376,0.901397
2023-09-08,sz.000761,3.7000,3.7200,3.6300,3.6400,3.7000,11003500,40253937.0000,3,0.296700,1,-1.621600,0,-5.341332,0.886780
2023-09-11,sz.000761,3.6400,3.6900,3.6000,3.6600,3.6400,11138030,40613701.4500,3,0.300400,1,0.549500,0,-5.370680,0.891653
2023-09-12,sz.000761,3.6500,3.6900,3.6400,3.6600,3.6600,7660819,28096590.5400,3,0.206600,1,0.000000,0,-5.370680,0.891653
2023-09-13,sz.000761,3.6500,3.7200,3.6500,3.6900,3.6600,10260500,37904209.2200,3,0.276700,1,0.819700,0,-5.414702,0.898961
2023-09-14,sz.000761,3.6900,3.7800,3.6700,3.7500,3.6900,16782699,62651212.2600,3,0.452600,1,1.626000,0,-5.502746,0.913578
2023-09-15,sz.000761,3.7500,3.8400,3.7300,3.8300,3.7500,15803626,60103552.1600,3,0.426200,1,2.133300,0,-5.620138,0.933068
2023-09-18,sz.000761,3.8300,3.8800,3.7900,3.8800,3.8300,14638540,56177911.0000,3,0.394800,1,1.305500,0,-5.693508,0.945249
2023-09-19,sz.000761,3.8400,4.0200,3.8400,3.9800,3.8800,25663321,101575460.7900,3,0.692100,1,2.577300,0,-5.840248,0.969611
2023-09-20,sz.000761,4.0100,4.0200,3.9400,3.9700,3.9800,13335500,53031610.0000,3,0.359600,1,-0.251300,0,-5.825574,0.967175
2023-09-21,sz.000761,3.9700,3.9800,3.9000,3.9200,3.9700,11823257,46465687.4400,3,0.318800,1,-1.259400,0,-5.752204,0.954994
2023-09-22,sz.000761,4.0200,4.0200,3.8500,3.8600,3.9200,12981602,50430306.7500,3,0.350100,1,-1.530600,0,-5.664160,0.940377
2023-09-25,sz.000761,3.8600,4.0500,3.8300,3.9300,3.8600,26090800,103275033.9800,3,0.703600,1,1.813500,0,-5.766878,0.957430
2023-09-26,sz.000761,3.9800,4.0000,3.8700,3.9600,3.9300,14565931,57371690.7600,3,0.392800,1,0.763400,0,-5.810900,0.964739
2023-09-27,sz.000761,3.9400,4.0100,3.8700,3.8800,3.9600,10966681,42913048.7600,3,0.295700,1,-2.020200,0,-5.693508,0.945249
2023-09-28,sz.000761,3.8700,3.9000,3.8400,3.8600,3.8800,9666429,37345966.2800,3,0.260700,1,-0.515500,0,-5.664160,0.940377
2023-09-01,sz.000778,4.0200,4.0700,4.0100,4.0500,4.0100,30023129,121391680.7100,3,0.770600,1,0.997500,0,11.141900,0.646972
2023-09-04,sz.000778,4.0600,4.2200,4.0600,4.2200,4.0500,73549930,306139794.6100,3,1.887700,1,4.197500,0,11.609584,0.674129
2023-09-05,sz.000778,4.2200,4.2300,4.1400,4.1900,4.2200,33181216,138367948.6400,3,0.851600,1,-0.710900,0,11.527052,0.669337
2023-09-06,sz.000778,4.1700,4.1800,4.1200,4.1500,4.1900,27850590,115267415.6700,3,0.714800,1,-0.954700,0,11.417008,0.662947
2023-09-07,sz.000778,4.1500,4.1800,4.1200,4.1600,4.1500,31604189,131205646.3500,3,0.811100,1,0.241000,0,11.444519,0.664544
2023-09-08,sz.000778,4.1500,4.1500,4.0700,4.0800,4.1600,29062631,119057351.4800,3,0.745900,1,-1.923100,0,11.224432,0.651765
2023-09-11,sz.000778,4.0800,4.1300,4.0500,4.1200,4.0800,22049226,90513672.0600,3,0.565900,1,0.980400,0,11.334476,0.658154
2023-09-12,sz.000778,4.1200,4.1700,4.1100,4.1400,4.1200,32314280,133796705.2500,3,0.829400,1,0.485400,0,11.389497,0.661349
2023-09-13,sz.000778,4.1400,4.1800,4.1100,4.1300,4.1400,25638066,106353544.8300,3,0.658000,1,-0.241500,0,11.361987,0.659752
2023-09-14,sz.000778,4.1400,4.1800,4.1200,4.1700,4.1300,28481487,118629208.3800,3,0.731000,1,0.968500,0,11.472030,0.666142
2023-09-15,sz.000778,4.1800,4.2300,4.1700,4.1800,4.1700,33953205,142427595.6800,3,0.871400,1,0.239800,0,11.499541,0.667739
2023-09-18,sz.000778,4.1900,4.1900,4.1100,4.1600,4.1800,39682834,164253979.7500,3,1.018500,1,-0.478500,0,11.444519,0.664544
2023-09-19,sz.000778,4.1500,4.1800,4.1400,4.1600,4.1600,27367254,113885277.6800,3,0.702400,1,0.000000,0,11.444519,0.664544
2023-09-20,sz.000778,4.1700,4.2100,4.1400,4.1800,4.1600,33867764,141723195.1800,3,0.869200,1,0.480800,0,11.499541,0.667739
2023-09-21,sz.000778,4.1700,4.1800,4.1400,4.1500,4.1800,26182317,108734258.9600,3,0.672000,1,-0.717700,0,11.417008,0.662947
2023-09-22,sz.000778,4.1400,4.1800,4.1300,4.1700,4.1500,28631443,119008507.5800,3,0.734800,1,0.481900,0,11.472030,0.666142
2023-09-25,sz.000778,4.1500,4.2100,4.1500,4.1600,4.1700,37431294,156583177.6900,3,0.960700,1,-0.239800,0,11.444519,0.664544
2023-09-26,sz.000778,4.1600,4.1700,4.1200,4.1300,4.1600,20034372,82882855.3400,3,0.514200,1,-0.721200,0,11.361987,0.659752
2023-09-27,sz.000778,4.1200,4.1600,4.1100,4.1200,4.1300,24896323,102862113.7600,3,0.639000,1,-0.242100,0,11.334476,0.658154
2023-09-28,sz.000778,4.1200,4.1500,4.1000,4.1300,4.1200,23577866,97306239.5600,3,0.605100,1,0.242700,0,11.361987,0.659752
2023-09-01,sz.000825,3.9600,4.0600,3.9500,4.0400,3.9400,31185220,125425523.1600,3,0.547500,1,2.538100,0,-9.814419,0.675880
2023-09-04,sz.000825,4.0700,4.1800,4.0500,4.1600,4.0400,40036810,165451557.6400,3,0.702900,1,2.970300,0,-10.105937,0.695955
2023-09-05,sz.000825,4.1600,4.1700,4.1100,4.1500,4.1600,24606580,101876302.3000,3,0.432000,1,-0.240400,0,-10.081644,0.694282
2023-09-06,sz.000825,4.1500,4.1500,4.0800,4.1000,4.1500,19570883,80299384.3000,3,0.343600,1,-1.204800,0,-9.960178,0.685917
2023-09-07,sz.000825,4.0900,4.1100,4.0500,4.0500,4.1000,19368097,78853655.9900,3,0.340000,1,-1.219500,0,-9.838713,0.677553
2023-09-08,sz.000825,4.0400,4.0800,4.0300,4.0600,4.0500,19689000,79933370.0000,3,0.345600,1,0.246900,0,-9.863006,0.679225
2023-09-11,sz.000825,4.0800,4.1100,4.0600,4.0900,4.0600,21835286,89345116.8800,3,0.383300,1,0.738900,0,-9.935885,0.684244
2023-09-12,sz.000825,4.1000,4.1000,4.0600,4.0700,4.0900,14188250,57866651.5000,3,0.249100,1,-0.489000,0,-9.887299,0.680898
2023-09-13,sz.000825,4.0800,4.1100,4.0600,4.0700,4.0700,16679204,68074238.7800,3,0.292800,1,0.000000,0,-9.887299,0.680898
2023-09-14,sz.000825,4.0800,4.1300,4.0600,4.1200,4.0700,26786911,109972323.2100,3,0.470300,1,1.228500,0,-10.008764,0.689263
2023-09-15,sz.000825,4.1400,4.1500,4.1000,4.1200,4.1200,17861702,73677969.2300,3,0.313600,1,0.000000,0,-10.008764,0.689263
2023-09-18,sz.000825,4.1200,4.1500,4.0900,4.1400,4.1200,26689013,110022673.1400,3,0.468500,1,0.485400,0,-10.057351,0.692609
2023-09-19,sz.000825,4.1300,4.1800,4.1300,4.1700,4.1400,22230009,92488679.8700,3,0.390300,1,0.724600,0,-10.130230,0.697628
2023-09-20,sz.000825,4.1700,4.1900,4.1400,4.1500,4.1700,13682350,56960785.0000,3,0.240200,1,-0.479600,0,-10.081644,0.694282
2023-09-21,sz.000825,4.1400,4.1600,4.1300,4.1300,4.1500,20746600,85997150.0000,3,0.364200,1,-0.481900,0,-10.033057,0.690936
2023-09-22,sz.000825,4.1200,4.1500,4.1000,4.1200,4.1300,19623498,80765085.7600,3,0.344500,1,-0.242100,0,-10.008764,0.689263
2023-09-25,sz.000825,4.1100,4.1400,4.0900,4.1000,4.1200,16833654,69241126.4400,3,0.295500,1,-0.485400,0,-9.960178,0.685917
2023-09-26,sz.000825,4.1000,4.1200,4.0800,4.0800,4.1000,12881150,52733273.5000,3,0.226100,1,-0.487800,0,-9.911592,0.682571
2023-09-27,sz.000825,4.0800,4.1000,4.0300,4.0300,4.0800,19245600,78064802.0000,3,0.337900,1,-1.225500,0,-9.790126,0.674207
2023-09-28,sz.000825,4.0300,4.0500,4.0200,4.0400,4.0300,13945650,56292208.5000,3,0.244800,1,0.248100,0,-9.814419,0.675880
2023-09-01,sz.000898,2.7700,2.8800,2.7600,2.8500,2.7600,46601215,132325550.3300,3,0.585700,1,3.260900,0,-9.218311,0.471411
2023-09-04,sz.000898,2.8700,2.9500,2.8600,2.9400,2.8500,68539386,198864975.6100,3,0.861500,1,3.157900,0,-9.509415,0.486298
2023-09-05,sz.000898,2.9400,2.9400,2.8700,2.8900,2.9400,32082510,92745212.9000,3,0.403200,1,-1.700700,0,-9.347691,0.478027
2023-09-06,sz.000898,2.8900,2.8900,2.8100,2.8100,2.8900,36486850,103227486.7500,3,0.458600,1,-2.768200,0,-9.088931,0.464795
2023-09-07,sz.000898,2.8200,2.8200,2.7800,2.8000,2.8100,42161239,117956260.8100,3,0.529900,1,-0.355900,0,-9.056586,0.463141
2023-09-08,sz.000898,2.7900,2.8000,2.7600,2.7700,2.8000,30221810,83876714.7000,3,0.379900,1,-1.071400,0,-8.959551,0.458179
2023-09-11,sz.000898,2.7900,2.8000,2.7600,2.7800,2.7700,37562332,104578424.6900,3,0.472100,1,0.361000,0,-8.991896,0.459833
2023-09-12,sz.000898,2.7800,2.8000,2.7600,2.7800,2.7800,26979411,74913319.9700,3,0.339100,1,0.000000,0,-8.991896,0.459833
2023-09-13,sz.000898,2.7800,2.8100,2.7700,2.7900,2.7800,40074301,111774778.0800,3,0.503700,1,0.359700,0,-9.024241,0.461487
2023-09-14,sz.000898,2.7900,2.8300,2.7700,2.8000,2.7900,40919815,114629458.4400,3,0.514300,1,0.358400,0,-9.056586,0.463141
2023-09-15,sz.000898,2.8100,2.9000,2.8100,2.8500,2.8000,65791412,187882264.6200,3,0.826900,1,1.785700,0,-9.218311,0.471411
2023-09-18,sz.000898,2.8700,2.8800,2.8000,2.8300,2.8500,48756807,137682803.4200,3,0.612800,1,-0.701800,0,-9.153621,0.468103
2023-09-19,sz.000898,2.8300,2.8600,2.8100,2.8400,2.8300,36787428,104582757.2100,3,0.462400,1,0.353400,0,-9.185966,0.469757
2023-09-20,sz.000898,2.8500,2.8700,2.8200,2.8400,2.8400,26291089,74970310.2700,3,0.330500,1,0.000000,0,-9.185966,0.469757
2023-09-21,sz.000898,2.8300,2.8700,2.8300,2.8500,2.8400,32519910,92647672.7000,3,0.408700,1,0.352100,0,-9.218311,0.471411
2023-09-22,sz.000898,2.8400,2.8500,2.8100,2.8400,2.8500,29549923,83600204.3600,3,0.371400,1,-0.350900,0,-9.185966,0.469757
2023-09-25,sz.000898,2.8400,2.8600,2.8200,2.8200,2.8400,30351800,86006069.2000,3,0.381500,1,-0.704200,0,-9.121276,0.466449
2023-09-26,sz.000898,2.8200,2.8300,2.7800,2.7800,2.8200,32418480,90678011.2000,3,0.407500,1,-1.418400,0,-8.991896,0.459833
2023-09-27,sz.000898,2.7900,2.8300,2.7500,2.7500,2.7800,49017040,135890490.2300,3,0.616100,1,-1.079100,0,-8.894861,0.454870
2023-09-28,sz.000898,2.7500,2.7700,2.7200,2.7300,2.7500,42874062,117406126.6600,3,0.538900,1,-0.727300,0,-8.830171,0.451562
2023-09-01,sz.000932,5.9200,6.1600,5.9000,6.1300,5.9200,88200830,538663075.3000,3,1.542500,1,3.547300,0,8.262456,0.833985
2023-09-04,sz.000932,6.1700,6.4200,6.1600,6.3200,6.1300,135498104,854734471.2700,3,2.369700,1,3.099500,0,8.518552,0.859834
2023-09-05,sz.000932,6.3200,6.3400,6.2400,6.3000,6.3200,46946986,295118129.9700,3,0.821000,1,-0.316500,0,8.491594,0.857113
2023-09-06,sz.000932,6.2700,6.3100,6.1800,6.2200,6.3000,41261017,256765690.3000,3,0.721600,1,-1.269800,0,8.383765,0.846229
2023-09-07,sz.000932,6.2000,6.2100,6.0200,6.0800,6.2200,59307530,362601792.2400,3,1.037200,1,-2.250800,0,8.195062,0.827182
2023-09-08,sz.000932,6.0700,6.0700,5.9700,5.9800,6.0800,35503200,213304450.0000,3,0.620900,1,-1.644700,0,8.060275,0.813577
2023-09-11,sz.000932,6.0100,6.0700,5.9600,6.0100,5.9800,35745014,214952901.0000,3,0.625100,1,0.501700,0,8.100711,0.817659
2023-09-12,sz.000932,6.0000,6.0600,5.9800,5.9900,6.0100,36777971,220970569.8300,3,0.643200,1,-0.332800,0,8.073754,0.814938
2023-09-13,sz.000932,5.9900,6.1700,5.9800,6.1100,5.9900,56323519,343773211.1400,3,0.985000,1,2.003300,0,8.235499,0.831264
2023-09-14,sz.000932,6.0800,6.2100,6.0300,6.1800,6.1100,40607961,249602211.7300,3,0.710200,1,1.145700,0,8.329850,0.840787
2023-09-15,sz.000932,6.2000,6.3000,6.1600,6.2500,6.1800,59865083,373737312.9000,3,1.047000,1,1.132700,0,8.424201,0.850311
2023-09-18,sz.000932,6.2400,6.2900,6.1600,6.2700,6.2500,45956902,286073374.7100,3,0.803700,1,0.320000,0,8.451158,0.853032
2023-09-19,sz.000932,6.2800,6.3800,6.2300,6.3600,6.2700,61970246,392267879.0200,3,1.083800,1,1.435400,0,8.572467,0.865276
2023-09-20,sz.000932,6.3700,6.4300,6.3100,6.4000,6.3600,43376648,277137407.3100,3,0.758600,1,0.628900,0,8.626382,0.870718
2023-09-21,sz.000932,6.3600,6.3900,6.2200,6.2400,6.4000,54238507,339728252.7700,3,0.948600,1,-2.500000,0,8.410722,0.848950
2023-09-22,sz.000932,6.2200,6.2800,6.1000,6.1600,6.2400,58909986,362411738.1400,3,1.030200,1,-1.282100,0,8.302892,0.838066
2023-09-25,sz.000932,6.1600,6.2300,6.1200,6.1500,6.1600,35902652,221561887.6100,3,0.519700,1,-0.162300,0,8.289414,0.836706
2023-09-26,sz.000932,6.1500,6.1800,6.0900,6.1200,6.1500,38950455,238658475.0300,3,0.563800,1,-0.487800,0,8.248977,0.832624
2023-09-27,sz.000932,6.1400,6.1500,5.9500,5.9600,6.1200,92312784,553014747.4200,3,1.336200,1,-2.614400,0,8.033318,0.810856
2023-09-28,sz.000932,5.9800,6.0600,5.9700,5.9800,5.9600,63383964,381415716.6300,3,0.917500,1,0.335600,0,8.060275,0.813577
2023-09-01,sz.000959,3.7300,3.8300,3.7200,3.8200,3.7100,29089190,110405429.5100,3,0.483700,1,2.965000,0,-114.711465,0.608312
2023-09-04,sz.000959,3.8200,3.9500,3.8000,3.9400,3.8200,40499351,158118120.6800,3,0.673500,1,3.141400,0,-118.314967,0.627421
2023-09-05,sz.000959,3.9400,3.9400,3.8700,3.9000,3.9400,20590362,80133619.5300,3,0.342400,1,-1.015200,0,-117.113800,0.621051
2023-09-06,sz.000959,3.8800,3.8900,3.8300,3.8400,3.9000,17817800,68564244.0000,3,0.296300,1,-1.538500,0,-115.312049,0.611497
2023-09-07,sz.000959,3.8400,3.8600,3.7800,3.8000,3.8400,18980140,72551417.6000,3,0.315600,1,-1.041700,0,-114.110882,0.605127
2023-09-08,sz.000959,3.7800,3.8100,3.7400,3.7500,3.8000,13932988,52445405.0000,3,0.231700,1,-1.315800,0,-112.609423,0.597165
2023-09-11,sz.000959,3.7500,3.8000,3.7500,3.7700,3.7500,15475431,58442380.1800,3,0.257400,1,0.533300,0,-113.210007,0.600350
2023-09-12,sz.000959,3.7800,3.7900,3.7500,3.7500,3.7700,10800719,40663129.8200,3,0.179600,1,-0.530500,0,-112.609423,0.597165
2023-09-13,sz.000959,3.7600,3.8200,3.7400,3.7900,3.7500,22013670,83283933.8600,3,0.366100,1,1.066700,0,-113.810590,0.603535
2023-09-14,sz.000959,3.7800,3.8400,3.7600,3.8300,3.7900,16668584,63446067.6400,3,0.277200,1,1.055400,0,-115.011757,0.609904
2023-09-15,sz.000959,3.8400,3.9200,3.8200,3.9100,3.8300,36706140,142596716.2200,3,0.610400,1,2.088800,0,-117.414092,0.622644
2023-09-18,sz.000959,3.9000,3.9000,3.8000,3.8700,3.9100,30347641,116681445.4400,3,0.504700,1,-1.023000,0,-116.212924,0.616274
2023-09-19,sz.000959,3.8800,3.9200,3.8600,3.9100,3.8700,25822269,100753760.4100,3,0.429400,1,1.033600,0,-117.414092,0.622644
2023-09-20,sz.000959,3.8900,3.9300,3.8800,3.9100,3.9100,15494821,60522921.1000,3,0.257700,1,0.000000,0,-117.414092,0.622644
2023-09-21,sz.000959,3.9100,3.9200,3.8600,3.8700,3.9100,18773816,72959462.0400,3,0.312200,1,-1.023000,0,-116.212924,0.616274
2023-09-22,sz.000959,3.8900,3.9100,3.8500,3.8800,3.8700,18531249,71851862.5500,3,0.308200,1,0.258400,0,-116.513216,0.617867
2023-09-25,sz.000959,3.8600,3.8900,3.8400,3.8600,3.8800,15293412,59129087.0000,3,0.254300,1,-0.515500,0,-115.912633,0.614682
2023-09-26,sz.000959,3.8400,3.8800,3.8200,3.8200,3.8600,10121907,38868723.2400,3,0.168300,1,-1.036300,0,-114.711465,0.608312
2023-09-27,sz.000959,3.8400,3.8400,3.7600,3.7700,3.8200,17145540,64954711.8000,3,0.285100,1,-1.308900,0,-113.210007,0.600350
2023-09-28,sz.000959,3.7900,3.8400,3.7600,3.8000,3.7700,15987217,60805634.2300,3,0.265900,1,0.795800,0,-114.110882,0.605127
2023-09-01,sz.002075,3.9900,4.0800,3.9700,4.0600,3.9700,14669200,59367265.6000,3,0.664700,1,2.267000,0,45.094105,1.398814
2023-09-04,sz.002075,4.0700,4.2000,4.0600,4.1800,4.0600,26090878,108344277.5600,3,1.182300,1,2.955700,0,46.426936,1.440158
2023-09-05,sz.002075,4.1700,4.1700,4.1000,4.1200,4.1800,11537900,47621524.0000,3,0.522800,1,-1.435400,0,45.760520,1.419486
2023-09-06,sz.002075,4.1100,4.1200,4.0600,4.0700,4.1200,11712600,47762891.0000,3,0.530800,1,-1.213600,0,45.205174,1.402259
2023-09-07,sz.002075,4.0800,4.0900,4.0100,4.0400,4.0700,12116360,49067328.7000,3,0.549100,1,-0.737100,0,44.871966,1.391923
2023-09-08,sz.002075,4.0200,4.0400,4.0000,4.0100,4.0400,9702530,38934448.7000,3,0.439700,1,-0.742600,0,44.538759,1.381587
2023-09-11,sz.002075,4.0100,4.0800,4.0000,4.0700,4.0100,11464921,46425042.9000,3,0.519500,1,1.496300,0,45.205174,1.402259
2023-09-12,sz.002075,4.0700,4.1100,4.0600,4.0900,4.0700,10315897,42223007.5000,3,0.467500,1,0.491400,0,45.427313,1.409150
2023-09-13,sz.002075,4.0900,4.1300,4.0500,4.0600,4.0900,9778600,39941157.7900,3,0.443100,1,-0.733500,0,45.094105,1.398814
2023-09-14,sz.002075,4.0700,4.1200,4.0600,4.0900,4.0600,12540588,51269932.1600,3,0.568300,1,0.738900,0,45.427313,1.409150
2023-09-15,sz.002075,4.1200,4.1300,4.0800,4.1000,4.0900,11168154,45803262.1000,3,0.506100,1,0.244500,0,45.538382,1.412595
2023-09-18,sz.002075,4.0800,4.1000,4.0400,4.0700,4.1000,12643600,51416742.0000,3,0.572900,1,-0.731700,0,45.205174,1.402259
2023-09-19,sz.002075,4.0800,4.1100,4.0700,4.0900,4.0700,9391164,38393787.4500,3,0.425600,1,0.491400,0,45.427313,1.409150
2023-09-20,sz.002075,4.0800,4.0900,4.0600,4.0700,4.0900,7029950,28641554.0000,3,0.320400,1,-0.489000,0,44.939972,1.394033
2023-09-21,sz.002075,4.0700,4.0800,4.0300,4.0400,4.0700,8457240,34229124.6000,3,0.385500,1,-0.737100,0,44.608719,1.383757
2023-09-22,sz.002075,4.0300,4.0600,4.0200,4.0400,4.0400,10624011,42909149.4300,3,0.484300,1,0.000000,0,44.608719,1.383757
2023-09-25,sz.002075,4.0500,4.0600,4.0000,4.0100,4.0400,12935770,52097102.1000,3,0.589600,1,-0.742600,0,44.277466,1.373482
2023-09-26,sz.002075,4.0000,4.0100,3.9000,3.9100,4.0100,24898362,98206206.4500,3,1.134900,1,-2.493800,0,43.173290,1.339231
2023-09-27,sz.002075,3.9100,3.9700,3.9000,3.9500,3.9100,12870206,50615098.5800,3,0.586700,1,1.023000,0,43.614960,1.352931
2023-09-28,sz.002075,3.9700,4.0200,3.9400,3.9600,3.9500,12412400,49376805.2000,3,0.565800,1,0.253200,0,43.725378,1.356356
2023-09-01,sz.002110,4.7900,4.9400,4.7700,4.9100,4.7600,15635399,76547772.6800,3,0.637800,1,3.151300,0,-24.506861,0.573628
2023-09-04,sz.002110,4.9300,5.0700,4.9100,5.0500,4.9100,16414129,82373838.6300,3,0.669500,1,2.851300,0,-25.205631,0.589984
2023-09-05,sz.002110,5.0400,5.0400,4.9600,4.9900,5.0500,9940800,49586377.9700,3,0.405500,1,-1.188100,0,-24.906158,0.582975
2023-09-06,sz.002110,4.9900,4.9900,4.8600,4.8600,4.9900,10636400,52038850.5000,3,0.433900,1,-2.605200,0,-24.257300,0.567787
2023-09-07,sz.002110,4.8800,4.8900,4.7700,4.7900,4.8600,11976500,57656943.0000,3,0.488500,1,-1.440300,0,-23.907915,0.559609
2023-09-08,sz.002110,4.7800,4.8000,4.5700,4.6000,4.7900,35056315,162198179.0500,3,1.430000,1,-3.966600,0,-22.959584,0.537412
2023-09-11,sz.002110,4.6000,4.6800,4.5900,4.6400,4.6000,14662315,68000542.7500,3,0.598100,1,0.869600,0,-23.159233,0.542085
2023-09-12,sz.002110,4.6600,4.7400,4.6400,4.6700,4.6400,13164250,61721999.1300,3,0.537000,1,0.646600,0,-23.308969,0.545590
2023-09-13,sz.002110,4.7600,4.8800,4.7100,4.8400,4.6700,24979050,120334943.2600,3,1.018900,1,3.640300,0,-24.157476,0.565450
2023-09-14,sz.002110,4.8000,4.8900,4.7600,4.8800,4.8400,15212059,73519736.7900,3,0.620500,1,0.826400,0,-24.357124,0.570124
2023-09-15,sz.002110,4.8800,4.9900,4.8600,4.9600,4.8800,15430272,76366989.6800,3,0.629400,1,1.639300,0,-24.756421,0.579470
2023-09-18,sz.002110,4.9700,4.9700,4.7900,4.8200,4.9600,15012350,72604455.0000,3,0.612400,1,-2.822600,0,-24.057651,0.563114
2023-09-19,sz.002110,4.8300,4.9300,4.8100,4.9200,4.8200,12355305,60510642.4500,3,0.504000,1,2.074700,0,-24.556773,0.574797
2023-09-20,sz.002110,4.9000,4.9500,4.8100,4.9200,4.9200,14743699,72340439.6400,3,0.601400,1,0.000000,0,-24.556773,0.574797
2023-09-21,sz.002110,4.9000,4.9600,4.8900,4.9200,4.9200,12763000,62852918.0000,3,0.520600,1,0.000000,0,-24.556773,0.574797
2023-09-22,sz.002110,4.8900,4.9500,4.8400,4.8700,4.9200,12964700,63200044.0000,3,0.528800,1,-1.016300,0,-24.307212,0.568955
2023-09-25,sz.002110,4.8500,4.9200,4.8200,4.8800,4.8700,12881588,62990358.0600,3,0.525400,1,0.205300,0,-24.357124,0.570124
2023-09-26,sz.002110,4.8700,4.9000,4.8400,4.8500,4.8800,8717950,42398497.5000,3,0.355600,1,-0.614800,0,-24.207388,0.566619
2023-09-27,sz.002110,4.8300,4.8900,4.8200,4.8300,4.8500,10968478,53195504.3200,3,0.447400,1,-0.412400,0,-24.107563,0.564282
2023-09-28,sz.002110,4.8200,4.8900,4.8200,4.8500,4.8300,8478850,41197633.0000,3,0.345900,1,0.414100,0,-24.207388,0.566619
2023-09-01,sz.002318,17.7100,18.1700,17.6800,18.0800,17.7500,3951843,71259573.2600,3,0.413900,1,1.859200,0,11.825432,2.710327
2023-09-04,sz.002318,18.2300,18.2500,17.8000,17.8800,18.0800,5072571,91042714.3700,3,0.531200,1,-1.106200,0,11.694619,2.680346
2023-09-05,sz.002318,17.9500,18.0000,17.6700,17.7300,17.8800,3364250,59722487.0000,3,0.352300,1,-0.838900,0,11.596510,2.657860
2023-09-06,sz.002318,17.7000,17.7300,17.5300,17.6400,17.7300,2891403,50939332.8300,3,0.302800,1,-0.507600,0,11.537645,2.644368
2023-09-07,sz.002318,17.6400,17.6400,17.2600,17.2900,17.6400,2520003,43906251.9300,3,0.263900,1,-1.984100,0,11.308723,2.591900
2023-09-08,sz.002318,17.3500,17.6400,17.2100,17.3600,17.2900,3110550,54304617.4100,3,0.325800,1,0.404900,0,11.354507,2.602394
2023-09-11,sz.002318,17.3700,17.6300,17.2900,17.4900,17.3600,4189650,73197585.3600,3,0.438800,1,0.748800,0,11.439535,2.621882
2023-09-12,sz.002318,17.4800,17.8400,17.4000,17.6600,17.4900,3571100,63103233.0000,3,0.374000,1,0.972000,0,11.550726,2.647366
2023-09-13,sz.002318,18.8900,19.4300,18.2600,18.9100,17.6600,31968369,606409766.8400,3,3.347900,1,7.078100,0,12.368303,2.834751
2023-09-14,sz.002318,18.9400,19.7500,18.8000,19.6600,18.9100,26493014,513765338.7800,3,2.774500,1,3.966200,0,12.858849,2.947181
2023-09-15,sz.002318,19.4100,19.5500,19.0000,19.0500,19.6600,12909600,247716629.3200,3,1.352000,1,-3.102700,0,12.459871,2.855738
2023-09-18,sz.002318,19.1500,19.2200,18.7700,18.8500,19.0500,9084250,171706092.4200,3,0.951400,1,-1.049900,0,12.329059,2.825756
2023-09-19,sz.002318,18.7400,19.0100,18.6300,18.9600,18.8500,5730161,108227306.2800,3,0.600100,1,0.583600,0,12.401006,2.842246
2023-09-20,sz.002318,18.9200,19.0100,18.6600,18.9200,18.9600,6166362,116141078.9300,3,0.645800,1,-0.211000,0,12.374843,2.836250
2023-09-21,sz.002318,18.7300,19.2500,18.7300,19.0800,18.9200,5602383,106874320.1700,3,0.586700,1,0.845700,0,12.479493,2.860235
2023-09-22,sz.002318,19.1000,19.2400,18.8900,19.0000,19.0800,4807594,91254610.0000,3,0.503500,1,-0.419300,0,12.427168,2.848242
2023-09-25,sz.002318,19.1800,19.2500,18.8100,18.9700,19.0000,6502900,123719980.0000,3,0.681000,1,-0.157900,0,12.407546,2.843745
2023-09-26,sz.002318,19.1000,19.1600,18.6700,18.7500,18.9700,9184552,172840046.4200,3,0.961900,1,-1.159700,0,12.263653,2.810765
2023-09-27,sz.002318,18.7900,19.1500,18.6600,18.9700,18.7500,7993551,152057375.7600,3,0.837100,1,1.173300,0,12.407546,2.843745
2023-09-28,sz.002318,19.1100,19.6000,19.0400,19.3000,18.9700,6501796,125735844.9000,3,0.680900,1,1.739600,0,12.623387,2.893215
2023-09-01,sz.002443,6.5400,6.6500,6.5000,6.6400,6.5200,10184640,67284307.6000,3,1.960700,1,1.840500,0,14.077406,1.077410
2023-09-04,sz.002443,6.6500,6.9200,6.6500,6.9200,6.6400,16094900,110060034.0000,3,3.098600,1,4.216900,0,14.671031,1.122843
2023-09-05,sz.002443,6.9000,6.9100,6.7700,6.8100,6.9200,9417245,64131565.5500,3,1.813000,1,-1.589600,0,14.437821,1.104995
2023-09-06,sz.002443,6.8100,6.8200,6.7400,6.7900,6.8100,6796500,46084389.0000,3,1.308500,1,-0.293700,0,14.395419,1.101749
2023-09-07,sz.002443,6.8000,6.8000,6.6900,6.6900,6.7900,7472700,50344539.0000,3,1.438600,1,-1.472800,0,14.183410,1.085523
2023-09-08,sz.002443,6.6800,6.7300,6.6500,6.6800,6.6900,5599173,37419395.9100,3,1.078000,1,-0.149500,0,14.162209,1.083901
2023-09-11,sz.002443,6.6700,6.8200,6.6200,6.7900,6.6800,8265800,55743643.9900,3,1.591300,1,1.646700,0,14.395419,1.101749
2023-09-12,sz.002443,6.7800,6.8200,6.7200,6.7400,6.7900,6146079,41493928.6700,3,1.183200,1,-0.736400,0,14.289415,1.093636
2023-09-13,sz.002443,6.7400,6.8200,6.7000,6.7400,6.7400,7550400,51010485.0000,3,1.453600,1,0.000000,0,14.289415,1.093636
2023-09-14,sz.002443,6.7200,6.8200,6.7200,6.8200,6.7400,7740200,52505472.0000,3,1.490100,1,1.186900,0,14.459022,1.106617
2023-09-15,sz.002443,6.8200,6.8600,6.7700,6.8200,6.8200,8502100,57942589.0000,3,1.636800,1,0.000000,0,14.459022,1.106617
2023-09-18,sz.002443,6.8800,6.8900,6.7500,6.8600,6.8200,9425359,64339293.1500,3,1.814600,1,0.586500,0,14.543826,1.113108
2023-09-19,sz.002443,6.8200,6.9100,6.8200,6.8600,6.8600,7101611,48844325.4600,3,1.367200,1,0.000000,0,14.543826,1.113108
2023-09-20,sz.002443,6.8800,6.9500,6.8500,6.9000,6.8600,8670511,59958975.1200,3,1.669200,1,0.583100,0,14.628629,1.119598
2023-09-21,sz.002443,6.8600,6.8900,6.7600,6.8000,6.9000,6395200,43657815.0000,3,1.231200,1,-1.449300,0,14.416620,1.103372
2023-09-22,sz.002443,6.8000,6.8500,6.7600,6.8400,6.8000,6611200,44989852.7000,3,1.272800,1,0.588200,0,14.501424,1.109862
2023-09-25,sz.002443,6.8400,6.8400,6.7700,6.8000,6.8400,6056300,41224343.0000,3,1.166000,1,-0.584800,0,14.416620,1.103372
2023-09-26,sz.002443,6.7700,6.9700,6.7700,6.9200,6.8000,12762019,88021845.1000,3,2.456900,1,1.764700,0,14.671031,1.122843
2023-09-27,sz.002443,6.8700,6.9900,6.8500,6.8800,6.9200,13073400,90242363.0000,3,2.516900,1,-0.578000,0,14.586228,1.116353
2023-09-28,sz.002443,6.9000,7.0300,6.8600,6.9800,6.8800,10978891,76534739.0900,3,2.113700,1,1.453500,0,14.798237,1.132579
2023-09-01,sz.002478,6.4500,6.5800,6.4400,6.5400,6.4200,13988582,91453828.6300,3,2.038600,1,1.869200,0,7.849045,1.200871
2023-09-04,sz.002478,6.5800,6.7300,6.5800,6.6400,6.5400,15796700,104807440.0000,3,2.302100,1,1.529100,0,7.969061,1.219233
2023-09-05,sz.002478,6.6200,6.6400,6.4800,6.5300,6.6400,9255300,60524284.0000,3,1.348800,1,-1.656600,0,7.837044,1.199035
2023-09-06,sz.002478,6.5500,6.5600,6.4900,6.5400,6.5300,6490100,42381709.0000,3,0.945800,1,0.153100,0,7.849045,1.200871
2023-09-07,sz.002478,6.5100,6.5600,6.4700,6.4700,6.5400,7371800,47986856.0000,3,1.074300,1,-1.070300,0,7.765034,1.188018
2023-09-08,sz.002478,6.4600,6.4800,6.3900,6.4200,6.4700,6389700,41060113.0000,3,0.931200,1,-0.772800,0,7.705026,1.178837
2023-09-11,sz.002478,6.4500,6.5200,6.3700,6.4900,6.4200,9789100,63280388.0000,3,1.426600,1,1.090300,0,7.789038,1.191690
2023-09-12,sz.002478,6.5000,6.5800,6.4500,6.5200,6.4900,9116500,59583171.0000,3,1.328600,1,0.462200,0,7.825042,1.197199
2023-09-13,sz.002478,6.5100,6.6100,6.4400,6.5000,6.5200,9631500,62764303.0000,3,1.403600,1,-0.306700,0,7.801039,1.193526
2023-09-14,sz.002478,6.4800,6.5300,6.4600,6.5200,6.5000,7389995,48014412.6000,3,1.077000,1,0.307700,0,7.825042,1.197199
2023-09-15,sz.002478,6.5300,6.5900,6.4600,6.5000,6.5200,9238710,60244803.6000,3,1.346400,1,-0.306700,0,7.801039,1.193526
2023-09-18,sz.002478,6.4700,6.5400,6.3900,6.5200,6.5000,7691102,49884817.0200,3,1.115700,1,0.307700,0,7.825042,1.197199
2023-09-19,sz.002478,6.5200,6.5500,6.4800,6.5000,6.5200,7969122,51905664.7600,3,1.156200,1,-0.306700,0,7.801039,1.193526
2023-09-20,sz.002478,6.5000,6.5600,6.4600,6.5100,6.5000,7714682,50252048.0200,3,1.119300,1,0.153800,0,7.813041,1.195363
2023-09-21,sz.002478,6.5000,6.5700,6.4300,6.4800,6.5100,8304802,53926265.9400,3,1.204900,1,-0.460800,0,7.876297,1.205041
2023-09-22,sz.002478,6.4500,6.5800,6.4400,6.5700,6.4800,8050922,52435989.1000,3,1.168100,1,1.388900,0,7.985690,1.221777
2023-09-25,sz.002478,6.5700,6.5700,6.4400,6.4600,6.5700,10998626,71435909.0400,3,1.595800,1,-1.674300,0,7.851988,1.201321
2023-09-26,sz.002478,6.4300,6.4800,6.3900,6.4400,6.4600,8894700,57329903.0000,3,1.290500,1,-0.309600,0,7.827678,1.197602
2023-09-27,sz.002478,6.4700,6.6000,6.4500,6.5300,6.4400,11522940,75386757.4000,3,1.671800,1,1.397500,0,7.937071,1.214339
2023-09-28,sz.002478,6.5600,6.6600,6.5500,6.6300,6.5300,11817482,78244049.4600,3,1.714600,1,1.531400,0,8.058619,1.232935
2023-09-01,sz.002756,49.8600,50.5000,49.7900,49.9000,49.8500,3163785,158488761.4400,3,0.818800,1,0.100300,0,4.513621,2.216931
2023-09-04,sz.002756,50.1900,51.6800,49.9000,51.0000,49.9000,10231040,520367882.3400,3,2.647800,1,2.204400,0,4.613120,2.265801
2023-09-05,sz.002756,50.7800,51.6500,50.5100,51.0100,51.0000,5783149,295434874.3800,3,1.496700,1,0.019600,0,4.614025,2.266246
2023-09-06,sz.002756,50.6800,50.9800,50.3600,50.8000,51.0100,3358050,169859648.4200,3,0.869100,1,-0.411700,0,4.595029,2.256916
2023-09-07,sz.002756,50.4900,50.7900,49.4800,49.4800,50.8000,3972552,198423610.5200,3,1.028100,1,-2.598400,0,4.475631,2.198272
2023-09-08,sz.002756,49.3500,49.4700,48.4000,48.4400,49.4800,3578242,174450106.4300,3,0.926000,1,-2.101900,0,4.381560,2.152067
2023-09-11,sz.002756,48.2900,49.2100,48.0300,48.5500,48.4400,5181404,251992930.8200,3,1.340900,1,0.227100,0,4.391509,2.156954
2023-09-12,sz.002756,48.5500,50.5900,48.5100,49.0700,48.5500,6863448,339958969.6500,3,1.776300,1,1.071100,0,4.438545,2.180056
2023-09-13,sz.002756,48.7300,49.3000,47.6100,47.8800,49.0700,5474282,264069178.4100,3,1.416700,1,-2.425100,0,4.330906,2.127188
2023-09-14,sz.002756,47.6500,47.8400,47.1400,47.3200,47.8800,3159280,149696805.7800,3,0.817600,1,-1.169600,0,4.280252,2.102308
2023-09-15,sz.002756,47.5700,48.0900,46.9200,47.1200,47.3200,4009619,189780532.0800,3,1.037700,1,-0.422700,0,4.262161,2.093423
2023-09-18,sz.002756,47.0000,49.0900,46.7100,47.8200,47.1200,6870069,330566869.4900,3,1.778000,1,1.485600,0,4.325478,2.124522
2023-09-19,sz.002756,47.5300,47.6600,46.5100,47.2000,47.8200,4761358,223856276.5300,3,1.232200,1,-1.296500,0,4.269397,2.096977
2023-09-20,sz.002756,47.0000,47.6000,46.9100,46.9500,47.2000,3366024,158881669.3400,3,0.871100,1,-0.529700,0,4.246784,2.085870
2023-09-21,sz.002756,47.2900,47.8100,46.6400,46.9900,46.9500,4295927,202146781.9900,3,1.111800,1,0.085200,0,4.250402,2.087647
2023-09-22,sz.002756,47.0800,47.5800,46.8000,47.5800,46.9900,4997600,236048017.8000,3,1.293400,1,1.255600,0,4.303770,2.113859
2023-09-25,sz.002756,47.4000,47.5400,46.4400,46.8800,47.5800,4584551,214724982.6200,3,1.186500,1,-1.471200,0,4.240452,2.082760
2023-09-26,sz.002756,46.7500,46.8800,46.0300,46.2100,46.8800,3905412,180943988.7300,3,1.010700,1,-1.429200,0,4.179849,2.052994
2023-09-27,sz.002756,45.0600,46.5900,44.3000,45.3500,45.2100,6310110,287718231.1200,3,1.633000,1,0.309700,0,4.102059,2.014786
2023-09-28,sz.002756,45.2500,46.6500,45.1700,45.4200,45.3500,6001351,274153929.1500,3,1.553100,1,0.154400,0,4.108390,2.017896
2023-09-01,sz.300881,30.7800,32.0900,30.7100,31.4700,30.6500,2589427,81289857.6000,3,8.883100,1,2.675400,0,35.978754,4.051729
2023-09-04,sz.300881,31.4000,35.0800,31.2500,33.9800,31.4700,5986405,199257951.5100,3,20.536600,1,7.975900,0,38.848366,4.374889
2023-09-05,sz.300881,32.8800,34.1000,32.5200,33.9800,33.9800,4500896,150086908.9600,3,15.440500,1,0.000000,0,38.848366,4.374889
2023-09-06,sz.300881,33.7900,34.0800,33.2400,33.9900,33.9800,1989148,66987127.3300,3,6.823800,1,0.029400,0,38.859799,4.376176
2023-09-07,sz.300881,33.8300,34.4200,33.0300,33.1500,33.9900,1718878,57553067.0400,3,5.896700,1,-2.471300,0,37.899451,4.268027
2023-09-08,sz.300881,33.1800,33.1800,31.0000,31.2600,33.1500,2659519,84509530.9400,3,9.123600,1,-5.701400,0,35.738667,4.024692
2023-09-11,sz.300881,30.9800,31.9500,30.5800,31.1500,31.2600,1939495,60363195.4400,3,6.653500,1,-0.351900,0,35.612907,4.010529
2023-09-12,sz.300881,31.1400,31.9500,31.0000,31.2700,31.1500,1633182,51372363.2000,3,5.602700,1,0.385200,0,35.750100,4.025979
2023-09-13,sz.300881,31.4600,32.5900,31.3200,31.9100,31.2700,2152275,68730081.0000,3,1.956600,1,2.046700,0,36.481794,4.108379
2023-09-14,sz.300881,31.4900,32.0400,31.1500,31.4000,31.9100,1651532,52053397.4000,3,1.501400,1,-1.598200,0,35.898725,4.042717
2023-09-15,sz.300881,31.4000,32.2000,31.0500,31.6300,31.4000,1440356,45744914.6400,3,1.309400,1,0.732500,0,36.161678,4.072329
2023-09-18,sz.300881,31.5700,31.8900,30.9100,31.4600,31.6300,1375284,43273839.2400,3,1.250300,1,-0.537500,0,35.967322,4.050442
2023-09-19,sz.300881,31.4600,31.5500,30.8100,30.8700,31.4600,1205293,37409889.9800,3,1.095700,1,-1.875400,0,35.292791,3.974480
2023-09-20,sz.300881,30.8600,30.8700,30.3700,30.4400,30.8700,912690,27828676.0000,3,0.829700,1,-1.392900,0,34.801185,3.919118
2023-09-21,sz.300881,30.1400,30.5300,29.4000,29.5000,30.4400,1158316,34603110.6400,3,1.053000,1,-3.088000,0,33.726510,3.798094
2023-09-22,sz.300881,29.5100,30.6600,29.5100,30.5500,29.5000,1077200,32533014.5000,3,0.979300,1,3.559300,0,34.926945,3.933280
2023-09-25,sz.300881,30.8800,30.8800,29.8000,30.0000,30.5500,984300,29578618.0000,3,0.894800,1,-1.800300,0,34.298145,3.862468
2023-09-26,sz.300881,29.9200,30.5000,29.6000,29.6800,30.0000,761840,22762819.0000,3,0.692600,1,-1.066700,0,33.932298,3.821269
2023-09-27,sz.300881,29.6600,30.7700,29.5500,30.1700,29.6800,1038520,31494711.5000,3,0.944100,1,1.650900,0,34.492501,3.884356
2023-09-28,sz.300881,30.1900,30.4700,30.0100,30.3300,30.1700,663929,20111114.7300,3,0.603600,1,0.530300,0,34.675425,3.904955
