code,pubDate,statDate,NRTurnRatio,NRTurnDays,INVTurnRatio,INVTurnDays,CATurnRatio,AssetTurnRatio
sh.600010,2018-04-27,2018-03-31,4.046842,22.239565,0.516452,174.266022,0.312746,0.088601
sh.600010,2018-08-29,2018-06-30,9.936467,18.115091,1.378122,130.612556,0.752251,0.215914
sh.600010,2018-10-31,2018-09-30,13.078368,20.644777,2.039730,132.370433,1.130890,0.327691
sh.600010,2019-04-19,2018-12-31,7.624551,47.215897,2.819190,127.696235,1.558184,0.454826
sh.600010,2019-04-30,2019-03-31,1.514792,59.414116,0.535632,168.025679,0.315654,0.091846
sh.600010,2019-08-28,2019-06-30,3.357557,53.610403,1.196775,150.404215,0.699112,0.206216
sh.600010,2019-10-30,2019-09-30,5.294631,50.995051,1.837506,146.938298,1.037783,0.315151
sh.600010,2020-04-30,2019-12-31,8.786574,40.971601,2.717282,132.485307,1.471606,0.428524
sh.600010,2020-04-30,2020-03-31,3.516182,25.595942,0.591460,152.165754,0.335854,0.091251
sh.600010,2020-08-31,2020-06-30,7.443944,24.180730,1.304986,137.932483,0.730108,0.194484
sh.600010,2020-10-30,2020-09-30,10.106897,26.714432,1.974059,136.774019,1.091373,0.298799
sh.600010,2021-04-30,2020-12-31,13.334454,26.997731,2.791132,128.979938,1.473227,0.406895
sh.600010,2021-04-30,2021-03-31,3.236128,27.811014,0.798978,112.643938,0.416355,0.119164
sh.600010,2021-08-27,2021-06-30,6.909400,26.051467,1.679689,107.162686,0.907217,0.265128
sh.600010,2021-10-30,2021-09-30,13.713296,19.688921,2.786591,96.892571,1.488236,0.431615
sh.600010,2022-04-15,2021-12-31,16.162856,22.273291,4.033113,89.261071,2.134515,0.589911
sh.600010,2022-04-28,2022-03-31,3.451229,26.077665,0.959531,93.795863,0.475173,0.135531
sh.600010,2022-08-26,2022-06-30,7.035616,25.584115,1.933635,93.088940,0.943166,0.273730
sh.600010,2022-10-28,2022-09-30,10.027343,26.926374,3.012828,89.616795,1.419645,0.393467
sh.600010,2023-04-22,2022-12-31,14.235702,25.288532,3.612150,99.665015,1.806659,0.489815
sh.600010,2023-04-28,2023-03-31,3.383894,26.596576,0.882653,101.959896,0.440392,0.116116
sh.600010,2023-08-25,2023-06-30,7.081190,25.419455,1.892023,95.137421,0.857209,0.236146
sh.600010,2023-10-27,2023-09-30,10.748618,25.119509,2.807565,96.167545,1.318082,0.356891
sh.600019,2018-04-28,2018-03-31,4.939009,18.222280,1.333908,67.470918,0.498731,0.191907
sh.600019,2018-08-28,2018-06-30,11.725873,15.350669,3.181718,56.573207,1.101585,0.423688
sh.600019,2018-10-30,2018-09-30,17.082394,15.805747,4.599230,58.705476,1.687422,0.644533
sh.600019,2019-04-25,2018-12-31,7.107514,50.650620,6.397680,56.270402,2.409057,0.890621
sh.600019,2019-04-25,2019-03-31,1.586711,56.721102,1.345275,66.900801,0.527462,0.193737
sh.600019,2019-08-23,2019-06-30,3.299780,54.549097,2.899606,62.077396,1.134328,0.418148
sh.600019,2019-10-26,2019-09-30,5.206817,51.855093,4.455935,60.593347,1.722768,0.639125
sh.600019,2020-04-29,2019-12-31,10.935307,32.920887,6.353418,56.662417,2.330372,0.865646
sh.600019,2020-04-29,2020-03-31,5.024476,17.912314,1.202644,74.835096,0.446360,0.175331
sh.600019,2020-08-28,2020-06-30,10.607469,16.969175,2.796696,64.361651,0.930030,0.375855
sh.600019,2020-10-30,2020-09-30,16.229249,16.636629,4.204986,64.209488,1.416392,0.576448
sh.600019,2021-04-27,2020-12-31,25.566950,14.080678,6.350708,56.686590,2.053868,0.817513
sh.600019,2021-04-27,2021-03-31,7.138665,12.607399,1.616243,55.684689,0.553441,0.230191
sh.600019,2021-08-28,2021-06-30,14.780669,12.178069,3.570073,50.419132,1.199002,0.504439
sh.600019,2021-10-30,2021-09-30,21.137090,12.773755,4.956962,54.468849,1.701340,0.736015
sh.600019,2022-04-29,2021-12-31,19.225529,18.725103,7.114428,50.601397,2.470474,0.991939
sh.600019,2022-04-29,2022-03-31,3.293505,27.326507,1.504347,59.826606,0.543977,0.222246
sh.600019,2022-08-31,2022-06-30,6.609207,27.234734,3.095950,58.140469,1.097860,0.467762
sh.600019,2022-10-26,2022-09-30,10.194620,26.484557,5.124318,52.689939,1.744280,0.716051
sh.600019,2023-04-28,2022-12-31,13.791113,26.103768,6.945160,51.834360,2.276422,0.947947
sh.600019,2023-04-28,2023-03-31,3.209086,28.045370,1.429988,62.937063,0.453070,0.199251
sh.600019,2023-08-31,2023-06-30,6.602180,27.263722,3.352414,53.692877,1.037363,0.439200
sh.600019,2023-10-25,2023-09-30,10.201202,26.467470,4.951342,54.531133,1.541331,0.657730
sh.600022,2018-04-27,2018-03-31,47.150207,1.908793,2.804834,32.087460,0.583868,0.205092
sh.600022,2018-08-17,2018-06-30,53.711439,3.351241,5.661213,31.795307,1.144533,0.406668
sh.600022,2018-10-30,2018-09-30,192.298049,1.404070,9.015803,29.947415,1.787672,0.650208
sh.600022,2019-03-29,2018-12-31,11.628921,30.957300,10.615633,33.912251,2.383791,0.867401
sh.600022,2019-04-26,2019-03-31,1.949683,46.161349,2.483131,36.244570,0.547635,0.194773
sh.600022,2019-08-23,2019-06-30,4.169389,43.171794,5.568486,32.324763,1.267805,0.445517
sh.600022,2019-10-30,2019-09-30,7.112127,37.963325,9.049763,29.835037,2.093790,0.729229
sh.600022,2020-03-20,2019-12-31,14.130727,25.476396,12.716926,28.308727,3.071679,1.005255
sh.600022,2020-04-29,2020-03-31,5.045812,17.836574,3.654865,24.624712,0.957133,0.276057
sh.600022,2020-08-28,2020-06-30,12.318744,14.611879,7.955866,22.624815,2.038130,0.576538
sh.600022,2020-10-30,2020-09-30,22.190579,12.167325,12.491024,21.615521,3.290597,0.922814
sh.600022,2021-03-31,2020-12-31,28.230740,12.752057,16.374739,21.985083,4.651842,1.265268
sh.600022,2021-04-29,2021-03-31,8.501868,10.585909,4.704770,19.129520,1.322356,0.376256
sh.600022,2021-08-27,2021-06-30,22.166623,8.120317,9.745448,18.470161,2.784131,0.817389
sh.600022,2021-10-29,2021-09-30,31.465174,8.580916,13.679044,19.738221,4.192680,1.215268
sh.600022,2022-03-23,2021-12-31,47.035504,7.653793,18.120827,19.866643,5.810241,1.571988
sh.600022,2022-04-29,2022-03-31,12.143077,7.411631,3.612544,24.913188,1.181591,0.328589
sh.600022,2022-08-31,2022-06-30,45.139160,3.987668,7.770020,23.165963,2.680610,0.735620
sh.600022,2022-10-29,2022-09-30,61.611345,4.382310,12.233219,22.071050,4.210187,1.080299
sh.600022,2023-03-31,2022-12-31,67.628787,5.323177,17.415395,20.671366,5.640960,1.445202
sh.600022,2023-04-28,2023-03-31,20.343412,4.424037,4.481646,20.082114,1.529006,0.358220
sh.600022,2023-08-31,2023-06-30,40.420813,4.453151,9.027998,19.937971,2.935254,0.683732
sh.600022,2023-10-28,2023-09-30,62.900614,4.292486,13.193803,20.464157,4.425323,1.004653
sh.600117,2018-04-28,2018-03-31,2.725968,33.015796,0.457277,196.817128,0.242046,0.067959
sh.600117,2018-08-30,2018-06-30,5.841162,30.815787,0.943166,190.846647,0.502260,0.139257
sh.600117,2018-10-31,2018-09-30,9.588013,28.160162,1.491768,180.993235,0.719267,0.206759
sh.600117,2019-04-29,2018-12-31,10.491715,34.312789,2.156173,166.962459,0.985519,0.283912
sh.600117,2019-04-30,2019-03-31,2.685652,33.511414,0.552232,162.975052,0.242697,0.081423
sh.600117,2019-08-21,2019-06-30,6.517366,27.618521,1.266258,142.151101,0.561769,0.190003
sh.600117,2019-10-29,2019-09-30,11.550606,23.375397,1.922080,140.472811,0.944261,0.295816
sh.600117,2020-04-29,2019-12-31,17.260789,20.856520,2.999371,120.025159,1.403140,0.442251
sh.600117,2020-04-30,2020-03-31,2.303834,39.065313,0.622724,144.526320,0.234700,0.080286
sh.600117,2020-08-18,2020-06-30,5.648560,31.866526,1.561595,115.266756,0.574652,0.199364
sh.600117,2020-10-27,2020-09-30,8.235201,32.786085,2.486598,108.582083,0.936994,0.325213
sh.600117,2021-04-28,2020-12-31,12.973679,27.748490,3.668094,98.143609,1.449869,0.485621
sh.600117,2021-04-30,2021-03-31,3.013751,29.863113,0.860352,104.608330,0.368601,0.122888
sh.600117,2021-08-20,2021-06-30,7.227088,24.906298,1.989495,90.475218,0.883142,0.290074
sh.600117,2021-10-29,2021-09-30,11.904808,22.679913,3.157497,85.510775,1.425601,0.459405
sh.600117,2022-04-30,2021-12-31,7.061081,50.983697,4.757587,75.668606,1.699979,0.626938
sh.600117,2022-04-30,2022-03-31,1.843394,48.822992,1.301292,69.162029,0.452026,0.171641
sh.600117,2022-08-31,2022-06-30,2.283194,78.836920,2.425022,74.226125,0.742245,0.302739
sh.600117,2022-10-29,2022-09-30,3.170579,85.157960,3.283960,82.217818,1.000538,0.399554
sh.600117,2023-04-29,2022-12-31,4.107433,87.645983,3.629993,99.173554,1.115818,0.439373
sh.600117,2023-04-29,2023-03-31,1.151455,78.161973,0.651714,138.100353,0.206717,0.078830
sh.600117,2023-08-31,2023-06-30,2.522611,71.354636,1.358118,132.538105,0.436236,0.163805
sh.600117,2023-10-28,2023-09-30,3.280613,82.301697,1.776194,152.009909,0.585610,0.213036
sh.600126,2018-04-28,2018-03-31,51.473369,1.748477,3.093547,29.092818,0.667552,0.266108
sh.600126,2018-08-25,2018-06-30,109.017446,1.651112,7.155481,25.155541,1.276749,0.526545
sh.600126,2018-10-30,2018-09-30,148.810402,1.814389,9.386511,28.764681,1.771671,0.763280
sh.600126,2019-04-12,2018-12-31,13.310369,27.046583,12.057970,29.855772,2.545412,1.052413
sh.600126,2019-04-23,2019-03-31,3.047506,29.532342,3.327719,27.045549,0.555830,0.247874
sh.600126,2019-08-17,2019-06-30,6.783661,26.534347,5.529961,32.549960,1.042237,0.470387
sh.600126,2019-10-30,2019-09-30,9.149012,29.511382,9.471306,28.507158,1.629408,0.732951
sh.600126,2020-04-08,2019-12-31,20.658467,17.426269,13.207872,27.256472,2.367579,1.025595
sh.600126,2020-04-25,2020-03-31,9.286354,9.691640,2.951290,30.495141,0.487235,0.219020
sh.600126,2020-08-15,2020-06-30,20.554402,8.757248,7.023588,25.627926,1.057326,0.481837
sh.600126,2020-10-24,2020-09-30,34.028271,7.934579,9.100603,29.668364,1.662224,0.793966
sh.600126,2021-04-10,2020-12-31,60.533136,5.947156,14.363635,25.063294,2.424609,1.207283
sh.600126,2021-04-24,2021-03-31,16.616675,5.416246,2.800671,32.135151,0.583223,0.349813
sh.600126,2021-08-21,2021-06-30,33.511672,5.371263,7.568783,23.781894,1.548647,0.887803
sh.600126,2021-10-23,2021-09-30,72.525384,3.722834,11.375461,23.735302,2.402281,1.361416
sh.600126,2022-04-09,2021-12-31,78.149672,4.606545,17.499457,20.572066,3.250563,1.764258
sh.600126,2022-04-23,2022-03-31,11.690889,7.698302,3.339210,26.952486,0.719485,0.391391
sh.600126,2022-08-20,2022-06-30,28.612678,6.290918,7.331143,24.552789,1.573788,0.855571
sh.600126,2022-10-29,2022-09-30,45.167759,5.977715,10.619517,25.424885,2.120516,1.175456
sh.600126,2023-04-15,2022-12-31,48.873632,7.365935,13.768178,26.147209,2.911017,1.497098
sh.600126,2023-04-29,2023-03-31,9.840051,9.146294,3.120125,28.845229,0.755255,0.406518
sh.600126,2023-08-26,2023-06-30,21.133827,8.517151,7.277723,24.733089,1.586473,0.844194
sh.600126,2023-10-28,2023-09-30,27.959162,9.656942,11.380692,23.724375,2.381941,1.282393
sh.600231,2018-04-21,2018-03-31,87.695284,1.026281,2.499829,36.002464,0.871814,0.297428
sh.600231,2018-08-11,2018-06-30,119.228109,1.509711,5.979938,30.100647,1.969910,0.675637
sh.600231,2018-10-10,2018-09-30,275.317768,0.980685,8.031774,33.616485,2.933186,1.042330
sh.600231,2019-03-02,2018-12-31,24.965271,14.420032,9.876655,36.449589,3.642737,1.350616
sh.600231,2019-04-30,2019-03-31,5.555076,16.201398,2.651370,33.944721,0.809690,0.326521
sh.600231,2019-08-24,2019-06-30,10.558448,17.047961,5.281556,34.080865,1.522626,0.649743
sh.600231,2019-10-31,2019-09-30,14.431167,18.709506,8.074952,33.436733,2.658665,1.046261
sh.600231,2020-04-30,2019-12-31,38.448874,9.363083,10.304704,34.935501,3.179142,1.324360
sh.600231,2020-04-30,2020-03-31,21.072783,4.270912,2.648721,33.978667,0.636429,0.270399
sh.600231,2020-08-19,2020-06-30,51.884915,3.469216,5.889102,30.564929,1.344277,0.576134
sh.600231,2020-10-31,2020-09-30,110.124991,2.451760,8.405075,32.123447,2.111582,0.905427
sh.600231,2021-04-30,2020-12-31,219.449308,1.640470,10.762532,33.449376,3.021450,1.272887
sh.600231,2021-04-30,2021-03-31,172.877110,0.520601,2.749014,32.739016,0.822780,0.352573
sh.600231,2021-08-31,2021-06-30,287.093594,0.626973,5.514856,32.639110,1.638233,0.740654
sh.600231,2021-10-30,2021-09-30,252.645379,1.068692,8.638065,31.256999,2.479308,1.148886
sh.600231,2022-03-02,2021-12-31,205.526914,1.751595,10.948602,32.880909,3.535731,1.556567
sh.600231,2022-04-29,2022-03-31,23.191024,3.880812,2.587979,34.776170,0.742728,0.341680
sh.600231,2022-08-31,2022-06-30,60.024742,2.998763,5.536233,32.513085,1.545197,0.720023
sh.600231,2022-10-29,2022-09-30,152.218231,1.773769,8.373736,32.243674,2.095955,0.966442
sh.600231,2023-04-29,2022-12-31,190.119693,1.893544,10.417628,34.556904,2.989146,1.259348
sh.600231,2023-04-29,2023-03-31,663.959976,0.135550,3.013606,29.864614,0.804548,0.319158
sh.600231,2023-08-31,2023-06-30,1202.294491,0.149714,6.177770,29.136586,1.620541,0.624635
sh.600231,2023-10-28,2023-09-30,1337.457105,0.201876,9.034398,29.885770,2.644706,0.944023
sh.600282,2018-04-18,2018-03-31,15.354724,5.861388,1.931019,46.607512,0.669403,0.265002
sh.600282,2018-08-18,2018-06-30,30.145810,5.970979,4.008136,44.908652,1.364919,0.550361
sh.600282,2018-10-30,2018-09-30,38.798745,6.958988,6.199991,43.548453,2.032203,0.840678
sh.600282,2019-03-23,2018-12-31,7.503406,47.978213,7.793428,46.192764,2.885739,1.105962
sh.600282,2019-04-30,2019-03-31,1.868028,48.179146,2.114171,42.569875,0.678057,0.278076
sh.600282,2019-08-27,2019-06-30,3.770212,47.742669,4.096522,43.939711,1.421754,0.573169
sh.600282,2019-10-30,2019-09-30,5.477731,49.290478,6.082532,44.389406,2.062393,0.853733
sh.600282,2020-03-25,2019-12-31,13.146389,27.383946,7.791911,46.201758,2.793654,1.131178
sh.600282,2020-04-30,2020-03-31,10.633863,8.463528,1.750410,51.416514,0.581967,0.253122
sh.600282,2020-08-26,2020-06-30,20.741830,8.678116,3.682995,48.873264,1.285931,0.544271
sh.600282,2020-10-30,2020-09-30,34.570413,7.810147,5.583665,48.355337,1.959330,0.848640
sh.600282,2021-03-27,2020-12-31,59.067879,6.094683,7.410320,48.580896,2.654425,1.160816
sh.600282,2021-04-30,2021-03-31,20.570499,4.375198,2.023505,44.477274,0.727428,0.342739
sh.600282,2021-08-18,2021-06-30,37.254135,4.831678,4.514748,39.869332,1.719620,0.776603
sh.600282,2021-10-30,2021-09-30,49.529739,5.451270,6.781072,39.816713,2.517574,1.140593
sh.600282,2022-03-23,2021-12-31,61.851419,5.820400,8.874592,40.565244,3.206217,1.433123
sh.600282,2022-04-29,2022-03-31,9.523926,9.449885,1.849701,48.656507,0.672192,0.288278
sh.600282,2022-08-24,2022-06-30,15.303431,11.762068,3.579547,50.285686,1.278685,0.555640
sh.600282,2022-10-29,2022-09-30,22.080501,12.227984,5.627650,47.977402,1.964501,0.813255
sh.600282,2023-03-29,2022-12-31,28.736551,12.527599,8.296121,43.393771,2.523112,1.067671
sh.600282,2023-04-28,2023-03-31,5.400830,16.664107,2.201494,40.881217,0.573361,0.236376
sh.600282,2023-08-26,2023-06-30,10.227351,17.599866,4.673449,38.515856,1.157468,0.481149
sh.600282,2023-10-28,2023-09-30,15.109922,17.869053,6.588922,40.978008,1.752976,0.732566
sh.600307,2018-04-27,2018-03-31,42.125871,2.136454,1.264627,71.167246,0.830485,0.244634
sh.600307,2018-08-17,2018-06-30,104.395500,1.724212,3.498681,51.447964,2.017903,0.582741
sh.600307,2018-10-30,2018-09-30,142.349184,1.896744,5.635207,47.913058,3.305035,0.928212
sh.600307,2019-04-26,2018-12-31,65.203311,5.521192,6.615537,54.417351,3.869140,1.140931
sh.600307,2019-04-26,2019-03-31,11.981916,7.511319,1.618050,55.622493,0.806592,0.243387
sh.600307,2019-08-28,2019-06-30,21.570667,8.344666,3.965036,45.396818,2.058012,0.587333
sh.600307,2019-10-25,2019-09-30,35.751883,7.552050,6.192496,43.601157,3.284572,0.930472
sh.600307,2020-04-30,2019-12-31,78.371662,4.593497,7.562957,47.600432,3.901775,1.177753
sh.600307,2020-04-30,2020-03-31,15.244381,5.903815,0.871145,103.312331,0.526535,0.151615
sh.600307,2020-08-20,2020-06-30,39.979941,4.502258,2.525920,71.261172,1.410606,0.407483
sh.600307,2020-10-30,2020-09-30,52.055806,5.186741,4.067654,66.377334,2.070096,0.657135
sh.600307,2021-04-30,2020-12-31,97.664422,3.686092,5.481999,65.669474,2.861051,0.913720
sh.600307,2021-04-30,2021-03-31,23.375248,3.850226,1.166950,77.124096,0.720110,0.250053
sh.600307,2021-08-13,2021-06-30,56.738512,3.172448,3.364650,53.497389,1.938731,0.642222
sh.600307,2021-10-28,2021-09-30,85.506826,3.157643,4.958091,54.456443,3.108764,0.998132
sh.600307,2022-04-20,2021-12-31,106.197894,3.389898,5.746803,62.643531,3.455803,1.167556
sh.600307,2022-04-20,2022-03-31,23.128812,3.891250,1.176332,76.509005,0.765227,0.262000
sh.600307,2022-08-30,2022-06-30,60.319412,2.984114,3.037344,59.262303,1.898351,0.626633
sh.600307,2022-10-29,2022-09-30,83.245019,3.243437,5.188355,52.039619,2.894118,0.892896
sh.600307,2023-04-29,2022-12-31,117.020525,3.076383,6.393732,56.305426,3.573351,1.084026
sh.600307,2023-04-29,2023-03-31,37.256351,2.415696,1.577661,57.045066,0.938502,0.252968
sh.600307,2023-08-31,2023-06-30,67.213428,2.678036,3.415391,52.702465,1.954801,0.502027
sh.600307,2023-10-28,2023-09-30,81.341015,3.319359,5.211676,51.806512,2.969582,0.731928
sh.600399,2018-06-26,2018-03-31,2.252048,39.963618,1.103422,81.564423,0.315804,0.166600
sh.600399,2018-08-31,2018-06-30,4.119267,43.697098,2.074787,86.755901,0.645207,0.328742
sh.600399,2018-10-22,2018-09-30,6.012598,44.905714,2.956742,91.316740,0.941487,0.481573
sh.600399,2019-03-29,2018-12-31,3.875679,92.886951,3.622138,99.388827,1.337019,0.668133
sh.600399,2019-04-30,2019-03-31,0.936565,96.095789,0.963250,93.433658,0.422090,0.196254
sh.600399,2019-07-31,2019-06-30,1.906388,94.419373,1.820821,98.856485,0.804856,0.378945
sh.600399,2019-10-26,2019-09-30,2.994577,90.162982,2.519997,107.142965,1.124180,0.534156
sh.600399,2020-03-31,2019-12-31,4.211858,85.472972,3.066953,117.380350,1.455753,0.696250
sh.600399,2020-04-30,2020-03-31,1.115931,80.650123,0.738629,121.847406,0.333166,0.167761
sh.600399,2020-08-20,2020-06-30,2.343518,76.807591,1.676709,107.353152,0.715641,0.361919
sh.600399,2020-10-31,2020-09-30,3.322774,81.257408,2.399608,112.518372,1.055838,0.542169
sh.600399,2021-03-31,2020-12-31,7.518016,47.884972,3.069854,117.269413,1.354014,0.705722
sh.600399,2021-04-30,2021-03-31,3.314057,27.157045,0.896663,100.372184,0.348133,0.191910
sh.600399,2021-08-20,2021-06-30,7.859444,22.902385,1.733069,103.861995,0.722875,0.396001
sh.600399,2021-10-30,2021-09-30,13.320649,20.269283,2.282254,118.304082,1.048936,0.576151
sh.600399,2022-03-31,2021-12-31,18.633817,19.319713,3.139976,114.650554,1.389418,0.762522
sh.600399,2022-04-30,2022-03-31,4.446932,20.238671,0.676977,132.943982,0.317263,0.175418
sh.600399,2022-08-20,2022-06-30,10.316509,17.447762,1.389214,129.569674,0.649677,0.360838
sh.600399,2022-10-29,2022-09-30,17.297909,15.608823,2.070945,130.375274,0.964608,0.535466
sh.600399,2023-04-20,2022-12-31,11.622982,30.973118,2.815311,127.872696,1.284649,0.710074
sh.600399,2023-04-20,2023-03-31,1.847622,48.711275,0.685366,131.310184,0.311861,0.170413
sh.600399,2023-08-19,2023-06-30,3.734718,48.196411,1.463297,123.009636,0.648142,0.352895
sh.600399,2023-10-31,2023-09-30,5.581699,48.372373,2.060914,131.010723,0.987907,0.522203
sh.600507,2018-04-21,2018-03-31,10.370217,8.678700,2.288063,39.334573,0.637616,0.379400
sh.600507,2018-08-18,2018-06-30,22.373623,8.045188,5.452600,33.011777,1.434678,0.832456
sh.600507,2018-10-25,2018-09-30,35.109173,7.690298,8.131038,33.206091,2.186882,1.271563
sh.600507,2019-02-22,2018-12-31,16.051943,22.427192,10.547851,34.130175,3.612701,1.895975
sh.600507,2019-04-25,2019-03-31,2.826278,31.844004,2.564558,35.093766,0.590089,0.345324
sh.600507,2019-08-16,2019-06-30,5.080037,35.432813,5.182132,34.734736,1.071989,0.663296
sh.600507,2019-10-30,2019-09-30,9.262771,29.148945,6.639830,40.663692,1.577379,0.943905
sh.600507,2020-02-28,2019-12-31,40.713945,8.842179,9.484890,37.955105,2.283192,1.363815
sh.600507,2020-04-25,2020-03-31,9.933766,9.060008,1.818162,49.500532,0.343082,0.230543
sh.600507,2020-08-28,2020-06-30,17.028938,10.570242,4.426886,40.660632,0.749013,0.515483
sh.600507,2020-10-28,2020-09-30,26.612076,10.145770,7.330984,36.829981,1.240189,0.847730
sh.600507,2021-03-17,2020-12-31,59.640868,6.036129,9.636670,37.357304,1.854743,1.245178
sh.600507,2021-04-17,2021-03-31,8.940130,10.066968,2.213410,40.661249,0.392434,0.277557
sh.600507,2021-08-28,2021-06-30,22.285216,8.077104,5.205007,34.582085,0.789815,0.588857
sh.600507,2021-10-30,2021-09-30,39.509954,6.833721,8.937724,30.209033,1.232466,0.929244
sh.600507,2022-03-19,2021-12-31,31.561911,11.406153,12.313681,29.235774,1.707544,1.281934
sh.600507,2022-04-29,2022-03-31,4.532142,19.858160,2.782782,32.341734,0.317916,0.231403
sh.600507,2022-08-27,2022-06-30,12.250972,14.692712,7.132853,25.235346,0.874315,0.622363
sh.600507,2022-10-29,2022-09-30,17.751262,15.210186,11.369455,23.747841,1.170740,0.837479
sh.600507,2023-03-18,2022-12-31,25.369297,14.190382,13.648946,26.375663,1.856877,1.240702
sh.600507,2023-04-28,2023-03-31,4.753373,18.933925,2.379055,37.829431,0.426371,0.230320
sh.600507,2023-08-30,2023-06-30,7.108606,25.321422,7.701801,23.371160,1.092273,0.648639
sh.600507,2023-10-28,2023-09-30,10.918892,24.727783,10.163311,26.566174,1.574192,0.942253
sh.600569,2018-04-21,2018-03-31,6.733798,13.365415,0.913900,98.479000,0.446582,0.190531
sh.600569,2018-08-03,2018-06-30,17.885966,10.063756,2.291426,78.553701,1.066874,0.470272
sh.600569,2018-10-26,2018-09-30,30.507358,8.850324,3.855767,70.024979,1.723520,0.764550
sh.600569,2019-03-21,2018-12-31,13.880832,25.935045,4.998665,72.019230,2.226418,0.983941
sh.600569,2019-04-30,2019-03-31,2.590021,34.748748,0.843221,106.733560,0.345004,0.161374
sh.600569,2019-08-29,2019-06-30,6.562904,27.426883,2.112222,85.218316,0.865545,0.416908
sh.600569,2019-10-30,2019-09-30,8.786682,30.728321,3.073737,87.840962,1.283789,0.639686
sh.600569,2020-04-25,2019-12-31,21.626758,16.646045,3.906292,92.158998,1.675991,0.822947
sh.600569,2020-04-25,2020-03-31,10.804778,8.329648,0.646457,139.220360,0.278957,0.147900
sh.600569,2020-08-29,2020-06-30,26.930486,6.683875,1.530660,117.596352,0.670098,0.355012
sh.600569,2020-10-30,2020-09-30,43.504206,6.206296,2.258090,119.570055,1.092545,0.580792
sh.600569,2021-04-30,2020-12-31,57.596303,6.250401,3.211416,112.100093,1.536076,0.810224
sh.600569,2021-04-30,2021-03-31,17.463344,5.153652,0.915108,98.348995,0.475726,0.253213
sh.600569,2021-08-26,2021-06-30,38.662405,4.655686,1.973360,91.214964,1.113422,0.584402
sh.600569,2021-10-30,2021-09-30,55.762633,4.841952,3.131509,86.220411,1.661474,0.878913
sh.600569,2022-04-26,2021-12-31,78.179714,4.604775,4.643589,77.526248,2.355205,1.206000
sh.600569,2022-04-26,2022-03-31,9.950387,9.044875,0.770018,116.880448,0.360663,0.181270
sh.600569,2022-08-30,2022-06-30,26.985044,6.670362,1.728730,104.122699,0.894472,0.443903
sh.600569,2022-10-29,2022-09-30,40.801540,6.617397,2.725848,99.051734,1.347562,0.654985
sh.600569,2023-04-28,2022-12-31,46.870115,7.680800,3.662059,98.304252,1.864169,0.887663
sh.600569,2023-04-28,2023-03-31,13.297901,6.767986,0.916553,98.188959,0.504613,0.230615
sh.600569,2023-08-31,2023-06-30,24.416775,7.371981,2.018977,89.153046,1.046067,0.485315
sh.600569,2023-10-28,2023-09-30,29.534739,9.141777,3.114724,86.685716,1.661421,0.758677
sh.600581,2018-04-28,2018-03-31,16.388214,5.491752,1.141271,78.859428,0.905900,0.181743
sh.600581,2018-08-24,2018-06-30,102.967339,1.748127,2.681129,67.135902,2.063306,0.434472
sh.600581,2018-10-26,2018-09-30,184.133503,1.466327,5.828695,46.322547,3.447778,0.796805
sh.600581,2019-03-26,2018-12-31,45.845259,7.852502,6.694536,53.775200,4.801067,1.060310
sh.600581,2019-04-26,2019-03-31,8.940906,10.066094,1.328333,67.754114,0.852053,0.206421
sh.600581,2019-08-23,2019-06-30,22.487895,8.004306,2.859289,62.952716,1.988646,0.497951
sh.600581,2019-10-26,2019-09-30,34.989095,7.716690,4.810273,56.129872,3.166035,0.805451
sh.600581,2020-04-28,2019-12-31,75.195793,4.787502,6.242608,57.668202,4.066940,1.062017
sh.600581,2020-04-28,2020-03-31,21.251401,4.235015,0.925634,97.230669,0.578572,0.161567
sh.600581,2020-08-28,2020-06-30,36.249071,4.965645,3.046700,59.080317,1.674611,0.489703
sh.600581,2020-10-29,2020-09-30,52.002600,5.192048,4.666197,57.862969,2.413010,0.760012
sh.600581,2021-04-13,2020-12-31,287.805822,1.250843,6.202579,58.040372,3.175187,1.035915
sh.600581,2021-04-24,2021-03-31,19.104245,4.710995,1.774690,50.713087,0.726286,0.263678
sh.600581,2021-08-28,2021-06-30,25.272563,7.122348,3.622355,49.691426,1.596167,0.606133
sh.600581,2021-10-30,2021-09-30,58.929741,4.581727,5.347014,50.495476,2.443331,0.962007
sh.600581,2022-04-12,2021-12-31,76.547942,4.702935,7.240248,49.722054,3.480273,1.151872
sh.600581,2022-04-29,2022-03-31,8.093612,11.119880,1.089123,82.635259,0.527580,0.162016
sh.600581,2022-08-27,2022-06-30,16.684191,10.788656,2.506109,71.824492,1.365566,0.415492
sh.600581,2022-10-29,2022-09-30,27.392589,9.856680,4.523840,59.683803,2.115979,0.631217
sh.600581,2023-04-18,2022-12-31,44.796383,8.036363,5.852354,61.513225,2.744268,0.757211
sh.600581,2023-04-29,2023-03-31,10.165825,8.853192,1.113174,80.848006,0.495740,0.131634
sh.600581,2023-08-26,2023-06-30,24.129310,7.459807,3.639842,49.453267,1.460792,0.371727
sh.600581,2023-10-28,2023-09-30,35.257610,7.657921,6.272359,43.045724,2.364555,0.590823
sh.600782,2018-04-27,2018-03-31,6.295451,14.296037,2.606903,34.523728,0.599890,0.377829
sh.600782,2018-08-21,2018-06-30,15.101343,11.919470,5.655336,31.828345,1.204056,0.756733
sh.600782,2018-10-30,2018-09-30,21.148941,12.766597,7.639069,35.344619,1.775097,1.154854
sh.600782,2019-04-23,2018-12-31,8.908187,40.412263,9.289142,38.754926,2.279709,1.521828
sh.600782,2019-04-27,2019-03-31,1.757976,51.195250,2.608053,34.508496,0.462591,0.322338
sh.600782,2019-08-20,2019-06-30,3.586867,50.183070,5.176566,34.772084,0.903887,0.629386
sh.600782,2019-10-30,2019-09-30,4.913513,54.950496,8.281908,32.601182,1.360572,0.956854
sh.600782,2020-04-21,2019-12-31,11.697720,30.775228,10.306703,34.928727,2.108511,1.334147
sh.600782,2020-04-28,2020-03-31,5.049521,17.823472,2.813149,31.992621,0.575209,0.320940
sh.600782,2020-08-22,2020-06-30,12.855542,14.001743,6.185298,29.101267,1.290430,0.688299
sh.600782,2020-10-31,2020-09-30,20.968502,12.876456,9.489306,28.453081,1.962510,1.080386
sh.600782,2021-04-20,2020-12-31,33.925474,10.611495,12.491951,28.818556,2.673426,1.487140
sh.600782,2021-04-28,2021-03-31,11.295525,7.967757,3.635431,24.756351,0.890555,0.477488
sh.600782,2021-08-20,2021-06-30,26.971749,6.673649,7.284287,24.710724,1.875872,1.010161
sh.600782,2021-10-30,2021-09-30,39.846926,6.775930,12.739203,21.194418,2.784493,1.536059
sh.600782,2022-04-26,2021-12-31,53.847318,6.685570,15.969985,22.542288,3.347314,1.891507
sh.600782,2022-04-29,2022-03-31,12.650575,7.114301,3.674271,24.494657,0.760327,0.436741
sh.600782,2022-08-23,2022-06-30,28.415264,6.334624,7.109105,25.319642,1.502153,0.869446
sh.600782,2022-10-29,2022-09-30,41.196643,6.553932,10.929664,24.703413,2.209643,1.288001
sh.600782,2023-04-18,2022-12-31,47.871880,7.520072,15.582058,23.103433,3.158717,1.768384
sh.600782,2023-04-22,2023-03-31,11.058569,8.138485,3.663305,24.568012,0.788643,0.424321
sh.600782,2023-08-26,2023-06-30,20.801387,8.653269,7.647472,23.537104,1.664271,0.854329
sh.600782,2023-10-28,2023-09-30,29.818557,9.054764,10.831147,24.928216,2.357088,1.178092
sh.600808,2018-04-20,2018-03-31,19.663430,4.577025,1.318572,68.255659,0.576440,0.255909
sh.600808,2018-08-30,2018-06-30,41.453920,4.342171,2.985374,60.293946,1.197435,0.551568
sh.600808,2018-10-19,2018-09-30,61.638447,4.380383,4.594914,58.760625,1.855656,0.862532
sh.600808,2019-03-22,2018-12-31,10.619993,33.898328,6.204090,58.026234,2.324749,1.099555
sh.600808,2019-04-26,2019-03-31,2.173813,41.401898,1.561239,57.646509,0.463423,0.231247
sh.600808,2019-08-30,2019-06-30,10.103158,17.816212,2.983902,60.323688,0.903563,0.466227
sh.600808,2019-10-31,2019-09-30,15.502114,17.416980,4.684675,57.634731,1.504164,0.748224
sh.600808,2020-03-31,2019-12-31,21.785632,16.524652,6.482704,55.532380,1.843055,0.959139
sh.600808,2020-04-29,2020-03-31,12.548845,7.171975,1.219533,73.798752,0.361981,0.191502
sh.600808,2020-08-27,2020-06-30,33.544382,5.366025,3.198905,56.269253,0.872348,0.448173
sh.600808,2020-10-31,2020-09-30,49.770488,5.424902,4.904363,55.053017,1.379150,0.700321
sh.600808,2021-03-26,2020-12-31,76.398568,4.712130,6.740641,53.407387,1.941832,0.977221
sh.600808,2021-04-29,2021-03-31,19.923846,4.517200,1.683153,53.471079,0.600156,0.285641
sh.600808,2021-08-26,2021-06-30,49.361134,3.646594,3.885561,46.325354,1.332659,0.654936
sh.600808,2021-10-27,2021-09-30,70.120664,3.850505,5.511900,48.984924,2.064154,0.992185
sh.600808,2022-03-24,2021-12-31,86.987847,4.138509,8.468811,42.508918,2.818248,1.324476
sh.600808,2022-04-30,2022-03-31,17.444115,5.159333,1.878017,47.922879,0.622843,0.291798
sh.600808,2022-08-31,2022-06-30,22.527582,7.990205,3.945409,45.622648,1.292595,0.605777
sh.600808,2022-10-29,2022-09-30,33.091113,8.159290,6.033127,44.752911,1.892026,0.859188
sh.600808,2023-03-31,2022-12-31,41.829145,8.606439,8.706046,41.350576,2.474174,1.086191
sh.600808,2023-04-28,2023-03-31,6.937195,12.973544,2.011489,44.742729,0.608777,0.238539
sh.600808,2023-08-31,2023-06-30,18.184529,9.898524,4.747787,37.912296,1.586251,0.543250
sh.600808,2023-10-28,2023-09-30,22.638722,11.926468,7.106297,37.994456,2.367889,0.814133
sh.601003,2018-04-28,2018-03-31,38.302475,2.349718,2.100850,42.839812,0.898964,0.497936
sh.601003,2018-08-15,2018-06-30,85.036624,2.116735,4.119556,43.694028,1.651795,0.950304
sh.601003,2018-10-25,2018-09-30,108.085693,2.498018,6.308114,42.802017,2.476571,1.439253
sh.601003,2019-03-29,2018-12-31,11.970387,30.074216,8.148618,44.179272,3.374007,1.971946
sh.601003,2019-04-25,2019-03-31,2.919054,30.831904,1.797987,50.055970,0.676238,0.413428
sh.601003,2019-08-15,2019-06-30,5.062991,35.552110,4.081481,44.101633,1.503601,0.922609
sh.601003,2019-10-31,2019-09-30,8.377382,32.229639,5.643650,47.841376,2.072174,1.327373
sh.601003,2020-04-15,2019-12-31,13.310233,27.046860,7.531981,47.796188,3.336940,1.891962
sh.601003,2020-04-22,2020-03-31,3.324811,27.069208,1.518633,59.263824,0.791462,0.408209
sh.601003,2020-08-20,2020-06-30,6.924581,25.994352,3.144514,57.242542,1.711845,0.867086
sh.601003,2020-10-28,2020-09-30,12.620374,21.393978,5.034653,53.628322,2.717684,1.377657
sh.601003,2021-04-28,2020-12-31,15.914696,22.620601,6.440362,55.897476,3.266490,1.256749
sh.601003,2021-04-28,2021-03-31,4.660307,19.312031,1.471761,61.151237,0.783873,0.275936
sh.601003,2021-08-26,2021-06-30,11.378725,15.818996,2.921667,61.608662,1.732201,0.619974
sh.601003,2021-10-28,2021-09-30,13.959529,19.341627,4.545606,59.398016,2.680828,0.978007
sh.601003,2022-04-28,2021-12-31,26.562718,13.552830,6.659080,54.061526,3.901713,1.385653
sh.601003,2022-04-28,2022-03-31,5.759055,15.627564,1.461642,61.574578,0.806392,0.311859
sh.601003,2022-08-25,2022-06-30,12.867255,13.988998,2.846907,63.226518,1.649005,0.620968
sh.601003,2022-10-28,2022-09-30,13.781486,19.591501,4.861062,55.543416,2.326883,0.862907
sh.601003,2023-04-28,2022-12-31,17.587064,20.469590,6.551589,54.948410,3.164945,1.121418
sh.601003,2023-04-28,2023-03-31,2.870657,31.351710,1.730275,52.014102,0.688438,0.235062
sh.601003,2023-08-26,2023-06-30,6.043229,29.785401,4.164518,43.222476,1.585666,0.522950
sh.601003,2023-10-28,2023-09-30,10.797837,25.005007,6.110070,44.189129,2.459226,0.798818
sh.601005,2018-04-26,2018-03-31,63.449443,1.418452,2.245353,40.082791,1.015909,0.204155
sh.601005,2018-08-17,2018-06-30,251.893796,0.714587,5.274599,34.125816,2.355450,0.448971
sh.601005,2018-10-30,2018-09-30,524.188249,0.515082,7.587562,35.584553,2.975004,0.676610
sh.601005,2019-03-29,2018-12-31,229.285445,1.570095,8.703640,41.362004,3.690304,0.871637
sh.601005,2019-04-26,2019-03-31,126.165767,0.713347,1.577210,57.062792,0.724606,0.198992
sh.601005,2019-08-12,2019-06-30,506.073199,0.355680,3.144338,57.245758,1.544608,0.429936
sh.601005,2019-10-28,2019-09-30,371.826159,0.726146,4.631401,58.297690,2.271541,0.644094
sh.601005,2020-03-30,2019-12-31,1306.125007,0.275624,6.097650,59.039139,3.055479,0.871007
sh.601005,2020-04-30,2020-03-31,828.399136,0.108643,1.273069,70.695332,0.605162,0.187102
sh.601005,2020-08-26,2020-06-30,1259.130841,0.142956,2.993270,60.134903,1.267404,0.393163
sh.601005,2020-10-27,2020-09-30,2351.091088,0.114840,4.200516,64.277813,1.934942,0.610439
sh.601005,2021-03-20,2020-12-31,1204.887211,0.298783,5.042784,71.389131,2.343121,0.731856
sh.601005,2021-04-30,2021-03-31,132.775650,0.677835,1.437094,62.626364,0.728130,0.243120
sh.601005,2021-08-30,2021-06-30,1030.311276,0.174704,3.247079,55.434440,1.521067,0.532778
sh.601005,2021-10-30,2021-09-30,418.572588,0.645049,5.885683,45.874027,2.489192,0.778877
sh.601005,2022-03-31,2021-12-31,896.237726,0.401679,8.083184,44.536907,3.019002,0.960854
sh.601005,2022-04-27,2022-03-31,160.085289,0.562200,1.944007,46.296133,0.673521,0.204324
sh.601005,2022-08-31,2022-06-30,305.963063,0.588306,4.063267,44.299325,1.573578,0.434899
sh.601005,2022-10-31,2022-09-30,450.301715,0.599598,6.722950,40.160938,2.275848,0.621140
sh.601005,2023-03-31,2022-12-31,789.033282,0.456255,11.376542,31.644063,3.344315,0.887839
sh.601005,2023-04-28,2023-03-31,192.042368,0.468647,3.429390,26.243658,1.251988,0.267426
sh.601005,2023-08-31,2023-06-30,570.780625,0.315358,8.088286,22.254367,2.712778,0.543090
sh.601005,2023-10-28,2023-09-30,37.842484,7.134838,11.432207,23.617501,3.427580,0.756701
sh.601686,2020-03-20,2019-06-30,50.472914,3.566269,10.164501,17.708691,4.090843,2.667400
sh.601686,2020-11-16,2019-12-31,132.821744,2.710400,24.213599,14.867678,8.234124,5.491546
sh.601686,2021-04-30,2020-03-31,,,,,1.124322,
sh.601686,2020-11-16,2020-06-30,56.910904,3.162839,9.649282,18.654237,3.149550,2.251816
sh.601686,2021-10-30,2020-09-30,,,,,5.158575,3.701097
sh.601686,2021-04-09,2020-12-31,143.761325,2.504151,20.260452,17.768607,6.450383,4.679087
sh.601686,2021-04-30,2021-03-31,17.888303,5.031221,3.279112,27.446457,1.263854,0.923272
sh.601686,2021-08-25,2021-06-30,44.948765,4.004559,8.349803,21.557395,3.141161,2.218170
sh.601686,2021-10-30,2021-09-30,71.789382,3.761002,12.638808,21.362774,5.171656,3.620558
sh.601686,2022-04-16,2021-12-31,119.054841,3.023817,20.229811,17.795520,7.092806,4.826310
sh.601686,2022-04-30,2022-03-31,14.656426,6.140651,3.431113,26.230555,1.383503,0.895692
sh.601686,2022-08-26,2022-06-30,36.792724,4.892272,7.044453,25.552019,2.705767,1.823043
sh.601686,2022-10-26,2022-09-30,55.681144,4.849038,14.398909,18.751421,4.636311,2.983650
sh.601686,2023-04-20,2022-12-31,79.202266,4.545324,20.275248,17.755682,6.770014,4.126348
sh.601686,2023-04-28,2023-03-31,12.435857,7.237137,4.288383,20.986848,1.354426,0.821090
sh.601686,2023-08-18,2023-06-30,31.178999,5.773117,9.920621,18.144064,2.911408,1.763708
sh.601686,2023-10-25,2023-09-30,40.095998,6.733839,14.128497,19.110309,4.227240,2.599508
sh.603878,2018-04-25,2018-03-31,0.989453,90.959371,0.426270,211.133682,0.194127,0.150547
sh.603878,2018-08-29,2018-06-30,2.364434,76.128167,0.974131,184.779995,0.469669,0.363974
sh.603878,2018-10-26,2018-09-30,3.561474,75.811309,1.426581,189.263645,0.688750,0.533776
sh.603878,2019-04-26,2018-12-31,3.627935,99.230016,1.932272,186.309139,0.953684,0.734330
sh.603878,2019-04-26,2019-03-31,0.920727,97.748830,0.544814,165.193956,0.260521,0.201631
sh.603878,2019-08-15,2019-06-30,1.828738,98.428554,0.995099,180.886562,0.508865,0.390700
sh.603878,2019-10-25,2019-09-30,2.719882,99.268998,1.384775,194.977498,0.754741,0.579313
sh.603878,2020-03-31,2019-12-31,4.257039,84.565828,1.835033,196.181717,1.014940,0.772450
sh.603878,2020-04-28,2020-03-31,0.841376,106.967678,0.368556,244.196335,0.193987,0.146764
sh.603878,2020-08-10,2020-06-30,1.928974,93.313847,0.993504,181.176936,0.488451,0.369015
sh.603878,2020-10-23,2020-09-30,3.111184,86.783675,1.481206,182.283938,0.721809,0.547151
sh.603878,2021-04-23,2020-12-31,4.713710,76.372958,2.073503,173.619248,0.972432,0.731709
sh.603878,2021-04-23,2021-03-31,1.329154,67.712266,0.642625,140.050545,0.252483,0.188409
sh.603878,2021-08-25,2021-06-30,2.608093,69.015944,1.288208,139.728988,0.506660,0.380397
sh.603878,2021-10-28,2021-09-30,4.269682,63.236554,1.851413,145.834572,0.766106,0.568338
sh.603878,2022-04-26,2021-12-31,5.346090,67.338935,2.607684,138.053520,1.044920,0.773427
sh.603878,2022-04-26,2022-03-31,0.978464,91.980918,0.541293,166.268686,0.213018,0.156765
sh.603878,2022-08-19,2022-06-30,2.095205,85.910448,1.174191,153.297050,0.482625,0.353783
sh.603878,2022-10-27,2022-09-30,3.506415,77.001723,1.926598,140.143382,0.774548,0.566646
sh.603878,2023-04-05,2022-12-31,5.017421,71.750014,2.475923,145.400346,1.048878,0.768409
sh.603878,2023-04-25,2023-03-31,1.281779,70.214926,0.638174,141.021623,0.302558,0.223967
sh.603878,2023-08-22,2023-06-30,2.812239,64.005935,1.244176,144.671275,0.634106,0.469865
sh.603878,2023-10-27,2023-09-30,3.772048,71.579161,1.883924,143.319709,0.893902,0.667793
sh.603995,2020-04-27,2019-03-31,,,,,3.356392,
sh.603995,2019-11-12,2019-06-30,60.703814,2.965217,14.258628,12.623936,6.812035,2.271939
sh.603995,2019-11-12,2019-09-30,63.206795,4.271693,19.922200,13.552720,9.232682,3.390392
sh.603995,2020-04-20,2019-12-31,115.843984,3.107628,31.038037,11.598672,8.434585,3.857125
sh.603995,2020-04-27,2020-03-31,19.926872,4.516514,3.753145,23.979888,1.111328,0.596132
sh.603995,2020-08-18,2020-06-30,63.523831,2.833582,13.016585,13.828512,2.846271,1.509401
sh.603995,2020-10-23,2020-09-30,100.401646,2.689199,16.924655,15.953058,4.780474,2.537384
sh.603995,2021-04-15,2020-12-31,152.742209,2.356912,31.720660,11.349070,7.600532,3.587703
sh.603995,2021-04-27,2021-03-31,39.762734,2.263426,6.407300,14.046479,2.277231,0.962724
sh.603995,2021-08-25,2021-06-30,86.303940,2.085652,15.034024,11.972842,5.010777,2.043129
sh.603995,2021-10-19,2021-09-30,101.043556,2.672115,20.793700,12.984702,7.606233,3.090105
sh.603995,2022-04-12,2021-12-31,127.231530,2.829487,25.905138,13.896857,8.923634,3.902542
sh.603995,2022-04-27,2022-03-31,23.844419,3.774468,4.459950,20.179599,1.845990,0.823475
sh.603995,2022-08-18,2022-06-30,41.581382,4.328860,10.790123,16.681922,4.535116,2.032668
sh.603995,2022-10-29,2022-09-30,52.276548,5.164840,15.137999,17.835911,6.434096,2.864155
sh.603995,2023-04-14,2022-12-31,85.622225,4.204516,21.950626,16.400463,9.650493,3.874177
sh.603995,2023-04-28,2023-03-31,14.108711,6.379038,3.522911,25.547134,1.653537,0.649560
sh.603995,2023-08-16,2023-06-30,28.474708,6.321399,8.030515,22.414545,3.883990,1.521952
sh.603995,2023-10-27,2023-09-30,42.948333,6.286623,12.148803,22.224417,6.057583,2.397286
sh.688186,2020-04-28,2020-03-31,0.444855,202.313246,0.289477,310.906040,0.161896,0.103825
sh.688186,2020-08-11,2020-06-30,1.213764,148.299002,0.792742,227.060086,0.420769,0.270928
sh.688186,2020-10-20,2020-09-30,2.086013,129.433492,1.305469,206.822291,0.752629,0.434412
sh.688186,2021-03-20,2020-12-31,3.019969,119.206521,1.691633,212.812079,0.963274,0.548160
sh.688186,2021-04-16,2021-03-31,0.931810,96.586169,0.510370,176.342760,0.252515,0.130925
sh.688186,2021-08-14,2021-06-30,1.950038,92.305901,1.134180,158.704983,0.578962,0.302737
sh.688186,2021-10-29,2021-09-30,2.228534,121.155887,1.372197,196.764724,0.642252,0.346196
sh.688186,2022-03-21,2021-12-31,3.061951,117.572105,1.831158,196.596882,0.919276,0.470169
sh.688186,2022-04-29,2022-03-31,0.598489,150.378612,0.324157,277.643093,0.165695,0.083246
sh.688186,2022-08-26,2022-06-30,1.142805,157.507140,0.785948,229.022813,0.378591,0.192268
sh.688186,2022-10-31,2022-09-30,1.715272,157.409436,1.169737,230.821028,0.571396,0.287736
sh.688186,2023-04-22,2022-12-31,2.495648,144.251110,1.618288,222.455663,0.720814,0.374976
sh.688186,2023-04-22,2023-03-31,0.514591,174.896104,0.338731,265.721878,0.156257,0.082109
sh.688186,2023-08-25,2023-06-30,1.137066,158.302175,0.832160,216.294160,0.362119,0.191618
sh.688186,2023-10-31,2023-09-30,1.596173,169.154643,1.233965,218.800648,0.542293,0.277766
sz.000708,2018-04-21,2018-03-31,7.791243,11.551430,2.852526,31.550988,0.742035,0.450022
sz.000708,2018-08-16,2018-06-30,15.589760,11.546041,5.914315,30.434632,1.415993,0.881829
sz.000708,2018-10-27,2018-09-30,19.441843,13.887572,9.277599,29.102359,2.175995,1.353815
sz.000708,2019-02-27,2018-12-31,6.412002,56.144713,11.393828,31.596055,2.748781,1.763819
sz.000708,2019-04-23,2019-03-31,1.407124,63.960231,3.189368,28.218756,0.602257,0.403503
sz.000708,2019-08-20,2019-06-30,2.696648,66.749544,5.916873,30.421476,1.219663,0.826884
sz.000708,2019-10-23,2019-09-30,12.083171,22.345128,10.273259,26.281824,3.674156,1.501450
sz.000708,2020-03-06,2019-12-31,29.506589,12.200665,13.412848,26.839936,4.191061,1.809550
sz.000708,2020-04-22,2020-03-31,5.373054,16.750251,1.650578,54.526359,0.550135,0.231880
sz.000708,2020-08-18,2020-06-30,11.811645,15.239199,3.841240,46.859871,1.191466,0.487893
sz.000708,2020-10-17,2020-09-30,15.138049,17.835852,5.692273,47.432719,1.769144,0.731137
sz.000708,2021-03-02,2020-12-31,30.215236,11.914519,7.388639,48.723454,2.441665,0.996206
sz.000708,2021-04-28,2021-03-31,9.461851,9.511881,2.043786,44.035915,0.705363,0.284347
sz.000708,2021-08-17,2021-06-30,18.900238,9.523690,4.234084,42.512143,1.509596,0.613100
sz.000708,2021-10-12,2021-09-30,26.785948,10.079912,6.116923,44.139838,2.138662,0.897506
sz.000708,2022-03-11,2021-12-31,14.834657,24.267498,9.093060,39.590633,3.003176,1.199285
sz.000708,2022-04-23,2022-03-31,2.096691,42.924778,2.035657,44.211774,0.653802,0.274228
sz.000708,2022-08-16,2022-06-30,4.266791,42.186267,4.023428,44.737968,1.448833,0.590757
sz.000708,2022-10-26,2022-09-30,6.476382,41.689944,6.376747,42.341340,2.113341,0.859722
sz.000708,2023-03-18,2022-12-31,8.385373,42.931902,8.430200,42.703612,2.781581,1.119774
sz.000708,2023-04-22,2023-03-31,1.844267,48.799884,1.730329,52.014102,0.604086,0.264153
sz.000708,2023-08-19,2023-06-30,3.811046,47.231132,3.898182,46.175158,1.352013,0.568666
sz.000708,2023-10-28,2023-09-30,5.145481,52.473233,5.747552,46.976129,1.929941,0.830224
sz.000709,2018-04-20,2018-03-31,9.139128,9.847766,0.934780,96.279302,0.469273,0.130931
sz.000709,2018-08-30,2018-06-30,21.644382,8.316246,2.043017,88.104974,1.008943,0.289673
sz.000709,2018-10-26,2018-09-30,37.104934,7.276660,3.217417,83.918247,1.513965,0.457120
sz.000709,2019-04-26,2018-12-31,10.991237,32.753364,4.567172,78.823389,2.044915,0.606461
sz.000709,2019-04-26,2019-03-31,2.283654,39.410520,1.167415,77.093417,0.448209,0.140731
sz.000709,2019-08-27,2019-06-30,4.075119,44.170490,2.454447,73.336262,0.934154,0.297124
sz.000709,2019-10-30,2019-09-30,5.593963,48.266321,3.808229,70.899106,1.430850,0.450625
sz.000709,2020-04-23,2019-12-31,11.263043,31.962943,4.804716,74.926380,1.814622,0.577612
sz.000709,2020-04-23,2020-03-31,2.484966,36.217794,0.918727,97.961678,0.345221,0.111003
sz.000709,2020-08-26,2020-06-30,6.215283,28.960871,2.050181,87.797118,0.765270,0.239965
sz.000709,2020-10-30,2020-09-30,10.183383,26.513783,3.261111,82.793860,1.203204,0.370578
sz.000709,2021-04-23,2020-12-31,13.106460,27.467372,4.460390,80.710424,1.572916,0.475133
sz.000709,2021-04-23,2021-03-31,3.955297,22.754297,1.372884,65.555446,0.475371,0.136406
sz.000709,2021-08-20,2021-06-30,9.232876,19.495551,3.114828,57.788098,1.078485,0.310045
sz.000709,2021-10-23,2021-09-30,16.780760,16.089855,5.362132,50.353110,1.898983,0.515688
sz.000709,2022-04-22,2021-12-31,16.261460,22.138233,6.665630,54.008400,2.107394,0.617462
sz.000709,2022-04-22,2022-03-31,2.606474,34.529401,1.398954,64.333788,0.409115,0.126409
sz.000709,2022-08-26,2022-06-30,6.770598,26.585540,3.355594,53.641770,0.984879,0.296397
sz.000709,2022-10-26,2022-09-30,10.115820,26.690867,5.178955,52.134067,1.473545,0.444742
sz.000709,2023-04-28,2022-12-31,17.350998,20.748087,6.271308,57.404366,1.983151,0.577751
sz.000709,2023-04-28,2023-03-31,5.087521,17.690345,1.337292,67.299783,0.439918,0.125462
sz.000709,2023-08-31,2023-06-30,9.060093,19.867347,2.719450,66.191072,0.890371,0.253019
sz.000709,2023-10-31,2023-09-30,14.573155,18.527217,3.883168,69.530284,1.297862,0.375004
sz.000717,2018-04-20,2018-03-31,10.730249,8.387503,2.560289,35.152275,1.464531,0.431335
sz.000717,2018-08-28,2018-06-30,36.355216,4.951147,4.957339,36.309805,3.130481,0.831329
sz.000717,2018-10-30,2018-09-30,64.785596,4.167593,7.109001,37.980023,4.222628,1.273624
sz.000717,2019-03-29,2018-12-31,25.615088,14.054217,10.608127,33.936245,5.638113,1.758144
sz.000717,2019-04-30,2019-03-31,6.465109,13.920878,2.888541,31.157598,1.309492,0.409375
sz.000717,2019-08-20,2019-06-30,15.187958,11.851494,5.759706,31.251598,2.747208,0.851267
sz.000717,2019-10-31,2019-09-30,21.279858,12.688055,9.148265,29.513793,4.078441,1.305300
sz.000717,2020-03-31,2019-12-31,54.318960,6.627520,11.730341,30.689644,5.537330,1.734802
sz.000717,2020-04-30,2020-03-31,158.056854,0.569415,2.207777,40.764984,1.140821,0.358360
sz.000717,2020-08-28,2020-06-30,320.052367,0.562408,6.257492,28.765520,2.665137,0.846973
sz.000717,2020-10-30,2020-09-30,607.826509,0.444206,8.597508,31.404450,3.728825,1.244563
sz.000717,2021-04-28,2020-12-31,858.324860,0.419422,13.354711,26.956779,6.075150,1.806896
sz.000717,2021-04-29,2021-03-31,83.615054,1.076361,2.734809,32.909063,1.184475,0.399494
sz.000717,2021-08-26,2021-06-30,411.553972,0.437367,7.879136,22.845145,3.117149,1.050797
sz.000717,2021-10-29,2021-09-30,1491.648092,0.181008,13.097737,20.614248,4.897984,1.668076
sz.000717,2022-04-28,2021-12-31,1453.701661,0.247644,18.600331,19.354494,8.461341,2.371858
sz.000717,2022-04-29,2022-03-31,214.182556,0.420202,2.302312,39.091146,1.155565,0.326907
sz.000717,2022-08-31,2022-06-30,239.079009,0.752889,5.660673,31.798340,2.729199,0.808534
sz.000717,2022-10-27,2022-09-30,1373.465533,0.196583,11.724833,23.028046,5.000514,1.302924
sz.000717,2023-04-28,2022-12-31,2184.813431,0.164774,17.368658,20.726940,7.684314,1.930118
sz.000717,2023-04-29,2023-03-31,143.167841,0.628633,3.898793,23.084026,1.733011,0.434638
sz.000717,2023-08-23,2023-06-30,448.786808,0.401081,10.204267,17.639623,4.030623,0.941198
sz.000717,2023-10-30,2023-09-30,421.647937,0.640345,14.120748,19.120865,6.558406,1.433591
sz.000761,2018-04-20,2018-03-31,15.649697,5.750910,0.934532,96.304867,0.361066,0.194425
sz.000761,2018-08-28,2018-06-30,32.636888,5.515232,1.726225,104.273775,0.648887,0.369063
sz.000761,2018-10-30,2018-09-30,48.746239,5.538889,2.761366,97.777692,1.078327,0.598917
sz.000761,2019-04-19,2018-12-31,11.411895,31.546030,4.134180,87.078932,1.465105,0.818423
sz.000761,2019-04-19,2019-03-31,2.792309,32.231395,1.025664,87.748010,0.348210,0.196515
sz.000761,2019-08-29,2019-06-30,5.154332,34.922078,1.948977,92.356132,0.697666,0.398204
sz.000761,2019-10-29,2019-09-30,10.334731,26.125498,3.523190,76.635102,1.134044,0.624748
sz.000761,2020-04-24,2019-12-31,23.675650,15.205496,5.355428,67.221519,1.652311,0.876365
sz.000761,2020-04-24,2020-03-31,50.088879,1.796806,1.255503,71.684438,0.370786,0.190474
sz.000761,2020-08-25,2020-06-30,94.303538,1.908730,2.364888,76.113532,0.701200,0.359433
sz.000761,2020-10-30,2020-09-30,147.416106,1.831550,3.795859,71.130142,1.063095,0.553502
sz.000761,2021-04-28,2020-12-31,202.468003,1.778059,5.542521,64.952397,1.499517,0.774379
sz.000761,2021-04-28,2021-03-31,64.123642,1.403538,1.452567,61.959292,0.444489,0.232055
sz.000761,2021-08-26,2021-06-30,163.950938,1.097889,3.908041,46.058885,1.147698,0.594764
sz.000761,2021-10-23,2021-09-30,259.200652,1.041664,5.473967,49.324374,1.758367,0.928889
sz.000761,2022-03-26,2021-12-31,76.289089,4.718892,7.476935,48.148069,2.657290,1.296865
sz.000761,2022-04-27,2022-03-31,10.952022,8.217661,1.583076,56.851340,0.741000,0.312729
sz.000761,2022-08-19,2022-06-30,31.172556,5.774310,3.526280,51.045290,1.712550,0.685468
sz.000761,2022-10-28,2022-09-30,34.333925,7.863942,5.416127,49.851117,2.443954,0.952294
sz.000761,2023-03-30,2022-12-31,40.083988,8.981142,6.675210,53.930885,3.346352,1.261646
sz.000761,2023-04-28,2023-03-31,11.382099,7.907153,1.760444,51.124744,1.066262,0.344591
sz.000761,2023-08-31,2023-06-30,26.252342,6.856531,3.823558,47.076054,2.227194,0.679380
sz.000761,2023-10-31,2023-09-30,36.338802,7.430074,5.348357,50.482387,3.106577,0.958656
sz.000778,2018-04-27,2018-03-31,5.255004,17.126533,2.421202,37.171615,0.401463,0.192697
sz.000778,2018-08-21,2018-06-30,12.133803,14.834590,4.986124,36.100185,0.853971,0.406805
sz.000778,2018-10-30,2018-09-30,18.054363,14.954834,8.239419,32.769299,1.331074,0.638160
sz.000778,2019-04-02,2018-12-31,7.100631,50.699723,8.159124,44.122381,1.615640,0.803957
sz.000778,2019-04-30,2019-03-31,1.860800,48.366300,1.621095,55.518032,0.400317,0.203971
sz.000778,2019-08-27,2019-06-30,3.500904,51.415294,3.478869,51.740958,0.835764,0.418647
sz.000778,2019-10-29,2019-09-30,5.162869,52.296504,5.063334,53.324550,1.229888,0.622764
sz.000778,2020-04-24,2019-12-31,7.917156,45.470876,6.387139,56.363261,1.629680,0.806501
sz.000778,2020-04-29,2020-03-31,1.606802,56.011875,1.292601,69.627076,0.343243,0.163809
sz.000778,2020-08-25,2020-06-30,3.604324,49.940018,3.287103,54.759456,0.804201,0.390440
sz.000778,2020-10-27,2020-09-30,5.597119,48.239103,5.092123,53.023073,1.288993,0.622464
sz.000778,2021-04-13,2020-12-31,8.391379,42.901174,6.575651,54.747430,1.706803,0.836200
sz.000778,2021-04-30,2021-03-31,2.146200,41.934579,2.079281,43.284184,0.522459,0.255147
sz.000778,2021-08-24,2021-06-30,4.567725,39.406925,4.684200,38.427055,1.128867,0.549209
sz.000778,2021-10-26,2021-09-30,6.549766,41.222850,6.552668,41.204593,1.631006,0.797304
sz.000778,2022-04-19,2021-12-31,9.593477,37.525499,8.328155,43.226859,2.071931,1.000307
sz.000778,2022-04-27,2022-03-31,2.267375,39.693483,2.020999,44.532421,0.516861,0.240221
sz.000778,2022-08-23,2022-06-30,4.518631,39.835072,4.298639,41.873714,1.062726,0.493686
sz.000778,2022-10-25,2022-09-30,5.890303,45.838050,6.318554,42.731297,1.508180,0.701885
sz.000778,2023-04-11,2022-12-31,9.121094,39.468948,8.208462,43.856978,1.916388,0.873945
sz.000778,2023-04-27,2023-03-31,2.011312,44.746917,1.980960,45.431600,0.462409,0.209412
sz.000778,2023-08-22,2023-06-30,4.219800,42.656048,4.366088,41.226724,0.966104,0.434458
sz.000778,2023-10-24,2023-09-30,6.693338,40.338619,6.297210,42.876199,1.442900,0.647096
sz.000825,2018-04-20,2018-03-31,9.855496,9.131961,2.029050,44.355738,0.829457,0.246006
sz.000825,2018-08-31,2018-06-30,21.030868,8.558848,3.927481,45.830902,1.695562,0.503293
sz.000825,2018-10-31,2018-09-30,31.873622,8.470954,5.769123,46.800877,2.543528,0.757874
sz.000825,2019-04-26,2018-12-31,18.103764,19.885368,7.856896,45.819620,3.262942,0.997081
sz.000825,2019-04-26,2019-03-31,4.490400,20.042758,2.098801,42.881621,0.805299,0.242934
sz.000825,2019-08-31,2019-06-30,9.585608,18.778152,3.858212,46.653741,1.611131,0.493012
sz.000825,2019-10-19,2019-09-30,13.159483,20.517524,5.976391,45.177765,2.470709,0.759648
sz.000825,2020-04-25,2019-12-31,29.125838,12.360160,7.569423,47.559770,3.175491,0.996232
sz.000825,2020-04-25,2020-03-31,12.558212,7.166625,1.612450,55.815674,0.699978,0.223888
sz.000825,2020-08-22,2020-06-30,28.252791,6.371052,3.625465,49.648806,1.507824,0.476604
sz.000825,2020-10-30,2020-09-30,47.209363,5.719204,4.907278,55.020317,2.152000,0.693553
sz.000825,2021-04-24,2020-12-31,67.870746,5.304200,6.905158,52.134940,3.097943,0.978180
sz.000825,2021-04-24,2021-03-31,18.750233,4.799940,1.984803,45.344540,0.911133,0.302704
sz.000825,2021-08-21,2021-06-30,51.424139,3.500302,4.324508,41.623232,1.997674,0.670360
sz.000825,2021-10-30,2021-09-30,82.696620,3.264946,6.594924,40.940576,3.211509,1.064864
sz.000825,2022-04-23,2021-12-31,113.672932,3.166981,9.325703,38.602989,4.716772,1.492849
sz.000825,2022-04-23,2022-03-31,28.179069,3.193860,1.992291,45.174119,1.019224,0.336538
sz.000825,2022-08-20,2022-06-30,61.225481,2.939952,4.250002,42.352919,2.217740,0.731879
sz.000825,2022-10-27,2022-09-30,90.295540,2.990181,6.882638,39.229146,3.135710,1.039835
sz.000825,2023-04-22,2022-12-31,124.659495,2.887867,9.577058,37.589667,4.319875,1.390506
sz.000825,2023-04-22,2023-03-31,32.825998,2.741729,2.434938,36.962504,1.073858,0.352141
sz.000825,2023-08-25,2023-06-30,75.487740,2.384493,5.588397,32.209577,2.341493,0.744394
sz.000825,2023-10-31,2023-09-30,96.600937,2.795004,7.989077,33.796047,3.587419,1.127939
sz.000898,2018-04-19,2018-03-31,9.373856,9.601171,1.403870,64.108521,0.702890,0.237255
sz.000898,2018-08-28,2018-06-30,19.034511,9.456508,3.233023,55.675447,1.509814,0.515498
sz.000898,2018-10-30,2018-09-30,31.592773,8.546258,5.091387,53.030737,2.691653,0.859722
sz.000898,2019-03-19,2018-12-31,9.647431,37.315633,7.116118,50.589383,3.790534,1.173444
sz.000898,2019-04-30,2019-03-31,2.793856,32.213547,1.647749,54.619957,0.904814,0.271087
sz.000898,2019-08-31,2019-06-30,5.811458,30.973294,3.375216,53.329925,1.926994,0.569476
sz.000898,2019-10-30,2019-09-30,10.019103,26.948520,5.263762,51.294112,2.929336,0.864047
sz.000898,2020-03-28,2019-12-31,14.222387,25.312207,8.445938,42.624042,4.189960,1.187492
sz.000898,2020-04-29,2020-03-31,3.679906,24.457147,1.680578,53.552990,0.827986,0.228511
sz.000898,2020-08-29,2020-06-30,12.108475,14.865622,4.017751,44.801188,1.817331,0.502691
sz.000898,2020-10-24,2020-09-30,18.958711,14.241475,6.377292,42.337723,2.993271,0.808591
sz.000898,2021-03-31,2020-12-31,25.675064,14.021387,8.976042,40.106763,4.339167,1.147577
sz.000898,2021-04-30,2021-03-31,11.539548,7.799266,2.336848,38.513413,1.323947,0.359391
sz.000898,2021-08-28,2021-06-30,27.398414,6.569723,5.595424,32.169145,2.896190,0.809057
sz.000898,2021-10-30,2021-09-30,39.475177,6.839741,8.208686,32.891988,4.267230,1.203359
sz.000898,2022-03-31,2021-12-31,59.813567,6.018701,8.343800,43.145811,4.930608,1.473002
sz.000898,2022-04-28,2022-03-31,15.912073,5.656083,1.759915,51.138826,1.030128,0.351621
sz.000898,2022-08-27,2022-06-30,26.204660,6.869007,3.926727,45.839701,2.226713,0.725529
sz.000898,2022-10-29,2022-09-30,43.724258,6.175062,6.280944,42.987171,3.312150,1.049051
sz.000898,2023-03-31,2022-12-31,53.227208,6.763458,7.867625,45.757135,4.251788,1.348054
sz.000898,2023-04-28,2023-03-31,8.920897,10.088672,2.166083,41.549328,1.005837,0.313591
sz.000898,2023-08-31,2023-06-30,17.270992,10.422099,4.273363,42.121028,2.064977,0.610569
sz.000898,2023-10-31,2023-09-30,27.621825,9.774879,6.242200,43.253981,2.961943,0.870861
sz.000932,2018-04-28,2018-03-31,6.855697,13.127768,2.202982,40.853717,0.652381,0.264765
sz.000932,2018-08-25,2018-06-30,16.221261,11.096548,5.071485,35.492561,1.453508,0.583406
sz.000932,2018-10-31,2018-09-30,25.608582,10.543341,7.922564,34.079876,2.358570,0.927761
sz.000932,2019-03-28,2018-12-31,9.781216,36.805240,9.908503,36.332430,3.019358,1.216910
sz.000932,2019-04-29,2019-03-31,2.302995,39.079547,3.032288,29.680554,0.782359,0.317693
sz.000932,2019-08-17,2019-06-30,4.395278,40.953039,6.020498,29.897860,1.584967,0.646769
sz.000932,2019-10-31,2019-09-30,7.256754,37.206718,8.885180,30.387680,2.543467,1.036739
sz.000932,2020-03-19,2019-12-31,15.071725,23.885786,11.629050,30.956958,3.385016,1.357097
sz.000932,2020-04-29,2020-03-31,4.953128,18.170337,2.109308,42.668029,0.685582,0.279530
sz.000932,2020-08-27,2020-06-30,11.691923,15.395244,4.797614,37.518651,1.533824,0.618429
sz.000932,2020-10-31,2020-09-30,19.589644,13.782793,7.579690,35.621511,2.397240,0.974910
sz.000932,2021-03-31,2020-12-31,29.538027,12.187679,10.435387,34.498003,3.256464,1.341954
sz.000932,2021-04-29,2021-03-31,8.432641,10.672812,3.042570,29.580256,0.894053,0.404967
sz.000932,2021-08-28,2021-06-30,17.026327,10.571863,6.148798,29.274012,1.864782,0.866728
sz.000932,2021-10-26,2021-09-30,25.905046,10.422680,10.043746,26.882400,2.966952,1.371013
sz.000932,2022-04-30,2021-12-31,37.427390,9.618624,13.579279,26.510980,3.861636,1.739228
sz.000932,2022-04-30,2022-03-31,7.286480,12.351644,3.155317,28.523279,0.803577,0.379769
sz.000932,2022-08-25,2022-06-30,14.077607,12.786264,5.874285,30.642026,1.613676,0.769993
sz.000932,2022-10-29,2022-09-30,20.888039,12.926058,10.200377,26.469610,2.416598,1.138089
sz.000932,2023-03-24,2022-12-31,31.735088,11.343911,12.759671,28.213895,3.112077,1.490715
sz.000932,2023-04-29,2023-03-31,7.086617,12.699995,2.869692,31.362163,0.636059,0.320805
sz.000932,2023-08-24,2023-06-30,14.747163,12.205738,5.871824,30.654995,1.274894,0.636604
sz.000932,2023-10-31,2023-09-30,21.498750,12.558870,8.274772,32.629187,1.935728,0.961129
sz.000959,2018-04-13,2018-03-31,11.692253,7.697404,2.350444,38.290643,0.687654,0.108174
sz.000959,2018-08-17,2018-06-30,23.551153,7.642938,5.119143,35.162133,1.399746,0.232181
sz.000959,2018-10-18,2018-09-30,40.529533,6.661809,7.762261,34.783681,2.178703,0.358012
sz.000959,2019-04-26,2018-12-31,7.732722,46.555406,11.223746,32.074852,3.092790,0.488565
sz.000959,2019-04-26,2019-03-31,2.049156,43.920521,2.559690,35.160501,0.756578,0.114625
sz.000959,2019-07-25,2019-06-30,3.390127,53.095349,5.139796,35.020846,1.444843,0.238507
sz.000959,2019-10-29,2019-09-30,6.107577,44.207385,7.524422,35.883156,2.186128,0.363459
sz.000959,2020-04-24,2019-12-31,9.317423,38.637295,10.542467,34.147604,3.072112,0.500232
sz.000959,2020-04-24,2020-03-31,2.807900,32.052427,2.312301,38.922271,0.716487,0.121017
sz.000959,2020-08-29,2020-06-30,5.233154,34.396082,3.761758,47.849963,1.243923,0.234953
sz.000959,2020-10-22,2020-09-30,7.954994,33.940943,5.981549,45.138812,1.876882,0.375825
sz.000959,2021-04-29,2020-12-31,11.723371,30.707892,8.499991,42.352986,3.009187,0.559612
sz.000959,2021-04-29,2021-03-31,3.994771,22.529451,2.372046,37.941923,0.915431,0.201058
sz.000959,2021-08-20,2021-06-30,7.899890,22.785129,4.927056,36.532974,1.792308,0.426747
sz.000959,2021-10-30,2021-09-30,11.639680,23.196514,7.787150,34.672506,2.630040,0.661017
sz.000959,2022-04-29,2021-12-31,16.699385,21.557681,10.540122,34.155201,4.010259,0.919371
sz.000959,2022-04-29,2022-03-31,3.655387,24.621196,2.417169,37.233635,0.837639,0.215793
sz.000959,2022-08-24,2022-06-30,7.456485,24.140061,4.671327,38.532950,1.681930,0.433414
sz.000959,2022-10-28,2022-09-30,10.078807,26.788885,7.241411,37.285552,2.411531,0.624497
sz.000959,2023-04-21,2022-12-31,14.191185,25.367860,9.309600,38.669760,3.303727,0.813693
sz.000959,2023-04-21,2023-03-31,3.365085,26.745239,2.267277,39.694791,0.819854,0.201075
sz.000959,2023-08-12,2023-06-30,7.706381,23.357266,4.493653,40.056079,1.635063,0.402908
sz.000959,2023-10-27,2023-09-30,11.496676,23.485049,6.412273,42.106576,2.402695,0.597674
sz.002075,2018-04-24,2018-03-31,65.700596,1.369851,1.535314,58.619930,0.622768,0.348168
sz.002075,2018-08-08,2018-06-30,129.833283,1.386393,3.547427,50.740998,1.277903,0.725501
sz.002075,2018-10-18,2018-09-30,228.555415,1.181333,5.218070,51.743272,1.932180,1.099423
sz.002075,2019-03-05,2018-12-31,16.037699,22.447110,6.831618,52.696152,2.358844,1.389470
sz.002075,2019-04-24,2019-03-31,3.460510,26.007728,1.669450,53.909970,0.427131,0.258057
sz.002075,2019-08-16,2019-06-30,7.121247,25.276470,3.069742,58.636853,0.903706,0.543540
sz.002075,2019-10-24,2019-09-30,11.486941,23.504952,5.552047,48.630715,1.431595,0.870346
sz.002075,2020-03-31,2019-12-31,33.698969,10.682820,7.261843,49.574194,1.940900,1.169947
sz.002075,2020-04-25,2020-03-31,78.598701,1.145057,1.439357,62.527926,0.399910,0.234798
sz.002075,2020-08-22,2020-06-30,120.876945,1.489118,3.441204,52.307277,0.946102,0.549197
sz.002075,2020-10-26,2020-09-30,203.897634,1.324194,5.849692,46.156274,1.498671,0.874598
sz.002075,2021-03-25,2020-12-31,311.446502,1.155897,7.532604,47.792239,1.945145,1.168091
sz.002075,2021-04-27,2021-03-31,128.501563,0.700381,1.835304,49.038186,0.492665,0.303682
sz.002075,2021-08-10,2021-06-30,288.672534,0.623544,3.833176,46.958452,1.110653,0.682616
sz.002075,2021-10-23,2021-09-30,660.832532,0.408576,5.873766,45.967100,1.611313,0.990616
sz.002075,2022-04-09,2021-12-31,784.701545,0.458773,7.919013,45.460211,2.254890,1.293547
sz.002075,2022-04-27,2022-03-31,70.847101,1.270341,1.950711,46.137012,0.547277,0.297393
sz.002075,2022-08-20,2022-06-30,1374.515458,0.130955,3.906868,46.072710,1.139583,0.613897
sz.002075,2022-10-26,2022-09-30,488.551977,0.552654,6.023922,44.821297,1.604457,0.872482
sz.002075,2023-04-24,2022-12-31,729.517047,0.493477,7.880581,45.681801,2.074060,1.126895
sz.002075,2023-04-24,2023-03-31,105.467157,0.853346,1.830744,49.161523,0.430049,0.231620
sz.002075,2023-08-24,2023-06-30,224.833401,0.800593,3.741513,48.109047,0.823114,0.443394
sz.002075,2023-10-28,2023-09-30,318.449111,0.847859,5.418353,49.830208,1.123972,0.623360
sz.002110,2018-04-28,2018-03-31,647.255501,0.139049,2.882853,31.219072,0.674718,0.366901
sz.002110,2018-08-30,2018-06-30,310.949173,0.578873,6.848048,26.284861,1.708258,0.893712
sz.002110,2018-10-26,2018-09-30,1978.025042,0.136500,9.577995,28.189616,2.318877,1.269964
sz.002110,2019-03-30,2018-12-31,11.413721,31.540986,12.981744,27.731251,2.944462,1.648803
sz.002110,2019-04-27,2019-03-31,2.387431,37.697422,2.575555,34.943922,0.524794,0.295999
sz.002110,2019-08-28,2019-06-30,5.000853,35.993860,5.411212,33.264268,1.256836,0.689610
sz.002110,2019-10-23,2019-09-30,8.394421,32.164220,9.424744,28.647992,2.049764,1.137149
sz.002110,2020-04-16,2019-12-31,24.283958,14.824601,12.963353,27.770593,2.778277,1.569711
sz.002110,2020-04-25,2020-03-31,40.110534,2.243800,2.830489,31.796631,0.641145,0.350812
sz.002110,2020-08-28,2020-06-30,146.164263,1.231491,5.960256,30.200044,1.287573,0.655054
sz.002110,2020-10-24,2020-09-30,166.859783,1.618125,8.095450,33.352067,2.019920,1.000290
sz.002110,2021-04-23,2020-12-31,657.854849,0.547233,11.786064,30.544549,2.698725,1.331253
sz.002110,2021-04-29,2021-03-31,1428.779858,0.062991,3.187025,28.239500,0.730012,0.331815
sz.002110,2021-08-18,2021-06-30,2280.887047,0.078917,5.767030,31.211908,1.432301,0.679702
sz.002110,2021-10-28,2021-09-30,2305.248469,0.117124,9.698032,27.840699,2.207809,1.049065
sz.002110,2022-04-27,2021-12-31,14651.781241,0.024570,15.815824,22.762014,3.121732,1.405834
sz.002110,2022-04-28,2022-03-31,1075.695395,0.083667,3.373255,26.680458,0.636481,0.279909
sz.002110,2022-08-19,2022-06-30,2360.662821,0.076250,6.302459,28.560282,1.246714,0.558561
sz.002110,2022-10-28,2022-09-30,2693.038765,0.100258,11.471007,23.537603,1.856459,0.825401
sz.002110,2023-04-28,2022-12-31,2275.917683,0.158178,15.959205,22.557522,2.609242,1.119346
sz.002110,2023-04-28,2023-03-31,326.225074,0.275883,3.611342,24.921773,0.595063,0.251214
sz.002110,2023-08-25,2023-06-30,689.547783,0.261041,7.590091,23.715103,1.140365,0.479328
sz.002110,2023-10-27,2023-09-30,453.745450,0.595047,11.219567,24.065029,1.742330,0.713556
sz.002318,2018-04-24,2018-03-31,1.534835,58.638236,0.619154,145.359653,0.290873,0.179594
sz.002318,2018-08-14,2018-06-30,3.369680,53.417542,1.390315,129.467091,0.637434,0.393765
sz.002318,2018-10-23,2018-09-30,5.208223,51.841096,2.146361,125.794292,0.981204,0.605079
sz.002318,2019-03-19,2018-12-31,4.648505,77.444261,2.824781,127.443505,1.289400,0.801938
sz.002318,2019-04-29,2019-03-31,1.174537,76.625913,0.714907,125.890524,0.312158,0.195925
sz.002318,2019-08-27,2019-06-30,2.310693,77.898696,1.355152,132.826393,0.647294,0.396354
sz.002318,2019-10-30,2019-09-30,3.350717,80.579765,2.080092,129.801976,0.988671,0.609244
sz.002318,2020-03-31,2019-12-31,4.720400,76.264719,2.899454,124.161317,1.347169,0.795092
sz.002318,2020-04-24,2020-03-31,0.922390,97.572578,0.504684,178.329281,0.246247,0.134466
sz.002318,2020-08-25,2020-06-30,2.601058,69.202605,1.289991,139.535907,0.633272,0.351311
sz.002318,2020-10-27,2020-09-30,4.077535,66.216473,2.043409,132.132137,1.017271,0.568227
sz.002318,2021-04-27,2020-12-31,6.623530,54.351679,2.779824,129.504610,1.382660,0.774370
sz.002318,2021-04-27,2021-03-31,1.917530,46.935381,0.691028,130.240678,0.344638,0.191251
sz.002318,2021-08-03,2021-06-30,4.200448,42.852573,1.611165,111.720410,0.793220,0.436412
sz.002318,2021-10-30,2021-09-30,5.906248,45.714304,2.355267,114.636691,1.169622,0.639402
sz.002318,2022-04-26,2021-12-31,7.183834,50.112518,3.119069,115.419044,1.490382,0.815626
sz.002318,2022-04-26,2022-03-31,1.176006,76.530221,0.640601,140.493173,0.310965,0.165611
sz.002318,2022-08-09,2022-06-30,2.613120,68.883176,1.432541,125.650833,0.695024,0.370125
sz.002318,2022-10-24,2022-09-30,4.190800,64.426842,2.155819,125.242413,1.040548,0.561237
sz.002318,2023-03-21,2022-12-31,5.687178,63.300284,2.799641,128.587935,1.360474,0.738704
sz.002318,2023-04-25,2023-03-31,1.337356,67.296961,0.615253,146.270112,0.304308,0.167955
sz.002318,2023-08-29,2023-06-30,2.665744,67.523355,1.323634,135.992747,0.643770,0.367580
sz.002318,2023-10-31,2023-09-30,4.178750,64.612623,2.074226,130.170668,0.985072,0.577066
sz.002443,2018-04-21,2018-03-31,1.755269,51.274183,0.829133,108.547063,0.371178,0.226461
sz.002443,2018-08-22,2018-06-30,4.142393,43.453143,2.053806,87.642153,0.942275,0.593215
sz.002443,2018-10-25,2018-09-30,6.046352,44.655026,3.326607,81.163774,1.455821,0.950814
sz.002443,2019-04-25,2018-12-31,7.771351,46.323990,5.197058,69.269964,2.139390,1.371177
sz.002443,2019-04-25,2019-03-31,1.574799,57.150160,1.022294,88.037319,0.426090,0.285941
sz.002443,2019-08-20,2019-06-30,3.344419,53.821004,2.299773,78.268595,0.948549,0.649430
sz.002443,2019-10-24,2019-09-30,5.231411,51.611311,3.498035,77.186193,1.448813,1.002882
sz.002443,2020-04-25,2019-12-31,7.746609,46.471946,4.826582,74.586949,1.937116,1.352340
sz.002443,2020-04-25,2020-03-31,1.260664,71.390973,0.652420,137.948053,0.271360,0.194652
sz.002443,2020-08-20,2020-06-30,3.362128,53.537514,1.919796,93.759965,0.770735,0.554384
sz.002443,2020-10-23,2020-09-30,5.130251,52.629007,2.967676,90.980277,1.280727,0.918438
sz.002443,2021-04-23,2020-12-31,7.287870,49.397148,5.047123,71.327758,1.835390,1.318330
sz.002443,2021-04-23,2021-03-31,1.720365,52.314493,1.094782,82.208146,0.417035,0.300086
sz.002443,2021-08-21,2021-06-30,3.887677,46.300148,2.597082,69.308560,0.998838,0.735393
sz.002443,2021-10-23,2021-09-30,6.082414,44.390269,3.913258,68.996219,1.552334,1.154036
sz.002443,2022-04-23,2021-12-31,8.784257,40.982407,6.244698,57.648902,2.278815,1.661203
sz.002443,2022-04-23,2022-03-31,1.551505,58.008208,1.015623,88.615574,0.411825,0.305541
sz.002443,2022-08-20,2022-06-30,3.196648,56.308991,2.151727,83.653747,0.871540,0.656712
sz.002443,2022-10-22,2022-09-30,5.122552,52.708107,3.266188,82.665166,1.347377,1.008053
sz.002443,2023-04-22,2022-12-31,6.660064,54.053534,4.495511,80.080080,1.765718,1.327565
sz.002443,2023-04-22,2023-03-31,1.266298,71.073322,0.849205,105.982101,0.344197,0.263234
sz.002443,2023-08-18,2023-06-30,2.845596,63.255636,2.004946,89.780039,0.819229,0.623883
sz.002443,2023-10-24,2023-09-30,4.291768,62.911132,3.080784,87.639574,1.218077,0.932428
sz.002478,2018-04-25,2018-03-31,1.964385,45.815873,1.231315,73.092577,0.362843,0.193282
sz.002478,2018-08-24,2018-06-30,4.051710,44.425692,2.694920,66.792344,0.757738,0.415629
sz.002478,2018-10-26,2018-09-30,5.616526,48.072422,4.076081,66.240092,1.156853,0.648956
sz.002478,2019-04-26,2018-12-31,5.751635,62.590901,5.248230,68.594555,1.623450,0.888472
sz.002478,2019-04-26,2019-03-31,1.178759,76.351456,1.170863,76.866356,0.368275,0.203305
sz.002478,2019-08-29,2019-06-30,2.362011,76.206251,2.383036,75.533885,0.750371,0.415394
sz.002478,2019-10-23,2019-09-30,3.613390,74.722078,3.315098,81.445549,1.118594,0.617973
sz.002478,2020-04-29,2019-12-31,5.302021,67.898639,4.229761,85.111182,1.477825,0.796752
sz.002478,2020-04-29,2020-03-31,0.994070,90.536868,0.709317,126.882641,0.255904,0.133094
sz.002478,2020-08-27,2020-06-30,2.193883,82.046305,1.545627,116.457597,0.540299,0.280507
sz.002478,2020-10-28,2020-09-30,3.389167,79.665605,2.558123,105.546128,0.840752,0.430317
sz.002478,2021-03-09,2020-12-31,5.050154,71.284952,3.526652,102.079827,1.126234,0.574119
sz.002478,2021-04-28,2021-03-31,1.294015,69.550960,0.859627,104.696542,0.256547,0.127277
sz.002478,2021-08-20,2021-06-30,2.750147,65.451056,1.731935,103.929994,0.511439,0.288967
sz.002478,2021-10-28,2021-09-30,4.131266,65.355263,2.638493,102.331148,0.781781,0.436874
sz.002478,2022-03-18,2021-12-31,4.811328,74.823421,3.399869,105.886429,1.080186,0.609942
sz.002478,2022-04-22,2022-03-31,1.047235,85.940565,0.652265,137.980680,0.240241,0.153796
sz.002478,2022-08-18,2022-06-30,2.162833,83.224174,1.622584,110.934172,0.582153,0.380404
sz.002478,2022-10-21,2022-09-30,3.602317,74.951768,2.677687,100.833289,0.918113,0.608981
sz.002478,2023-03-22,2022-12-31,5.595549,64.336852,3.710956,97.010048,1.331827,0.870031
sz.002478,2023-04-25,2023-03-31,1.528568,58.878636,1.042820,86.306099,0.355061,0.241084
sz.002478,2023-08-25,2023-06-30,3.212306,56.034514,1.920921,93.706075,0.665983,0.455168
sz.002478,2023-10-26,2023-09-30,4.170732,64.736836,2.875562,93.893448,0.994014,0.674748
sz.002756,2018-04-25,2018-03-31,12.660378,7.108792,2.446051,36.793999,0.465598,0.281120
sz.002756,2018-08-21,2018-06-30,27.402659,6.568706,5.630371,31.969473,1.008887,0.595681
sz.002756,2018-10-24,2018-09-30,37.543792,7.191602,8.488217,31.808799,1.553568,0.900612
sz.002756,2019-04-16,2018-12-31,4.415918,81.523251,10.998493,32.731758,2.041128,1.154423
sz.002756,2019-04-16,2019-03-31,1.110275,81.060994,2.334821,38.546847,0.509323,0.271472
sz.002756,2019-08-27,2019-06-30,2.295505,78.414111,6.069341,29.657255,1.103751,0.579852
sz.002756,2019-10-30,2019-09-30,3.604982,74.896352,8.180692,33.004542,1.575412,0.831788
sz.002756,2020-03-20,2019-12-31,7.613998,47.281339,10.247015,35.132182,2.183189,1.104964
sz.002756,2020-04-25,2020-03-31,5.390662,16.695539,1.700275,52.932627,0.411646,0.200009
sz.002756,2020-08-25,2020-06-30,12.932567,13.918350,4.060714,44.327175,0.940134,0.472281
sz.002756,2020-10-31,2020-09-30,20.831034,12.961430,6.874143,39.277624,1.434414,0.743267
sz.002756,2021-04-27,2020-12-31,34.898418,10.315654,8.675208,41.497563,1.934291,1.004309
sz.002756,2021-04-27,2021-03-31,8.740363,10.297056,1.902706,47.301052,0.437495,0.247527
sz.002756,2021-08-03,2021-06-30,19.986079,9.006269,4.207022,42.785612,1.001523,0.556537
sz.002756,2021-10-28,2021-09-30,30.840932,8.754599,7.072425,38.176438,1.554346,0.870317
sz.002756,2022-04-26,2021-12-31,42.107480,8.549550,9.292376,38.741436,2.224486,1.227409
sz.002756,2022-04-26,2022-03-31,11.318036,7.951910,1.910583,47.106036,0.671029,0.381527
sz.002756,2022-08-09,2022-06-30,29.113377,6.182725,4.936955,36.459719,1.407274,0.849663
sz.002756,2022-10-28,2022-09-30,43.116210,6.262146,7.817729,34.536884,1.672809,1.127826
sz.002756,2023-03-21,2022-12-31,80.724008,4.459640,8.658179,41.579183,2.042965,1.429721
sz.002756,2023-04-25,2023-03-31,19.895623,4.523608,2.279560,39.480611,0.274202,0.210857
sz.002756,2023-08-29,2023-06-30,44.044138,4.086809,4.640358,38.789760,0.588164,0.444497
sz.002756,2023-10-31,2023-09-30,59.005516,4.575843,5.801240,46.542095,0.824157,0.629020
sz.300881,2019-12-06,2019-06-30,1.131836,159.033677,2.004588,89.794023,0.612910,0.530931
sz.300881,2020-10-24,2019-09-30,,,,,0.956047,
sz.300881,2020-06-30,2019-12-31,2.501380,143.920534,4.519856,79.648552,1.213716,1.044994
sz.300881,2021-04-27,2020-03-31,,,,,0.227940,0.193639
sz.300881,2020-08-14,2020-06-30,1.091023,164.982742,2.217527,81.171498,0.520812,0.444959
sz.300881,2020-10-24,2020-09-30,1.757675,153.611993,3.345975,80.693959,0.668495,0.586965
sz.300881,2021-04-27,2020-12-31,2.657133,135.484367,4.836320,74.436763,0.966820,0.843627
sz.300881,2021-04-27,2021-03-31,0.653264,137.769676,0.927379,97.047745,0.195651,0.172275
sz.300881,2021-08-28,2021-06-30,1.642841,109.566321,2.077282,86.651691,0.463265,0.406054
sz.300881,2021-10-29,2021-09-30,2.330499,115.854997,3.628737,74.406049,0.759409,0.661506
sz.300881,2022-04-15,2021-12-31,2.470153,145.739969,5.391708,66.769197,0.978633,0.845531
sz.300881,2022-04-26,2022-03-31,0.455916,197.404689,1.002988,89.731889,0.204554,0.172974
sz.300881,2022-08-02,2022-06-30,1.017306,176.937992,2.071521,86.892691,0.448311,0.376607
sz.300881,2022-10-17,2022-09-30,1.647962,163.838696,3.116495,86.635776,0.694680,0.579743
sz.300881,2023-04-18,2022-12-31,2.550658,141.140046,4.286032,83.994400,0.947165,0.778791
sz.300881,2023-04-18,2023-03-31,0.821722,109.526148,0.866515,103.866128,0.238925,0.189687
sz.300881,2023-08-11,2023-06-30,1.766388,101.902850,1.810685,99.409068,0.532738,0.426459
sz.300881,2023-10-25,2023-09-30,2.269361,118.976227,3.341208,80.809290,0.879494,0.681285
