code,pubDate,statDate,roeAvg,npMargin,gpMargin,netProfit,epsTTM,MBRevenue,totalShare,liqaShare
sh.600010,2018-04-27,2018-03-31,0.012827,0.048944,0.183208,635619393.970000,0.054853,,45585032648.00,22038833821.00
sh.600010,2018-08-29,2018-06-30,0.028350,0.044765,0.152860,1418208652.620000,0.063394,,45585032648.00,31677211587.00
sh.600010,2018-10-31,2018-09-30,0.045538,0.047866,0.161288,2310342332.810000,0.064903,,45585032648.00,31677211587.00
sh.600010,2019-04-19,2018-12-31,0.065297,0.049556,0.157213,3329556651.320000,0.072913,67187560567.920000,45585032648.00,31677211587.00
sh.600010,2019-04-30,2019-03-31,0.009240,0.036210,0.165453,486747943.910000,0.069630,,45585032648.00,31677211587.00
sh.600010,2019-08-28,2019-06-30,0.019619,0.034412,0.155260,1042982565.570000,0.064691,,45585032648.00,31677211587.00
sh.600010,2019-10-30,2019-09-30,0.022379,0.025450,0.139844,1193185753.910000,0.048452,,45585032648.00,31677211587.00
sh.600010,2020-04-30,2019-12-31,0.012701,0.014103,0.128612,894067783.850000,0.014652,63397466567.380000,45585032648.00,31677211587.00
sh.600010,2020-04-30,2020-03-31,-0.006166,-0.020078,0.115887,-265263275.020000,-0.003143,,45585032648.00,31677211587.00
sh.600010,2020-08-31,2020-06-30,0.001595,0.006951,0.129404,194306601.080000,-0.006349,,45585032648.00,31677211587.00
sh.600010,2020-10-30,2020-09-30,0.003167,0.008303,0.128540,360253869.980000,-0.007760,,45585032648.00,31677211587.00
sh.600010,2021-04-30,2020-12-31,0.007696,0.011164,0.096658,661660233.360000,0.008906,59266130291.070000,45585032648.00,31677211587.00
sh.600010,2021-04-30,2021-03-31,0.013797,0.049508,0.137674,866527653.570000,0.032121,,45585032648.00,31677211587.00
sh.600010,2021-08-27,2021-06-30,0.050953,0.079477,0.167286,3134351619.030000,0.067703,,45585032648.00,31677211587.00
sh.600010,2021-10-30,2021-09-30,0.068992,0.066611,0.146194,4262871780.990000,0.088114,,45585032648.00,31677211587.00
sh.600010,2022-04-15,2021-12-31,0.053053,0.036754,0.111824,3167565113.970000,0.062881,86183145818.410000,45585032648.00,31677211587.00
sh.600010,2022-04-28,2022-03-31,0.005969,0.011947,0.076529,241061032.000000,0.054034,,45585032648.00,31677211587.00
sh.600010,2022-08-26,2022-06-30,0.007606,0.005343,0.084383,219409917.380000,0.011436,3147000000.000000,45585032648.00,31677211587.00
sh.600010,2022-10-28,2022-09-30,-0.013689,-0.020408,0.059059,-1187869584.540000,-0.036360,,45585032648.00,31677211587.00
sh.600010,2023-04-22,2022-12-31,-0.013556,-0.020021,0.077327,-1444940538.040000,-0.016013,72171753910.700000,45585032648.00,31677211587.00
sh.600010,2023-04-28,2023-03-31,0.005527,0.003477,0.103558,59629435.260000,-0.016895,,45585032648.00,31677211587.00
sh.600010,2023-08-25,2023-06-30,0.007841,0.001863,0.107653,66306889.100000,-0.016289,,45404942248.00,31497121187.00
sh.600010,2023-10-27,2023-09-30,0.009010,0.000766,0.102005,41068533.120000,0.010814,,45404942248.00,31497121187.00
sh.600019,2018-04-28,2018-03-31,0.030086,0.082048,0.163478,5534415617.650000,0.916328,,22267915125.00,22089726225.00
sh.600019,2018-08-28,2018-06-30,0.060795,0.073391,0.149857,10901132343.000000,1.033324,148534090141.080000,22267915125.00,22101086925.00
sh.600019,2018-10-30,2018-09-30,0.093912,0.076256,0.155493,17181942991.180000,1.044077,,22267915125.00,22101086925.00
sh.600019,2019-04-25,2018-12-31,0.126410,0.076377,0.149926,23278140884.900000,0.968441,304779462646.470000,22267915125.00,22101086925.00
sh.600019,2019-04-25,2019-03-31,0.015322,0.045074,0.101682,2946859612.760000,0.865072,,22276134075.00,22101086925.00
sh.600019,2019-08-23,2019-06-30,0.035534,0.047539,0.110530,6697051648.290000,0.796502,140230088268.720000,22276134075.00,22101086925.00
sh.600019,2019-10-26,2019-09-30,0.050508,0.044351,0.107181,9618568334.320000,0.659594,,22274460375.00,22101086925.00
sh.600019,2020-04-29,2019-12-31,0.070026,0.046191,0.108791,13469014497.360000,0.557734,291593978707.950000,22274460375.00,22101086925.00
sh.600019,2020-04-29,2020-03-31,0.008596,0.029447,0.104481,1766026915.650000,0.504410,,22271288125.00,22155982625.00
sh.600019,2020-08-28,2020-06-30,0.022584,0.034620,0.096874,4492743472.460000,0.452881,130177000000.000000,22271288125.00,22155982625.00
sh.600019,2020-10-30,2020-09-30,0.043869,0.043662,0.108101,8733347054.870000,0.505723,,22271288125.00,22155982625.00
sh.600019,2021-04-27,2020-12-31,0.069955,0.049301,0.108350,13985383322.760000,0.569245,284465000000.000000,22269447650.00,22155982625.00
sh.600019,2021-04-27,2021-03-31,0.028654,0.072322,0.145231,6046599199.950000,0.740711,,22269362650.00,22212353437.00
sh.600019,2021-08-28,2021-06-30,0.080361,0.090498,0.159423,16764965709.950000,1.066656,185747000000.000000,22268589450.00,22212353437.00
sh.600019,2021-10-30,2021-09-30,0.115453,0.086611,0.155142,24097141413.290000,1.185642,,22268589450.00,22212353437.00
sh.600019,2022-04-29,2021-12-31,0.125935,0.072609,0.132568,26455020746.380000,1.061234,365495000000.000000,22268411550.00,22212353437.00
sh.600019,2022-04-29,2022-03-31,0.019353,0.050737,0.095823,4362334808.150000,0.988002,,22268411550.00,22212353437.00
sh.600019,2022-08-31,2022-06-30,0.040529,0.049175,0.100141,9031134899.400000,0.733543,184311000000.000000,22268411550.00,21838082437.00
sh.600019,2022-10-26,2022-09-30,0.048952,0.039487,0.088968,10987306606.370000,0.516676,,22268411550.00,21890910819.00
sh.600019,2023-04-28,2022-12-31,0.063217,0.038145,0.058420,14028915936.760000,0.547276,369163000000.000000,22268189984.00,21890910819.00
sh.600019,2023-04-28,2023-03-31,0.009433,0.027752,0.052748,2181349061.490000,0.462656,,22262200234.00,21893918984.00
sh.600019,2023-08-31,2023-06-30,0.023236,0.030791,0.050960,5230056402.740000,0.401931,170215000000.000000,22262200234.00,21857918984.00
sh.600019,2023-10-25,2023-09-30,0.042478,0.037914,0.061634,9668798137.290000,0.497413,,22262200234.00,21857918984.00
sh.600022,2018-04-27,2018-03-31,0.033783,0.053291,0.091064,629045516.710000,0.191233,,10946549616.00,10688613107.00
sh.600022,2018-08-17,2018-06-30,0.088662,0.069513,0.109490,1729308505.840000,0.274685,24877544358.000000,10946549616.00,10688613107.00
sh.600022,2018-10-30,2018-09-30,0.125345,0.064116,0.119717,2599750796.990000,0.298709,,10946549616.00,10946549616.00
sh.600022,2019-03-29,2018-12-31,0.110149,0.041830,0.105066,2338673024.790000,0.192446,47492760523.490000,10946549616.00,10946549616.00
sh.600022,2019-04-26,2019-03-31,0.007444,0.011609,0.055134,160708752.610000,0.149443,,10946549616.00,10946549616.00
sh.600022,2019-08-23,2019-06-30,0.028221,0.022800,0.078585,737677135.670000,0.091914,,10946549616.00,10946549616.00
sh.600022,2019-10-30,2019-09-30,0.023975,0.014014,0.067590,742473607.470000,0.016268,,10946549616.00,10946549616.00
sh.600022,2020-03-20,2019-12-31,0.028306,0.012740,0.065973,905674128.250000,0.052899,60901560886.870000,10946549616.00,10946549616.00
sh.600022,2020-04-29,2020-03-31,0.001402,0.008088,0.055580,156840369.630000,0.041776,,10946549616.00,10946549616.00
sh.600022,2020-08-28,2020-06-30,0.016632,0.016174,0.059599,649371150.990000,0.031698,,10946549616.00,10946549616.00
sh.600022,2020-10-30,2020-09-30,0.028145,0.018065,0.064396,1154732813.240000,0.061888,,10946549616.00,10946549616.00
sh.600022,2021-03-31,2020-12-31,0.034510,0.018091,0.064492,1579634389.370000,0.066017,75983415343.590000,10946549616.00,10946549616.00
sh.600022,2021-04-29,2021-03-31,0.028760,0.036367,0.089699,970138971.290000,0.119717,,10946549616.00,10946549616.00
sh.600022,2021-08-27,2021-06-30,0.095671,0.054491,0.107698,3205907057.750000,0.226535,42790435370.260000,10946549616.00,10946549616.00
sh.600022,2021-10-29,2021-09-30,0.127686,0.050409,0.105035,4400250013.730000,0.273045,,10946549616.00,10946549616.00
sh.600022,2022-03-23,2021-12-31,0.057045,0.026717,0.085076,2961633445.200000,0.112198,97114665842.240000,10946549616.00,10946549616.00
sh.600022,2022-04-29,2022-03-31,0.026553,0.036957,0.079276,891062826.140000,0.109763,,10946549616.00,10946549616.00
sh.600022,2022-08-31,2022-06-30,0.049572,0.033288,0.075015,1782588021.910000,0.020462,53550286221.830000,10946549616.00,10946549616.00
sh.600022,2022-10-29,2022-09-30,0.012304,0.012602,0.060021,965282458.810000,-0.124098,,10946549616.00,10946549616.00
sh.600022,2023-03-31,2022-12-31,0.025369,0.013857,0.055585,1417464795.090000,0.051889,102289420048.800000,10698849554.00,10698849554.00
sh.600022,2023-04-28,2023-03-31,-0.014261,-0.011645,0.029416,-288215465.610000,-0.032183,,10698849554.00,10698849554.00
sh.600022,2023-08-31,2023-06-30,-0.011578,-0.001277,0.036503,-59979662.060000,-0.074104,39543946871.810000,10698849554.00,10698849554.00
sh.600022,2023-10-28,2023-09-30,-0.015761,-0.000700,0.040276,-47858357.990000,-0.011844,,10698849554.00,10698849554.00
sh.600117,2018-04-28,2018-03-31,0.003581,0.008096,0.165366,13407284.950000,0.057631,,1045118252.00,741219252.00
sh.600117,2018-08-30,2018-06-30,0.004002,0.002453,0.147661,8303104.560000,0.058872,3347420958.950000,1045118252.00,741219252.00
sh.600117,2018-10-31,2018-09-30,-0.202338,-0.113903,0.072241,-578281785.150000,-0.339778,,1045118252.00,741219252.00
sh.600117,2019-04-29,2018-12-31,-0.968838,-0.300318,0.002119,-2038114789.960000,-1.957816,6682724513.800000,1045118252.00,741219252.00
sh.600117,2019-04-30,2019-03-31,0.014650,0.005869,0.120916,11071102.640000,-1.953171,,1045118252.00,741219252.00
sh.600117,2019-08-21,2019-06-30,0.051905,0.009291,0.134116,40763250.810000,-1.913902,4256785027.710000,1045118252.00,741219252.00
sh.600117,2019-10-29,2019-09-30,0.075955,0.008212,0.125368,54078534.330000,-1.323722,,1045118252.00,741219252.00
sh.600117,2020-04-29,2019-12-31,0.077848,0.014489,0.143515,142663549.460000,0.091554,9487621064.580000,1045118252.00,1045118252.00
sh.600117,2020-04-30,2020-03-31,-0.074032,-0.050240,0.103597,-85190497.040000,-0.017576,,1045118252.00,1045118252.00
sh.600117,2020-08-18,2020-06-30,0.017091,0.011818,0.109487,49959642.190000,0.058221,4227308846.000000,1045118252.00,1045118252.00
sh.600117,2020-10-27,2020-09-30,0.006929,0.010171,0.128294,70088604.730000,0.017812,,1045118252.00,1045118252.00
sh.600117,2021-04-28,2020-12-31,0.041970,0.010746,0.128185,108274601.770000,0.056584,9502766358.610000,1045118252.00,1045118252.00
sh.600117,2021-04-30,2021-03-31,-0.048182,0.000045,0.112887,112434.330000,0.085025,,1045118252.00,1045118252.00
sh.600117,2021-08-20,2021-06-30,-0.068868,0.003619,0.112745,21180442.870000,-0.058514,5852287619.380000,1045118252.00,1045118252.00
sh.600117,2021-10-29,2021-09-30,-0.162236,-0.013407,0.096094,-122517764.370000,-0.160853,,1045118252.00,1045118252.00
sh.600117,2022-04-30,2021-12-31,-1.328309,-0.218077,0.083921,-2666884398.960000,-1.099021,11655140322.750000,1045118252.00,1045118252.00
sh.600117,2022-04-30,2022-03-31,-1.079198,-0.094388,0.035823,-285103408.870000,-1.223462,,1045118252.00,1045118252.00
sh.600117,2022-08-31,2022-06-30,-5.345925,-0.113190,0.027325,-627861585.880000,-1.403848,5267238214.170000,1045118252.00,1045118252.00
sh.600117,2022-10-29,2022-09-30,,-0.148452,0.006178,-1066084774.290000,-1.575413,,1045118252.00,1045118252.00
sh.600117,2023-04-29,2022-12-31,,-0.209574,-0.009035,-1625717745.210000,-1.101002,7362436763.480000,1045118252.00,1045118252.00
sh.600117,2023-04-29,2023-03-31,,-0.284267,-0.022677,-374765620.980000,-1.147535,,1045118252.00,1045118252.00
sh.600117,2023-08-31,2023-06-30,,-0.474575,-0.036762,-1233815151.940000,-1.715709,2457862289.000000,1045118252.00,1045118252.00
sh.600117,2023-10-28,2023-09-30,,-0.430904,-0.049485,-1423522185.430000,-1.532698,,1045118252.00,1045118252.00
sh.600126,2018-04-28,2018-03-31,0.029931,0.077270,0.130473,505469582.970000,0.805307,,2597837756.00,926985981.00
sh.600126,2018-08-25,2018-06-30,0.067424,0.088319,0.141771,1163720440.810000,0.999094,12882458155.770000,2597837756.00,926985981.00
sh.600126,2018-10-30,2018-09-30,0.092478,0.082025,0.135187,1619661562.850000,0.655007,,3377189083.00,1205081775.00
sh.600126,2019-04-12,2018-12-31,0.110578,0.073996,0.126725,1957170995.800000,0.573750,25875255496.370000,3377189083.00,1205081775.00
sh.600126,2019-04-23,2019-03-31,0.023353,0.068017,0.097930,443519041.570000,0.554449,,3377189083.00,2767814088.00
sh.600126,2019-08-17,2019-06-30,0.037731,0.058282,0.092688,727499740.420000,0.442662,12287749317.300000,3377189083.00,3377189083.00
sh.600126,2019-10-30,2019-09-30,0.043369,0.043235,0.074143,842941589.190000,0.341616,,3377189083.00,3377189083.00
sh.600126,2020-04-08,2019-12-31,0.049011,0.034884,0.062959,932881234.050000,0.271778,26370673718.160000,3377189083.00,3377189083.00
sh.600126,2020-04-25,2020-03-31,0.007483,0.023745,0.037739,140332960.820000,0.184855,,3377189083.00,3377189083.00
sh.600126,2020-08-15,2020-06-30,0.020481,0.030571,0.046527,405053651.860000,0.177940,13026859870.690000,3377189083.00,3377189083.00
sh.600126,2020-10-24,2020-09-30,0.039186,0.034117,0.062122,773424390.450000,0.253162,,3377189083.00,3377189083.00
sh.600126,2021-04-10,2020-12-31,0.058635,0.035408,0.060778,1148104789.290000,0.335554,31926468859.460000,3377189083.00,3377189083.00
sh.600126,2021-04-24,2021-03-31,0.018019,0.034410,0.061014,360869145.700000,0.399542,,3377189083.00,3377189083.00
sh.600126,2021-08-21,2021-06-30,0.049793,0.038752,0.065969,986634640.560000,0.514804,25192232272.270000,3377189083.00,3377189083.00
sh.600126,2021-10-23,2021-09-30,0.080528,0.041700,0.069360,1620636099.240000,0.595650,,3377189083.00,3377189083.00
sh.600126,2022-04-09,2021-12-31,0.081547,0.032817,0.054746,1639603991.800000,0.485806,49213966184.870000,3377189083.00,3377189083.00
sh.600126,2022-04-23,2022-03-31,0.018841,0.033093,0.054060,390945446.610000,0.496529,,3377189083.00,3377189083.00
sh.600126,2022-08-20,2022-06-30,0.025356,0.020059,0.044727,517180509.020000,0.346648,25544443162.930000,3377189083.00,3377189083.00
sh.600126,2022-10-29,2022-09-30,0.024352,0.013664,0.036148,496461280.830000,0.153275,,3377189083.00,3377189083.00
sh.600126,2023-04-15,2022-12-31,0.023562,0.011081,0.027368,480099038.470000,0.142084,42820391713.380000,3377189083.00,3377189083.00
sh.600126,2023-04-29,2023-03-31,0.001577,0.002586,0.016908,32288394.580000,0.035790,,3377189083.00,3377189083.00
sh.600126,2023-08-26,2023-06-30,0.002744,0.002146,0.015876,55209349.340000,0.005386,25564401045.160000,3377189083.00,3377189083.00
sh.600126,2023-10-28,2023-09-30,0.004248,0.002189,0.016955,86387187.890000,0.020497,,3377189083.00,3377189083.00
sh.600231,2018-04-21,2018-03-31,0.039129,0.057391,0.118397,254917623.070000,0.514105,,2519166130.00,1608004400.00
sh.600231,2018-08-11,2018-06-30,0.111897,0.074251,0.144709,748809106.230000,0.559532,9507256785.360000,2771082743.00,1768804840.00
sh.600231,2018-10-10,2018-09-30,0.183574,0.080798,0.152808,1276945758.560000,0.536877,,2771082743.00,1768804840.00
sh.600231,2019-03-02,2018-12-31,0.173124,0.057631,0.126996,1197362869.000000,0.432092,19599953119.080000,2771082743.00,2771082743.00
sh.600231,2019-04-30,2019-03-31,0.009175,0.013311,0.062218,68617490.280000,0.364862,,2771082743.00,2771082743.00
sh.600231,2019-08-24,2019-06-30,0.050211,0.035743,0.088006,380101271.330000,0.299037,10149324251.750000,2771082743.00,2771082743.00
sh.600231,2019-10-31,2019-09-30,0.055594,0.026184,0.074899,421889388.040000,0.123528,,2771082743.00,2771082743.00
sh.600231,2020-04-30,2019-12-31,0.056294,0.020254,0.070098,427699016.890000,0.154344,20162148092.400000,2771082743.00,2771082743.00
sh.600231,2020-04-30,2020-03-31,0.000575,0.001040,0.031670,4459191.160000,0.131191,,2771082743.00,2771082743.00
sh.600231,2020-08-19,2020-06-30,0.019473,0.016433,0.050575,151974486.060000,0.072020,8798378849.690000,2771082743.00,2771082743.00
sh.600231,2020-10-31,2020-09-30,0.052988,0.028718,0.063539,420797644.560000,0.072020,,2771082743.00,2771082743.00
sh.600231,2021-04-30,2020-12-31,0.069645,0.027495,0.065182,558073236.150000,0.201389,19330159534.140000,2771114723.00,2771114723.00
sh.600231,2021-04-30,2021-03-31,0.028150,0.041184,0.076133,238209856.410000,0.280177,,2826158715.00,2826158715.00
sh.600231,2021-08-31,2021-06-30,0.087414,0.060764,0.106147,765975234.250000,0.410948,11913927309.420000,2852125238.00,2852125238.00
sh.600231,2021-10-30,2021-09-30,0.123668,0.054500,0.093580,1094320564.990000,0.431816,,2852129323.00,2852129323.00
sh.600231,2022-03-02,2021-12-31,0.104820,0.035125,0.073091,918653177.950000,0.322093,24773978863.780000,2852134897.00,2852134897.00
sh.600231,2022-04-29,2022-03-31,0.013579,0.021026,0.050555,126532977.310000,0.282938,,2852136010.00,2852136010.00
sh.600231,2022-08-31,2022-06-30,0.014264,0.010178,0.035301,131004877.000000,0.099463,12870939837.020000,2852154325.00,2852154325.00
sh.600231,2022-10-29,2022-09-30,-0.023198,-0.011972,0.005261,-209066818.130000,-0.134892,,2852154711.00,2852154711.00
sh.600231,2023-04-29,2022-12-31,-0.095838,-0.038670,-0.015597,-833663090.780000,-0.292292,20299324969.720000,2852155097.00,2852155097.00
sh.600231,2023-04-29,2023-03-31,0.005629,0.008314,0.034103,45988853.380000,-0.320532,,2852155097.00,2852155097.00
sh.600231,2023-08-31,2023-06-30,-0.012342,-0.009323,0.011659,-99651026.770000,-0.373163,10061203770.620000,2852158958.00,2852158958.00
sh.600231,2023-10-28,2023-09-30,-0.025072,-0.012961,0.007971,-201179672.400000,-0.289527,,2852159344.00,2852159344.00
sh.600282,2018-04-18,2018-03-31,0.083314,0.119734,0.198317,1241515566.830000,0.829975,,4408977457.00,3875752457.00
sh.600282,2018-08-18,2018-06-30,0.181424,0.127825,0.216792,2763874843.460000,0.970894,,4418791757.00,3885566757.00
sh.600282,2018-10-30,2018-09-30,0.260551,0.120870,0.211417,4066264305.700000,1.038973,,4418791757.00,4332471757.00
sh.600282,2019-03-23,2018-12-31,0.297407,0.108619,0.201118,4740890937.020000,0.906618,43526223249.700000,4422316657.00,4422316657.00
sh.600282,2019-04-30,2019-03-31,0.052746,0.082540,0.143221,975274153.060000,0.867678,,4424365457.00,4424365457.00
sh.600282,2019-08-27,2019-06-30,0.117274,0.089484,0.154986,2156133711.370000,0.804701,,4427137857.00,4427137857.00
sh.600282,2019-10-30,2019-09-30,0.148948,0.077288,0.138283,2838868075.760000,0.665267,,4428453457.00,4428453457.00
sh.600282,2020-03-25,2019-12-31,0.162100,0.070144,0.132781,3364855184.420000,0.588383,47826240432.030000,4429468457.00,4429468457.00
sh.600282,2020-04-30,2020-03-31,0.027155,0.051227,0.116249,590763686.160000,0.502972,,4435002357.00,4435002357.00
sh.600282,2020-08-26,2020-06-30,0.066842,0.060333,0.126042,1469602537.330000,0.423269,24358305380.830000,4443668369.00,4443668369.00
sh.600282,2020-10-30,2020-09-30,0.101373,0.061260,0.121507,2368252283.380000,0.364128,,6145269731.00,4447105958.00
sh.600282,2021-03-27,2020-12-31,0.140515,0.060003,0.109099,3187552783.000000,0.463036,52946754762.440000,6146206011.00,4448042238.00
sh.600282,2021-04-30,2021-03-31,0.040527,0.057748,0.106100,978353406.780000,0.546627,,6154677711.00,4456513938.00
sh.600282,2021-08-18,2021-06-30,0.093844,0.058672,0.120899,2264014399.490000,0.648158,38483642300.000000,6157600061.00,4459436288.00
sh.600282,2021-10-30,2021-09-30,0.140521,0.058846,0.118937,3481047641.080000,0.699498,,6158732721.00,4460568948.00
sh.600282,2022-03-23,2021-12-31,0.163257,0.054116,0.116832,4095184822.210000,0.664241,75526871762.700000,6158916011.00,4460752238.00
sh.600282,2022-04-29,2022-03-31,0.026712,0.041348,0.117282,704860143.500000,0.621119,,6162294011.00,4464130238.00
sh.600282,2022-08-24,2022-06-30,0.056999,0.045013,0.117607,1570364456.280000,0.539055,34887175943.830000,6162954511.00,4464790738.00
sh.600282,2022-10-29,2022-09-30,0.079289,0.041491,0.120300,2184255956.640000,0.409346,,6163612911.00,4465449138.00
sh.600282,2023-03-29,2022-12-31,0.082407,0.032880,0.107549,2323538242.460000,0.350506,70292176385.600000,6166701011.00,4468537238.00
sh.600282,2023-04-28,2023-03-31,0.014358,0.024101,0.094129,431339970.060000,0.290073,,6165091011.00,4466927238.00
sh.600282,2023-08-26,2023-06-30,0.038412,0.029779,0.105455,1099402261.710000,0.257171,36918189888.390000,6165091011.00,4466927238.00
sh.600282,2023-10-28,2023-09-30,0.063920,0.032293,0.106260,1820201025.280000,0.283811,,6165091011.00,6165091011.00
sh.600307,2018-04-27,2018-03-31,0.012701,0.012355,0.098788,121252017.190000,0.051170,,6263357424.00,6263357424.00
sh.600307,2018-08-17,2018-06-30,0.058909,0.025692,0.096252,591981320.770000,0.104616,,6263357424.00,6263357424.00
sh.600307,2018-10-30,2018-09-30,0.105744,0.029856,0.103908,1081154700.150000,0.132533,,6263357424.00,6263357424.00
sh.600307,2019-04-26,2018-12-31,0.108545,0.024189,0.110395,1098912934.490000,0.174454,43063768126.670000,6263357424.00,6263357424.00
sh.600307,2019-04-26,2019-03-31,0.002927,0.003185,0.096698,30755409.670000,0.159793,,6263357424.00,6263357424.00
sh.600307,2019-08-28,2019-06-30,0.070330,0.033837,0.120958,770389058.400000,0.203923,,6263357424.00,6263357424.00
sh.600307,2019-10-25,2019-09-30,0.112012,0.035209,0.116156,1263621592.670000,0.203082,,6263357424.00,6263357424.00
sh.600307,2020-04-30,2019-12-31,0.110750,0.026608,0.108365,1243569810.040000,0.197550,45030254587.760000,6263357424.00,6263357424.00
sh.600307,2020-04-30,2020-03-31,-0.023908,-0.047481,0.103670,-279134039.210000,0.148049,,6263357424.00,6263357424.00
sh.600307,2020-08-20,2020-06-30,-0.007036,-0.005257,0.103759,-83198660.590000,0.061471,,6263357424.00,6263357424.00
sh.600307,2020-10-30,2020-09-30,0.029870,0.013521,0.113212,359422643.080000,0.054708,,6263357424.00,6263357424.00
sh.600307,2021-04-30,2020-12-31,0.042923,0.014017,0.114741,518921363.690000,0.082668,35323524791.000000,6263357424.00,6263357424.00
sh.600307,2021-04-30,2021-03-31,0.037893,0.045376,0.168830,476098080.360000,0.203228,,6263357424.00,6263357424.00
sh.600307,2021-08-13,2021-06-30,0.146237,0.074029,0.162057,1946074052.880000,0.406590,,6263357424.00,6263357424.00
sh.600307,2021-10-28,2021-09-30,0.182744,0.061466,0.150400,2481864453.380000,0.421695,,6263357424.00,6263357424.00
sh.600307,2022-04-20,2021-12-31,0.113986,0.030569,0.131079,1487760573.940000,0.237515,47122358108.740000,6263357424.00,6263357424.00
sh.600307,2022-04-20,2022-03-31,0.000791,0.000989,0.082036,10910127.610000,0.163263,,6263357424.00,6263357424.00
sh.600307,2022-08-30,2022-06-30,-0.003094,-0.001627,0.067097,-42614790.540000,-0.079978,,6263357424.00,6263357424.00
sh.600307,2022-10-29,2022-09-30,-0.117304,-0.041835,0.034468,-1527551314.800000,-0.402604,,6263357424.00,6263357424.00
sh.600307,2023-04-29,2022-12-31,-0.198314,-0.055511,0.030442,-2476396213.370000,-0.395378,42844300255.550000,6263357424.00,6263357424.00
sh.600307,2023-04-29,2023-03-31,0.002741,0.002949,0.091025,30738650.900000,-0.392213,,6263357424.00,6263357424.00
sh.600307,2023-08-31,2023-06-30,-0.035906,-0.019174,0.069802,-395286974.680000,-0.451715,21797551200.000000,6263357424.00,6263357424.00
sh.600307,2023-10-28,2023-09-30,-0.032418,-0.011857,0.078141,-357085637.420000,-0.208581,,6263357424.00,6263357424.00
sh.600399,2018-06-26,2018-03-31,,-0.014087,0.089427,-21944521.390000,-1.069993,,1300000000.00,1129622800.00
sh.600399,2018-08-31,2018-06-30,,-0.023452,0.094230,-69541374.350000,-1.128242,,1300000000.00,1129622800.00
sh.600399,2018-10-22,2018-09-30,,-0.028989,0.089553,-126164506.180000,-1.177858,,1300000000.00,1129622800.00
sh.600399,2019-03-29,2018-12-31,1.713550,0.445867,0.145270,2607308283.680000,1.322097,5815681140.410000,1972100000.00,1972100000.00
sh.600399,2019-04-30,2019-03-31,0.012017,0.031894,0.087930,50413725.250000,1.358788,,1972100000.00,1972100000.00
sh.600399,2019-07-31,2019-06-30,0.029652,0.040718,0.109352,125505606.390000,1.421001,,1972100000.00,1972100000.00
sh.600399,2019-10-26,2019-09-30,0.040832,0.039725,0.113817,173918367.520000,1.474262,,1972100000.00,1972100000.00
sh.600399,2020-03-31,2019-12-31,0.069868,0.052608,0.165655,302025455.430000,0.153149,5686355463.000000,1972100000.00,1972100000.00
sh.600399,2020-04-30,2020-03-31,0.017761,0.055622,0.171799,80194700.650000,0.168250,,1972100000.00,1972100000.00
sh.600399,2020-08-20,2020-06-30,0.040142,0.058998,0.169929,183323021.330000,0.182467,,1972100000.00,1972100000.00
sh.600399,2020-10-31,2020-09-30,0.086476,0.085790,0.196150,404483228.620000,0.270063,,1972100000.00,1972100000.00
sh.600399,2021-03-31,2020-12-31,0.116055,0.087942,0.219869,551613937.200000,0.279709,6217184411.560000,1972100000.00,1972100000.00
sh.600399,2021-04-30,2021-03-31,0.033779,0.095839,0.167075,172839756.670000,0.326687,,1972100000.00,1972100000.00
sh.600399,2021-08-20,2021-06-30,0.082197,0.114411,0.205212,431198989.950000,0.405400,3739101067.770000,1972100000.00,1972100000.00
sh.600399,2021-10-30,2021-09-30,0.127517,0.123030,0.216413,685135278.180000,0.422020,,1972100000.00,1972100000.00
sh.600399,2022-03-31,2021-12-31,0.143883,0.105658,0.201000,783392201.120000,0.397238,7333988187.280000,1972100000.00,1972100000.00
sh.600399,2022-04-30,2022-03-31,0.014472,0.046876,0.158176,85411027.840000,0.352905,,1972100000.00,1972100000.00
sh.600399,2022-08-20,2022-06-30,0.030800,0.048037,0.148627,183279747.650000,0.271524,3815403084.210000,1972100000.00,1972100000.00
sh.600399,2022-10-29,2022-09-30,0.049767,0.052119,0.142782,299026991.190000,0.201452,,1972100000.00,1972100000.00
sh.600399,2023-04-20,2022-12-31,0.032990,0.025146,0.146848,196508323.710000,0.099644,7749117459.340000,1972100000.00,1972100000.00
sh.600399,2023-04-20,2023-03-31,0.009898,0.029983,0.110160,60222965.850000,0.086872,,1972100000.00,1972100000.00
sh.600399,2023-08-19,2023-06-30,0.025620,0.037229,0.118297,157127162.090000,0.086383,4220582677.330000,1972100000.00,1972100000.00
sh.600399,2023-10-31,2023-09-30,0.045572,0.044998,0.129200,282350495.120000,0.091188,,1972100000.00,1972100000.00
sh.600507,2018-04-21,2018-03-31,0.136345,0.145330,0.292191,561390829.220000,2.120600,,1326092985.00,1324497985.00
sh.600507,2018-08-18,2018-06-30,0.288481,0.159342,0.313634,1312697439.050000,2.166285,8238226492.870000,1449871485.00,1326092985.00
sh.600507,2018-10-25,2018-09-30,0.454334,0.181565,0.330133,2320753188.440000,2.286228,,1449871485.00,1326092985.00
sh.600507,2019-02-22,2018-12-31,0.517314,0.169617,0.328672,2931977756.550000,2.018819,17285850983.800000,1449871485.00,1326092985.00
sh.600507,2019-04-25,2019-03-31,0.083830,0.121834,0.260663,479559367.820000,1.958723,,1449871485.00,1326092985.00
sh.600507,2019-08-16,2019-06-30,0.171654,0.129824,0.263056,1071442279.140000,1.845943,8253025188.140000,1449871485.00,1386956166.00
sh.600507,2019-10-30,2019-09-30,0.202894,0.117224,0.244979,1300478904.430000,1.305153,,1447770416.00,1386956166.00
sh.600507,2020-02-28,2019-12-31,0.263486,0.111436,0.246819,1714895643.910000,1.181949,15388999128.450000,1447770416.00,1386956166.00
sh.600507,2020-04-25,2020-03-31,0.040361,0.084261,0.184856,268260597.730000,1.044509,,1447770416.00,1386956166.00
sh.600507,2020-08-28,2020-06-30,0.114819,0.112013,0.213017,824094242.620000,0.684814,7357162825.020000,2157177920.00,2155950223.00
sh.600507,2020-10-28,2020-09-30,0.199839,0.128163,0.221410,1519529605.300000,0.895662,,2155950223.00,2155950223.00
sh.600507,2021-03-17,2020-12-31,0.273729,0.130000,0.227100,2158195396.940000,0.992734,16535441281.970000,2155950223.00,2155950223.00
sh.600507,2021-04-17,2021-03-31,0.058993,0.137200,0.214121,554513579.580000,1.123270,,2155950223.00,2155950223.00
sh.600507,2021-08-28,2021-06-30,0.170803,0.151612,0.233043,1496034731.490000,1.296895,9867492127.120000,2155950223.00,2155950223.00
sh.600507,2021-10-30,2021-09-30,0.238470,0.136014,0.212618,2175072429.580000,1.291626,,2155950223.00,2155950223.00
sh.600507,2022-03-19,2021-12-31,0.294372,0.127287,0.199930,2759501000.670000,1.267177,21603165490.320000,2155950223.00,2155950223.00
sh.600507,2022-04-29,2022-03-31,0.055602,0.102479,0.154589,536188908.440000,1.261834,,2155950223.00,2155950223.00
sh.600507,2022-08-27,2022-06-30,0.107350,0.069039,0.111145,918664763.100000,0.935664,13306489985.170000,2331805223.00,2155950223.00
sh.600507,2022-10-29,2022-09-30,0.124560,0.059073,0.096360,1072809012.930000,0.719027,,2331805223.00,2155950223.00
sh.600507,2023-03-18,2022-12-31,0.103353,0.038575,0.084432,896439943.410000,0.397205,23163636903.280000,2331805223.00,2155950223.00
sh.600507,2023-04-28,2023-03-31,0.012631,0.025359,0.059669,105878540.540000,0.211178,,2331805223.00,2155950223.00
sh.600507,2023-08-30,2023-06-30,0.032525,0.020968,0.052593,280742158.700000,0.097748,13388894029.420000,2331805223.00,2243505223.00
sh.600507,2023-10-28,2023-09-30,0.065870,0.029483,0.061620,580524184.390000,0.145908,,2331060223.00,2243505223.00
sh.600569,2018-04-21,2018-03-31,0.019724,0.020571,0.102408,128739555.640000,0.806364,,2393684489.00,2393684489.00
sh.600569,2018-08-03,2018-06-30,0.145971,0.064822,0.132554,1022091523.680000,1.081909,15467276681.710000,2393684489.00,2393684489.00
sh.600569,2018-10-26,2018-09-30,0.216990,0.061501,0.126434,1580299337.930000,0.917759,,2393684489.00,2393684489.00
sh.600569,2019-03-21,2018-12-31,0.251241,0.056078,0.126406,1860467664.160000,0.775653,32573244534.310000,2393684489.00,2393684489.00
sh.600569,2019-04-30,2019-03-31,0.006839,0.008950,0.095636,50493775.380000,0.745726,,2393684489.00,2393684489.00
sh.600569,2019-08-29,2019-06-30,0.027569,0.016323,0.108593,243027043.480000,0.379770,,2872421386.00,2393684489.00
sh.600569,2019-10-30,2019-09-30,0.041247,0.015727,0.105996,368636952.830000,0.230484,,2872421386.00,2393684489.00
sh.600569,2020-04-25,2019-12-31,0.028167,0.007977,0.098445,238010292.420000,0.089278,29208558229.420000,2872421386.00,2393684489.00
sh.600569,2020-04-25,2020-03-31,-0.035894,-0.061592,0.033259,-350714213.680000,-0.052001,,2872421386.00,2393684489.00
sh.600569,2020-08-29,2020-06-30,-0.035120,-0.024934,0.066174,-343973972.650000,-0.116937,,2872421386.00,2393684489.00
sh.600569,2020-10-30,2020-09-30,0.001854,0.000531,0.095815,12009498.480000,-0.036005,,2872421386.00,2393684489.00
sh.600569,2021-04-30,2020-12-31,0.023022,0.007173,0.102648,228779430.670000,0.079521,31147612096.020000,2872421386.00,2393684489.00
sh.600569,2021-04-30,2021-03-31,0.020504,0.020434,0.094025,214255485.900000,0.272755,,2872421386.00,2393684489.00
sh.600569,2021-08-26,2021-06-30,0.074409,0.032604,0.117272,788817375.830000,0.466598,23478867944.580000,2872421386.00,2393684489.00
sh.600569,2021-10-30,2021-09-30,0.098978,0.027410,0.108190,1036097452.230000,0.431874,,2872421386.00,2393684489.00
sh.600569,2022-04-26,2021-12-31,0.098860,0.019861,0.084593,1033326281.670000,0.358008,50526840035.260000,2872421386.00,2393684489.00
sh.600569,2022-04-26,2022-03-31,-0.051332,-0.066137,-0.014497,-559461893.260000,0.097144,,2872421386.00,2393684489.00
sh.600569,2022-08-30,2022-06-30,-0.082857,-0.042831,0.018214,-887156024.540000,-0.210717,19950294738.370000,2872421386.00,2872421386.00
sh.600569,2022-10-29,2022-09-30,-0.190319,-0.065470,0.002610,-1954012864.620000,-0.647736,,2872421386.00,2872421386.00
sh.600569,2023-04-28,2022-12-31,-0.327876,-0.079796,-0.007460,-3130772949.050000,-1.044758,37913909822.590000,2872421386.00,2872421386.00
sh.600569,2023-04-28,2023-03-31,-0.051113,-0.038699,0.002972,-381990238.900000,-0.985315,,2872421386.00,2872421386.00
sh.600569,2023-08-31,2023-06-30,-0.117108,-0.040452,0.008587,-850994016.470000,-1.031946,20566907627.460000,2872421386.00,2872421386.00
sh.600569,2023-10-28,2023-09-30,-0.127249,-0.027750,0.024880,-902387303.380000,-0.708925,,2872421386.00,2872421386.00
sh.600581,2018-04-28,2018-03-31,0.042255,0.042302,0.119175,144192961.540000,1.356202,,766448935.00,766448935.00
sh.600581,2018-08-24,2018-06-30,0.062545,0.026248,0.111075,215593776.430000,0.640682,,1532897870.00,1532897870.00
sh.600581,2018-10-26,2018-09-30,0.159176,0.037556,0.131086,577487795.570000,0.574196,,1532897870.00,1532897870.00
sh.600581,2019-03-26,2018-12-31,0.189753,0.034842,0.127779,700516526.800000,0.456988,19527225544.300000,1532897870.00,1532897870.00
sh.600581,2019-04-26,2019-03-31,-0.049199,-0.049486,0.035785,-194147125.470000,0.236269,,1532897870.00,1532897870.00
sh.600581,2019-08-23,2019-06-30,0.030116,0.012958,0.091609,123646391.380000,0.397006,,1532897870.00,1532897870.00
sh.600581,2019-10-26,2019-09-30,0.057702,0.015509,0.096348,240242275.040000,0.236983,,1532897870.00,1532897870.00
sh.600581,2020-04-28,2019-12-31,0.027131,0.005392,0.088518,111139007.100000,0.072503,20037647677.330000,1532897870.00,1532897870.00
sh.600581,2020-04-28,2020-03-31,-0.047061,-0.060118,0.031790,-190875070.170000,0.074637,,1532897870.00,1532897870.00
sh.600581,2020-08-28,2020-06-30,0.016534,0.007058,0.078360,69200875.400000,0.036985,,1532897870.00,1532897870.00
sh.600581,2020-10-29,2020-09-30,0.070340,0.019308,0.094941,302533825.930000,0.113139,,1532897870.00,1532897870.00
sh.600581,2021-04-13,2020-12-31,0.073082,0.014559,0.105096,316278230.760000,0.206327,21078066737.880000,1532897870.00,1532897870.00
sh.600581,2021-04-24,2021-03-31,0.042089,0.031099,0.131041,193618617.430000,0.457155,,1532897870.00,1532897870.00
sh.600581,2021-08-28,2021-06-30,0.247844,0.086887,0.184141,1273702120.510000,0.992094,,1532897870.00,1532897870.00
sh.600581,2021-10-30,2021-09-30,0.396773,0.093598,0.185148,2228899041.380000,1.463009,,1532897870.00,1532897870.00
sh.600581,2022-04-12,2021-12-31,0.269261,0.039551,0.105048,1221292701.260000,0.770568,29220391922.470000,1532897870.00,1532897870.00
sh.600581,2022-04-29,2022-03-31,-0.081680,-0.065559,0.003032,-334092463.690000,0.433230,,1532897870.00,1532897870.00
sh.600581,2022-08-27,2022-06-30,-0.034235,-0.010719,0.036064,-140098107.300000,-0.207615,,1553788870.00,1532897870.00
sh.600581,2022-10-29,2022-09-30,-0.153954,-0.032049,0.021239,-630953352.650000,-1.128845,,1553788870.00,1532897870.00
sh.600581,2023-04-18,2022-12-31,-0.380328,-0.061016,0.002378,-1406069752.720000,-0.879825,22155590448.960000,1553788870.00,1532897870.00
sh.600581,2023-04-29,2023-03-31,-0.173354,-0.117316,-0.030615,-470308543.730000,-0.965663,,1553788870.00,1532897870.00
sh.600581,2023-08-26,2023-06-30,-0.302194,-0.069239,-0.010529,-774317317.260000,-1.285444,11174980745.620000,1553788870.00,1532897870.00
sh.600581,2023-10-28,2023-09-30,-0.287205,-0.041775,0.012124,-742786707.030000,-0.969483,,1545222520.00,1532897870.00
sh.600782,2018-04-27,2018-03-31,0.063108,0.069797,0.103623,872782148.890000,1.162979,,3188722696.00,2786896212.00
sh.600782,2018-08-21,2018-06-30,0.151101,0.085928,0.136228,2164944488.330000,1.473152,22401920213.810000,3188722696.00,2786896212.00
sh.600782,2018-10-30,2018-09-30,0.260004,0.096941,0.149682,3954043142.530000,1.782428,,3188722696.00,2786896212.00
sh.600782,2019-04-23,2018-12-31,0.365343,0.103808,0.143866,5913258741.010000,1.851878,51579618314.560000,3188722696.00,3188722696.00
sh.600782,2019-04-27,2019-03-31,0.038730,0.055607,0.089242,750948634.170000,1.814099,,3188722696.00,3188722696.00
sh.600782,2019-08-20,2019-06-30,0.093946,0.070047,0.105725,1847582495.280000,1.751642,26376364500.000000,3188722696.00,3188722696.00
sh.600782,2019-10-30,2019-09-30,0.132455,0.064301,0.095685,2657186227.070000,1.443731,,3188722696.00,3188722696.00
sh.600782,2020-04-21,2019-12-31,0.167815,0.059235,0.089635,3429936242.860000,1.070631,50896957400.000000,3188722696.00,3188722696.00
sh.600782,2020-04-28,2020-03-31,0.023400,0.034999,0.054755,518461714.840000,0.996848,,3188722696.00,3188722696.00
sh.600782,2020-08-22,2020-06-30,0.049965,0.034808,0.058104,1109610140.060000,0.836864,,3188722696.00,3188722696.00
sh.600782,2020-10-31,2020-09-30,0.084987,0.036914,0.056870,1916878448.330000,0.832320,,3188722696.00,3188722696.00
sh.600782,2021-04-20,2020-12-31,0.119451,0.037925,0.059229,2746210886.320000,0.846792,67738670700.000000,3188722696.00,3188722696.00
sh.600782,2021-04-28,2021-03-31,0.040475,0.039424,0.054364,997606367.640000,0.990007,,3188722696.00,3188722696.00
sh.600782,2021-08-20,2021-06-30,0.099250,0.045325,0.064603,2475165229.710000,1.257977,54609217407.200000,3188722696.00,3188722696.00
sh.600782,2021-10-30,2021-09-30,0.138624,0.041337,0.061081,3532050359.280000,1.330727,,3188722696.00,3188722696.00
sh.600782,2022-04-26,2021-12-31,0.172412,0.042607,0.062297,4470061011.160000,1.362476,98889503900.000000,3188722696.00,3188722696.00
sh.600782,2022-04-29,2022-03-31,0.037578,0.040063,0.056125,1041731684.030000,1.381099,,3188722696.00,3188722696.00
sh.600782,2022-08-23,2022-06-30,0.052931,0.027714,0.055196,1443210687.870000,1.053719,52075312848.000000,3188722696.00,3188722696.00
sh.600782,2022-10-29,2022-09-30,0.057824,0.020697,0.056673,1572484475.700000,0.774764,,3188722696.00,3188722696.00
sh.600782,2023-04-18,2022-12-31,0.039340,0.010594,0.032070,1048860401.330000,0.328146,93280087700.000000,3188722696.00,3188722696.00
sh.600782,2023-04-22,2023-03-31,0.003632,0.004021,0.009227,91975515.850000,0.035091,,3188722696.00,3188722696.00
sh.600782,2023-08-26,2023-06-30,0.011224,0.006524,0.015928,292728614.320000,-0.024720,44868413981.870000,3188722696.00,3188722696.00
sh.600782,2023-10-28,2023-09-30,0.018032,0.007670,0.019514,477709885.770000,-0.010399,,3188722696.00,3188722696.00
sh.600808,2018-04-20,2018-03-31,0.057638,0.089032,0.133666,1629994829.000000,0.603213,,7700681186.00,5967751186.00
sh.600808,2018-08-30,2018-06-30,0.137319,0.096254,0.151279,3856245283.000000,0.767992,39496862420.000000,7700681186.00,5967751186.00
sh.600808,2018-10-19,2018-09-30,0.214308,0.101235,0.153025,6389633672.000000,0.905442,,7700681186.00,5967751186.00
sh.600808,2019-03-22,2018-12-31,0.228283,0.086124,0.148341,7057988694.000000,0.771787,80913246025.000000,7700681186.00,5967751186.00
sh.600808,2019-04-26,2019-03-31,0.002969,0.009510,0.055056,168498986.000000,0.598528,,7700681186.00,5967751186.00
sh.600808,2019-08-30,2019-06-30,0.041534,0.038288,0.090591,1417679701.000000,0.475208,36386178608.000000,7700681186.00,5967751186.00
sh.600808,2019-10-31,2019-09-30,0.052831,0.032741,0.087322,1885266250.000000,0.236908,,7700681186.00,5967751186.00
sh.600808,2020-03-31,2019-12-31,0.040944,0.021900,0.088770,1713917869.000000,0.146500,77158249628.000000,7700681186.00,5967751186.00
sh.600808,2020-04-29,2020-03-31,0.013920,0.026885,0.087388,435700741.000000,0.184634,,7700681186.00,5967751186.00
sh.600808,2020-08-27,2020-06-30,0.030037,0.026654,0.086190,997624386.000000,0.103346,35351000000.000000,7700681186.00,5967751186.00
sh.600808,2020-10-31,2020-09-30,0.056810,0.031894,0.091640,1856556827.000000,0.158543,,7700681186.00,5967751186.00
sh.600808,2021-03-26,2020-12-31,0.071680,0.031587,0.097764,2577979107.000000,0.257463,74871000000.000000,7700681186.00,5967751186.00
sh.600808,2021-04-29,2021-03-31,0.051868,0.068700,0.122731,1640921026.000000,0.404652,,7700681186.00,5967751186.00
sh.600808,2021-08-26,2021-06-30,0.153640,0.088595,0.172718,5037838607.000000,0.755009,53926000000.000000,7700681186.00,5967751186.00
sh.600808,2021-10-27,2021-09-30,0.209492,0.082762,0.165975,7102298687.000000,0.902811,,7700681186.00,5967751186.00
sh.600808,2022-03-24,2021-12-31,0.174431,0.052647,0.131061,5993974645.000000,0.692439,104308000000.000000,7700681186.00,5967751086.00
sh.600808,2022-04-30,2022-03-31,0.037550,0.049763,0.095392,1322705249.000000,0.659002,,7700681186.00,5967751086.00
sh.600808,2022-08-31,2022-06-30,0.044447,0.028665,0.091388,1615776191.000000,0.272133,52226000000.000000,7775731186.00,5967751086.00
sh.600808,2022-10-29,2022-09-30,0.020943,0.008532,0.072049,676693691.000000,-0.068182,,7775731186.00,5967751086.00
sh.600808,2023-03-31,2022-12-31,-0.027708,-0.008026,0.032374,-819853720.000000,-0.110372,94707000000.000000,7775731186.00,5967751186.00
sh.600808,2023-04-28,2023-03-31,-0.017607,-0.025661,0.001221,-583449382.000000,-0.337139,,7773867186.00,5967751186.00
sh.600808,2023-08-31,2023-06-30,-0.079766,-0.049681,-0.011087,-2433387808.000000,-0.581907,44999000000.000000,7769787186.00,5967751186.00
sh.600808,2023-10-28,2023-09-30,-0.056385,-0.024956,0.011408,-1844672073.000000,-0.401621,,7769787186.00,5967751186.00
sh.601003,2018-04-28,2018-03-31,0.135449,0.092156,0.125116,1046005250.130000,1.361633,,2562793200.00,2562793200.00
sh.601003,2018-08-15,2018-06-30,0.269190,0.090358,0.131324,2040573358.160000,1.674400,21211624576.390000,2562793200.00,2562793200.00
sh.601003,2018-10-25,2018-09-30,0.397477,0.094459,0.140363,3254418983.960000,1.812625,,2562793200.00,2562793200.00
sh.601003,2019-03-29,2018-12-31,0.520053,0.097351,0.143945,4609698845.790000,1.798701,44488639794.650000,2562793200.00,2562793200.00
sh.601003,2019-04-25,2019-03-31,0.035785,0.037395,0.068151,383701180.480000,1.540271,,2562793200.00,2562793200.00
sh.601003,2019-08-15,2019-06-30,0.121714,0.055302,0.102626,1265197321.770000,1.496150,21506154800.690000,2562793200.00,2562793200.00
sh.601003,2019-10-31,2019-09-30,0.141262,0.042245,0.090534,1483719818.100000,1.107776,,2562793200.00,2562793200.00
sh.601003,2020-04-15,2019-12-31,0.214600,0.048269,0.097622,2346853393.590000,0.915740,45706930049.630000,2562793200.00,2562793200.00
sh.601003,2020-04-22,2020-03-31,0.014390,0.015386,0.061626,164426083.980000,0.830179,,2562793200.00,2562793200.00
sh.601003,2020-08-20,2020-06-30,0.069286,0.033588,0.076813,772633883.150000,0.723543,,2562793200.00,2562793200.00
sh.601003,2020-10-28,2020-09-30,0.108558,0.033246,0.074335,1235627431.990000,0.818935,,2562793200.00,2562793200.00
sh.601003,2021-04-28,2020-12-31,0.148710,0.032253,0.078300,1764056520.840000,0.670594,51475008028.010000,2562793200.00,2562793200.00
sh.601003,2021-04-28,2021-03-31,0.054823,0.049261,0.122780,867451914.270000,0.865392,,2562793200.00,2562793200.00
sh.601003,2021-08-26,2021-06-30,0.152254,0.066437,0.132793,2693654174.960000,1.102503,,2562793200.00,2562793200.00
sh.601003,2021-10-28,2021-09-30,0.182722,0.054898,0.116187,3574271151.580000,1.085239,,2562793200.00,2562793200.00
sh.601003,2022-04-28,2021-12-31,0.119599,0.025140,0.073792,2319207966.740000,0.568147,88350745731.820000,2562793200.00,2562793200.00
sh.601003,2022-04-28,2022-03-31,-0.041535,-0.034277,0.011804,-787089808.800000,0.109484,,2562793200.00,2562793200.00
sh.601003,2022-08-25,2022-06-30,-0.080594,-0.033530,0.007066,-1511963279.680000,-0.537953,45092315017.520000,2562793200.00,2562793200.00
sh.601003,2022-10-28,2022-09-30,-0.234042,-0.064368,-0.023269,-4014016370.410000,-1.337884,,2562793200.00,2562793200.00
sh.601003,2023-04-28,2022-12-31,-0.209165,-0.043782,-0.009442,-3534292991.280000,-0.913838,77325890808.620000,2562793200.00,2562793200.00
sh.601003,2023-04-28,2023-03-31,0.027003,0.015487,0.042655,265830203.140000,-0.609311,,2562793200.00,2562793200.00
sh.601003,2023-08-26,2023-06-30,-0.014857,-0.009442,0.024911,-354436556.960000,-0.596961,37538209072.840000,2562793200.00,2562793200.00
sh.601003,2023-10-28,2023-09-30,-0.053950,-0.017240,0.020353,-982787721.570000,-0.104030,,2562793200.00,2562793200.00
sh.601005,2018-04-26,2018-03-31,0.020727,0.068024,0.103273,350489000.000000,0.141765,,8918602267.00,8380475067.00
sh.601005,2018-08-17,2018-06-30,0.044520,0.068700,0.157632,762087000.000000,0.233280,11065767000.000000,8918602267.00,8380475067.00
sh.601005,2018-10-30,2018-09-30,0.084696,0.084879,0.171026,1480017000.000000,0.300740,,8918602267.00,8380475067.00
sh.601005,2019-03-29,2018-12-31,0.101408,0.078980,0.130620,1788033000.000000,0.200469,22578775000.000000,8918602267.00,8380475067.00
sh.601005,2019-04-26,2019-03-31,0.008084,0.028342,0.061195,150437000.000000,0.178050,,8918602267.00,8380475067.00
sh.601005,2019-08-12,2019-06-30,0.032729,0.053618,0.099405,615728000.000000,0.184073,11441288000.000000,8918602267.00,8380475067.00
sh.601005,2019-10-28,2019-09-30,0.038160,0.041650,0.084039,719901000.000000,0.115241,,8918602267.00,8380475067.00
sh.601005,2020-03-30,2019-12-31,0.048815,0.039430,0.074907,925723000.000000,0.103797,23369634000.000000,8918602267.00,8380475067.00
sh.601005,2020-04-30,2020-03-31,0.000216,0.000806,0.047664,4173000.000000,0.087397,,8918602267.00,8380475067.00
sh.601005,2020-08-26,2020-06-30,0.006237,0.011106,0.053478,121355000.000000,0.048365,10927367000.000000,8918602267.00,8380475067.00
sh.601005,2020-10-27,2020-09-30,0.018909,0.020659,0.060385,370332000.000000,0.064601,,8918602267.00,8380475067.00
sh.601005,2021-03-20,2020-12-31,0.032382,0.026071,0.074792,638479000.000000,0.071590,24349157000.000000,8918602267.00,8380475067.00
sh.601005,2021-04-30,2021-03-31,0.053065,0.109477,0.132272,1092412000.000000,0.193609,,8918602267.00,8380475067.00
sh.601005,2021-08-30,2021-06-30,0.126085,0.118970,0.153723,2697041000.000000,0.360389,22410284000.000000,8918602267.00,8380475067.00
sh.601005,2021-10-30,2021-09-30,0.133849,0.090659,0.125790,2879721000.000000,0.352955,,8918602267.00,8380475067.00
sh.601005,2022-03-31,2021-12-31,0.107248,0.057075,0.097844,2274393000.000000,0.255017,37466956000.000000,8918602267.00,8380475067.00
sh.601005,2022-04-27,2022-03-31,0.019603,0.050800,0.086162,442999000.000000,0.182201,,8918602267.00,8380475067.00
sh.601005,2022-08-31,2022-06-30,0.022814,0.028664,0.068354,516416000.000000,0.010514,17820895000.000000,8918602267.00,8380475067.00
sh.601005,2022-10-31,2022-09-30,-0.012201,-0.010571,0.022379,-271317000.000000,-0.098294,,8918602267.00,8380475067.00
sh.601005,2023-03-31,2022-12-31,-0.046637,-0.027882,-0.000844,-1019409354.340000,-0.114301,36273788000.000000,8918602267.00,8380475067.00
sh.601005,2023-04-28,2023-03-31,-0.004953,-0.010071,0.004912,-105451906.050000,-0.175797,,8918602267.00,8380475067.00
sh.601005,2023-08-31,2023-06-30,-0.020579,-0.020707,-0.006353,-434740206.190000,-0.220950,20944892000.000000,8918602267.00,8380475067.00
sh.601005,2023-10-28,2023-09-30,-0.028142,-0.019736,-0.003865,-592322396.820000,-0.150294,,8918602267.00,8380475067.00
sh.601686,2020-03-20,2019-06-30,0.120269,0.019142,0.037124,396037258.870000,0.304993,,1269556600.00,
sh.601686,2020-11-16,2019-12-31,0.257619,0.020057,0.038385,897518308.270000,0.681037,42249172937.410000,1269556600.00,
sh.601686,2021-04-30,2020-03-31,,0.020944,0.050309,146175875.990000,0.681037,,1269556600.00,
sh.601686,2020-11-16,2020-06-30,0.217017,0.042310,0.069666,888827378.340000,1.068881,19909119573.470000,1269556600.00,
sh.601686,2021-10-30,2020-09-30,0.267937,0.032416,0.056667,1131331672.660000,1.099570,,1269556600.00,
sh.601686,2021-04-09,2020-12-31,0.229298,0.024310,0.046599,1177067166.030000,0.809907,45913209763.740000,1411556600.00,142000000.00
sh.601686,2021-04-30,2021-03-31,0.050752,0.027469,0.048847,324331849.910000,0.929313,,1411556600.00,142000000.00
sh.601686,2021-08-25,2021-06-30,0.095491,0.021029,0.042504,609900334.570000,0.605963,,1438556600.00,142000000.00
sh.601686,2021-10-30,2021-09-30,0.092285,0.011467,0.028346,566264668.940000,0.428512,,1438556600.00,142000000.00
sh.601686,2022-04-16,2021-12-31,0.098370,0.008672,0.025301,579828973.360000,0.426761,62865042544.250000,1438956600.00,562876000.00
sh.601686,2022-04-30,2022-03-31,0.021230,0.008776,0.028049,133443443.970000,0.302907,,1438956600.00,562876000.00
sh.601686,2022-08-26,2022-06-30,0.029439,0.005060,0.021095,174563016.040000,0.143457,,1438756600.00,562876000.00
sh.601686,2022-10-26,2022-09-30,0.011473,0.000185,0.015487,9677838.600000,0.077113,,1430676600.00,562876000.00
sh.601686,2023-04-20,2022-12-31,0.046905,0.003245,0.019266,218569879.130000,0.207649,61922562831.750000,1430457488.00,562876888.00
sh.601686,2023-04-28,2023-03-31,0.033274,0.015115,0.034022,217228702.940000,0.266152,,1430458391.00,562877791.00
sh.601686,2023-08-18,2023-06-30,0.051966,0.010452,0.028034,320940102.240000,0.311495,,1430318542.00,562877942.00
sh.601686,2023-10-25,2023-09-30,0.067838,0.009149,0.028077,423186108.380000,0.463675,,1429709650.00,570239050.00
sh.603878,2018-04-25,2018-03-31,0.015857,0.081999,0.160140,32355593.060000,0.749672,,202000000.00,101010110.00
sh.603878,2018-08-29,2018-06-30,0.045112,0.096465,0.197398,91954306.280000,0.793436,902341568.980000,202000000.00,101010110.00
sh.603878,2018-10-26,2018-09-30,0.069704,0.099621,0.199347,144606007.870000,0.878217,,204468800.00,101010110.00
sh.603878,2019-04-26,2018-12-31,0.095036,0.099563,0.205447,199132692.330000,0.973903,2000069794.900000,204468800.00,101010110.00
sh.603878,2019-04-26,2019-03-31,0.036504,0.132873,0.214571,80536932.750000,1.209544,,204468800.00,101010110.00
sh.603878,2019-08-15,2019-06-30,0.068925,0.130860,0.228497,150394595.900000,0.899798,1126533491.810000,286256320.00,141414154.00
sh.603878,2019-10-25,2019-09-30,0.110850,0.141665,0.240715,247294443.930000,1.054374,,286256320.00,143142314.00
sh.603878,2020-03-31,2019-12-31,0.138728,0.135512,0.240287,314868888.800000,1.099954,2323555459.490000,286256320.00,284528160.00
sh.603878,2020-04-28,2020-03-31,0.023527,0.122848,0.210221,56548232.290000,1.016153,,286256320.00,284528160.00
sh.603878,2020-08-10,2020-06-30,0.057426,0.115492,0.216933,134531119.660000,0.746098,1127281757.520000,400758848.00,398339424.00
sh.603878,2020-10-23,2020-09-30,0.080284,0.107543,0.202142,190680137.370000,0.644414,,400758848.00,400758848.00
sh.603878,2021-04-23,2020-12-31,0.092247,0.091815,0.182754,220437363.560000,0.550050,2400893159.830000,400758848.00,400758848.00
sh.603878,2021-04-23,2021-03-31,0.020815,0.078414,0.147664,50570722.250000,0.535134,,400758848.00,400758848.00
sh.603878,2021-08-25,2021-06-30,0.041588,0.074226,0.148393,99811204.180000,0.463414,1318522955.890000,400758848.00,400758848.00
sh.603878,2021-10-28,2021-09-30,0.064629,0.078522,0.150369,156968982.790000,0.465932,,400758848.00,400758848.00
sh.603878,2022-04-26,2021-12-31,0.072320,0.065334,0.141412,176349277.820000,0.440038,2699188805.100000,400758848.00,400758848.00
sh.603878,2022-04-26,2022-03-31,0.012999,0.057071,0.112854,32353510.000000,0.394582,,400758848.00,400758848.00
sh.603878,2022-08-19,2022-06-30,0.033504,0.064997,0.128239,82426201.280000,0.396658,1213688688.020000,400758848.00,400758848.00
sh.603878,2022-10-27,2022-09-30,0.057487,0.070245,0.136216,143190564.800000,0.405658,,400758848.00,400758848.00
sh.603878,2023-04-05,2022-12-31,0.085155,0.076015,0.143044,215149488.850000,0.536855,2830365688.820000,400758848.00,400758848.00
sh.603878,2023-04-25,2023-03-31,0.027756,0.083676,0.142590,72629535.290000,0.637462,,400758848.00,400758848.00
sh.603878,2023-08-22,2023-06-30,0.070892,0.100675,0.158902,184047134.690000,0.564590,1729653199.520000,561062387.00,561062387.00
sh.603878,2023-10-27,2023-09-30,0.102918,0.100341,0.167805,272971815.380000,0.614781,,561062387.00,561062387.00
sh.603995,2020-04-27,2019-03-31,,0.018090,0.051039,58904955.850000,1.914519,,173000000.00,
sh.603995,2019-11-12,2019-06-30,0.098901,0.024017,0.056335,171391424.500000,1.965019,7076199700.480000,173000000.00,
sh.603995,2019-11-12,2019-09-30,0.155814,0.024455,0.055965,277117679.860000,1.988477,,173000000.00,
sh.603995,2020-04-20,2019-12-31,0.153438,0.024496,0.056166,387709249.940000,1.442830,15691395300.000000,230670000.00,57670000.00
sh.603995,2020-04-27,2020-03-31,0.018309,0.020667,0.053122,65668218.880000,1.456440,,230670000.00,57670000.00
sh.603995,2020-08-18,2020-06-30,0.054108,0.023169,0.050529,183632178.490000,1.483774,,230670000.00,57670000.00
sh.603995,2020-10-23,2020-09-30,0.088019,0.022430,0.049336,305486742.150000,1.530411,,230670000.00,57670000.00
sh.603995,2021-04-15,2020-12-31,0.137135,0.024041,0.051640,491481267.390000,1.796684,20288591990.070000,230670000.00,103324211.00
sh.603995,2021-04-27,2021-03-31,0.034688,0.021078,0.053399,132063444.450000,2.025967,,233017400.00,103324211.00
sh.603995,2021-08-25,2021-06-30,0.088597,0.023937,0.047039,338342249.380000,2.326507,,233127400.00,103324211.00
sh.603995,2021-10-19,2021-09-30,0.132572,0.023338,0.047441,524801317.660000,2.536826,,233127400.00,111824211.00
sh.603995,2022-04-12,2021-12-31,0.171600,0.022634,0.052840,709922860.590000,2.535567,31098159179.160000,233120400.00,111824211.00
sh.603995,2022-04-27,2022-03-31,0.034362,0.018523,0.047443,153028949.790000,2.619979,,233120400.00,111824211.00
sh.603995,2022-08-18,2022-06-30,0.079197,0.017662,0.047951,370471281.840000,1.800451,20778323948.630000,338025594.00,163567352.00
sh.603995,2022-10-29,2022-09-30,0.091179,0.014173,0.045531,430348163.200000,1.494144,,338037284.00,163579042.00
sh.603995,2023-04-14,2022-12-31,0.125466,0.015236,0.045693,602679082.440000,1.439546,39222967595.510000,338037311.00,163579069.00
sh.603995,2023-04-28,2023-03-31,0.020187,0.015879,0.047631,118881850.990000,1.330139,,338037311.00,163579069.00
sh.603995,2023-08-16,2023-06-30,0.045355,0.016482,0.047518,285713280.620000,1.040782,17044299179.220000,382448971.00,335905576.00
sh.603995,2023-10-27,2023-09-30,0.067726,0.015689,0.047045,432701714.160000,1.184683,,381380123.00,335905697.00
sh.688186,2020-04-28,2020-03-31,0.019974,0.096747,0.242400,26977086.430000,0.772720,,164800000.00,38019295.00
sh.688186,2020-08-11,2020-06-30,0.066514,0.110594,0.247751,89170608.170000,0.995151,798632788.850000,164800000.00,38019295.00
sh.688186,2020-10-20,2020-09-30,0.101753,0.105361,0.240670,138920197.510000,1.139246,,164800000.00,39710000.00
sh.688186,2021-03-20,2020-12-31,0.125249,0.095650,0.235972,173159052.650000,1.050722,1760176568.480000,164800000.00,39710000.00
sh.688186,2021-04-16,2021-03-31,0.036560,0.107514,0.220750,65360804.950000,1.281910,,164800000.00,92010000.00
sh.688186,2021-08-14,2021-06-30,0.084063,0.097944,0.214693,147522559.340000,1.418870,1493375729.070000,164800000.00,100627500.00
sh.688186,2021-10-29,2021-09-30,0.077953,0.092746,0.213502,183206201.560000,1.049450,,214240000.00,99060000.00
sh.688186,2022-03-21,2021-12-31,0.072270,0.061604,0.187603,168627565.170000,0.821973,2704135231.980000,214240000.00,100855900.00
sh.688186,2022-04-29,2022-03-31,0.006654,0.035948,0.149177,23811808.060000,0.615600,,214240000.00,150590000.00
sh.688186,2022-08-26,2022-06-30,0.018455,0.039896,0.164257,62939406.400000,0.391591,1552830827.340000,214240000.00,150590000.00
sh.688186,2022-10-31,2022-09-30,0.025551,0.036449,0.168657,87734950.430000,0.306761,,214240000.00,150590000.00
sh.688186,2023-04-22,2022-12-31,0.031411,0.033544,0.159320,112951570.440000,0.480459,3276608323.700000,214240000.00,150590000.00
sh.688186,2023-04-22,2023-03-31,0.020921,0.089133,0.205650,76895341.330000,0.721487,,214240000.00,214240000.00
sh.688186,2023-08-25,2023-06-30,0.024666,0.046091,0.169903,94619247.890000,0.611292,2010338107.880000,214240571.00,214240571.00
sh.688186,2023-10-31,2023-09-30,0.031519,0.041339,0.163015,122177266.590000,0.618065,,214240571.00,214240571.00
sz.000708,2018-04-21,2018-03-31,0.022231,0.030101,0.120003,90557855.440000,0.934957,,449408480.00,449408480.00
sz.000708,2018-08-16,2018-06-30,0.062522,0.041540,0.134492,255633815.100000,1.026252,5918235201.040000,449408480.00,449408480.00
sz.000708,2018-10-27,2018-09-30,0.091661,0.040443,0.126273,380496095.410000,1.105631,,449408480.00,449408480.00
sz.000708,2019-02-27,2018-12-31,0.121011,0.040577,0.125987,510178493.960000,1.135222,12069087107.960000,449408480.00,449408480.00
sz.000708,2019-04-23,2019-03-31,0.019341,0.028387,0.091241,86003181.970000,1.125087,,449408480.00,449408480.00
sz.000708,2019-08-20,2019-06-30,0.067223,0.046039,0.117460,294019254.380000,1.220635,6079664755.850000,449408480.00,449408480.00
sz.000708,2019-10-23,2019-09-30,0.252918,0.073162,0.172570,4171909893.330000,0.507517,,2968907902.00,449408480.00
sz.000708,2020-03-06,2019-12-31,0.363352,0.074208,0.180052,5388995172.190000,1.814294,72619869343.030000,2968907902.00,449408480.00
sz.000708,2020-04-22,2020-03-31,0.049868,0.074935,0.172841,1292508971.070000,1.830296,,2968907902.00,449408480.00
sz.000708,2020-08-18,2020-06-30,0.109284,0.076684,0.174203,2750575455.050000,1.064117,35868905202.910000,5047143433.00,763994416.00
sz.000708,2020-10-17,2020-09-30,0.167418,0.079015,0.176735,4348922978.570000,1.102217,,5047143433.00,1259156149.00
sz.000708,2021-03-02,2020-12-31,0.224814,0.080667,0.179698,6028089756.960000,1.193644,74728365792.700000,5047143433.00,1259156149.00
sz.000708,2021-04-28,2021-03-31,0.069923,0.086061,0.177054,1928645457.800000,1.319567,,5047143433.00,1259156149.00
sz.000708,2021-08-17,2021-06-30,0.145873,0.085329,0.175442,4188538053.810000,1.478520,49086945357.580000,5047143433.00,1259156149.00
sz.000708,2021-10-12,2021-09-30,0.204469,0.081698,0.166837,6063314069.860000,1.533232,,5047143433.00,1259156149.00
sz.000708,2022-03-11,2021-12-31,0.260083,0.081787,0.171234,7960528297.530000,1.575664,97332335466.560000,5047143433.00,1259156149.00
sz.000708,2022-04-23,2022-03-31,0.056809,0.079396,0.164037,1951380846.990000,1.579211,,5047143433.00,1259156149.00
sz.000708,2022-08-16,2022-06-30,0.114465,0.073005,0.161374,3783232937.200000,1.494297,51821836641.680000,5047143433.00,1259156149.00
sz.000708,2022-10-26,2022-09-30,0.163552,0.073560,0.152965,5554559141.560000,1.499185,,5047146709.00,5047146709.00
sz.000708,2023-03-18,2022-12-31,0.205711,0.072289,0.147353,7109268599.800000,1.407800,98344705612.720000,5047154263.00,5047154263.00
sz.000708,2023-04-22,2023-03-31,0.039882,0.053776,0.135600,1504067519.980000,1.315145,,5047155266.00,5047155266.00
sz.000708,2023-08-19,2023-06-30,0.084311,0.053243,0.136243,3105388732.010000,1.261751,58324603410.260000,5047155718.00,5047138918.00
sz.000708,2023-10-28,2023-09-30,0.119104,0.052073,0.136640,4499829649.650000,1.176162,,5047156138.00,5047139338.00
sz.000709,2018-04-20,2018-03-31,0.008104,0.017128,0.115263,428788773.190000,0.145089,,10618607852.00,10616897727.00
sz.000709,2018-08-30,2018-06-30,0.038188,0.038815,0.143960,2180505417.930000,0.224914,53742386680.450000,10618607852.00,10616894867.00
sz.000709,2018-10-26,2018-09-30,0.066113,0.043479,0.138865,3939528887.650000,0.281872,,10618607852.00,10616894867.00
sz.000709,2019-04-26,2018-12-31,0.070964,0.036222,0.142974,4381279591.770000,0.341506,116838742316.640000,10618607852.00,10616892601.00
sz.000709,2019-04-26,2019-03-31,0.006535,0.014990,0.119307,439754047.160000,0.341203,,10618607852.00,10616892601.00
sz.000709,2019-08-27,2019-06-30,0.020889,0.022327,0.111944,1393043138.060000,0.279958,60676469579.420000,10618607852.00,10616892601.00
sz.000709,2019-10-30,2019-09-30,0.031786,0.021858,0.106892,2061092375.460000,0.191983,,10618607852.00,10616892601.00
sz.000709,2020-04-23,2019-12-31,0.045313,0.023648,0.130648,2873118509.510000,0.241037,116491013794.530000,10618607852.00,10616892601.00
sz.000709,2020-04-23,2020-03-31,0.004043,0.009921,0.114340,233962889.960000,0.227828,,10618607852.00,10616892601.00
sz.000709,2020-08-26,2020-06-30,0.012184,0.015295,0.126092,771438577.870000,0.196252,49307793788.580000,10618607852.00,10616892601.00
sz.000709,2020-10-30,2020-09-30,0.020371,0.018062,0.120053,1457869539.830000,0.182747,,10618607852.00,10616892601.00
sz.000709,2021-04-23,2020-12-31,0.029669,0.018851,0.123711,2029404090.060000,0.159894,104064752993.900000,10618607852.00,10616892601.00
sz.000709,2021-04-23,2021-03-31,0.008285,0.014833,0.116134,489972617.570000,0.183749,,10618607852.00,10616892601.00
sz.000709,2021-08-20,2021-06-30,0.026909,0.021742,0.110638,1631316509.830000,0.238510,72994406320.860000,10618607852.00,10616892601.00
sz.000709,2021-10-23,2021-09-30,0.043621,0.021472,0.103399,2614175172.660000,0.273698,,10618607852.00,10616892601.00
sz.000709,2022-04-22,2021-12-31,0.049371,0.020044,0.109757,2999171031.710000,0.253152,140881507048.320000,10618607852.00,10616892601.00
sz.000709,2022-04-22,2022-03-31,0.006086,0.011739,0.102543,365128092.680000,0.237158,,10618607852.00,10616892601.00
sz.000709,2022-08-26,2022-06-30,0.019082,0.015017,0.092313,1081147335.170000,0.201607,69403954620.670000,10618607852.00,10616892601.00
sz.000709,2022-10-26,2022-09-30,0.022410,0.011832,0.083999,1301855563.580000,0.139569,,10618607852.00,10616892601.00
sz.000709,2023-04-28,2022-12-31,0.026328,0.011012,0.092955,1579846258.840000,0.134955,143470125695.330000,10337121092.00,10335407172.00
sz.000709,2023-04-28,2023-03-31,0.004628,0.009357,0.099588,298022212.360000,0.129454,,10337121092.00,10335407172.00
sz.000709,2023-08-31,2023-06-30,0.009147,0.009629,0.089816,619681030.430000,0.090162,64354162440.740000,10337121092.00,10335412323.00
sz.000709,2023-10-31,2023-09-30,0.014258,0.009992,0.091117,955776845.500000,0.100348,,10337121092.00,10335412323.00
sz.000717,2018-04-20,2018-03-31,0.252281,0.140568,0.162961,858313974.470000,1.325344,,2419524410.00,2419516835.00
sz.000717,2018-08-28,2018-06-30,0.459065,0.144936,0.191839,1756753308.910000,1.489770,12120878046.520000,2419524410.00,2419516835.00
sz.000717,2018-10-30,2018-09-30,0.637184,0.142335,0.196013,2757075085.500000,1.439768,,2419524410.00,2419516835.00
sz.000717,2019-03-29,2018-12-31,0.722712,0.121953,0.176800,3306440950.650000,1.366566,27112484024.500000,2419524410.00,2419524410.00
sz.000717,2019-04-30,2019-03-31,0.063553,0.060970,0.103127,405450669.650000,1.183042,,2419524410.00,2419524410.00
sz.000717,2019-08-20,2019-06-30,0.150751,0.073046,0.108801,1007186502.410000,1.056767,13788449494.760000,2419524410.00,2419524410.00
sz.000717,2019-10-31,2019-09-30,0.189003,0.059556,0.096206,1289419773.150000,0.759978,,2419524410.00,2419524410.00
sz.000717,2020-03-31,2019-12-31,0.257264,0.062572,0.121240,1823535650.260000,0.753675,29143183753.100000,2419524410.00,2419524410.00
sz.000717,2020-04-30,2020-03-31,0.045384,0.059223,0.118208,371533958.800000,0.739657,,2419524410.00,2419524410.00
sz.000717,2020-08-28,2020-06-30,0.100006,0.056584,0.109061,823273186.560000,0.677663,14549574955.880000,2419524410.00,2419524410.00
sz.000717,2020-10-30,2020-09-30,0.143808,0.053895,0.113474,1212058331.510000,0.721701,,2419524410.00,2419524410.00
sz.000717,2021-04-28,2020-12-31,0.212594,0.058981,0.121849,1861191024.650000,0.769238,31555537746.230000,2419524410.00,2419524410.00
sz.000717,2021-04-29,2021-03-31,0.042791,0.052757,0.099780,415935553.950000,0.787550,,2419524410.00,2419524410.00
sz.000717,2021-08-26,2021-06-30,0.127142,0.060415,0.103294,1258881869.890000,0.933389,20837210945.510000,2419524410.00,2419524410.00
sz.000717,2021-10-29,2021-09-30,0.164170,0.049500,0.091909,1658602847.740000,0.937929,,2419524410.00,2419524410.00
sz.000717,2022-04-28,2021-12-31,0.187842,0.042260,0.093434,1922068202.630000,0.794399,45482381970.440000,2419524410.00,2419524410.00
sz.000717,2022-04-29,2022-03-31,0.009806,0.015546,0.066078,108008485.470000,0.667132,,2419524410.00,2419524410.00
sz.000717,2022-08-31,2022-06-30,0.019763,0.011991,0.057460,213977282.680000,0.361907,17844115304.630000,2423726090.00,2423404340.00
sz.000717,2022-10-27,2022-09-30,-0.064519,-0.024516,0.019552,-670017951.920000,-0.167731,,2423843190.00,2423521440.00
sz.000717,2023-04-28,2022-12-31,-0.128836,-0.033017,0.000403,-1297686883.020000,-0.535384,39303743291.080000,2423843190.00,2423521440.00
sz.000717,2023-04-29,2023-03-31,0.000648,0.000657,0.027318,5962174.390000,-0.578836,,2423843190.00,2423521440.00
sz.000717,2023-08-23,2023-06-30,0.000343,0.000160,0.026353,3140940.490000,-0.624927,19598809038.300000,2423845590.00,2423560965.00
sz.000717,2023-10-30,2023-09-30,-0.011523,-0.003528,0.024923,-104881627.470000,-0.306462,,2423845590.00,2423560965.00
sz.000761,2018-04-20,2018-03-31,0.021278,0.030158,0.074437,351081851.230000,0.425272,,3875371532.00,2736000000.00
sz.000761,2018-08-28,2018-06-30,0.045630,0.032335,0.112496,757973791.350000,0.473097,23441247377.140000,3875371532.00,2736000000.00
sz.000761,2018-10-30,2018-09-30,0.049639,0.022463,0.112732,825635406.500000,0.281520,,3875371532.00,2736000000.00
sz.000761,2019-04-19,2018-12-31,0.061988,0.020648,0.098405,1036178058.360000,0.267456,50181869721.540000,3875371532.00,2736000000.00
sz.000761,2019-04-19,2019-03-31,0.014098,0.023061,0.057730,271222333.840000,0.247065,,3875371532.00,2736000000.00
sz.000761,2019-08-29,2019-06-30,0.023524,0.018792,0.084430,452934689.030000,0.189079,22581458005.550000,3875371532.00,3475371532.00
sz.000761,2019-10-29,2019-09-30,0.025278,0.012645,0.071023,487376477.610000,0.180305,,3875371532.00,3475371532.00
sz.000761,2020-04-24,2019-12-31,0.028780,0.010558,0.066929,556860488.980000,0.143379,52741353582.280000,3875371532.00,3475371532.00
sz.000761,2020-04-24,2020-03-31,0.009091,0.015256,0.082607,178926211.520000,0.119224,,3875371532.00,3475371532.00
sz.000761,2020-08-25,2020-06-30,0.012975,0.011558,0.078626,256406850.340000,0.092141,22184537260.050000,3875371532.00,3475371532.00
sz.000761,2020-10-30,2020-09-30,0.014024,0.008268,0.064329,288167458.740000,0.090757,,3875371532.00,3475371532.00
sz.000761,2021-04-28,2020-12-31,0.018973,0.008041,0.047091,391479566.230000,0.099152,48684792685.580000,3875371532.00,3475371532.00
sz.000761,2021-04-28,2021-03-31,0.032135,0.045427,0.091880,692863061.660000,0.230360,,3875898553.00,3475898553.00
sz.000761,2021-08-26,2021-06-30,0.099799,0.057613,0.103537,2223166287.430000,0.601897,38588128212.140000,3885060605.00,3485060605.00
sz.000761,2021-10-23,2021-09-30,0.168569,0.061959,0.109654,3805998903.660000,0.944027,,4108157357.00,3708157357.00
sz.000761,2022-03-26,2021-12-31,0.114918,0.032519,0.077274,2533635498.630000,0.608682,77912144981.460000,4108191379.00,3708191379.00
sz.000761,2022-04-27,2022-03-31,0.019093,0.026573,0.058194,441678034.130000,0.547179,,4108206077.00,3708206077.00
sz.000761,2022-08-19,2022-06-30,0.026048,0.016563,0.046771,579963876.240000,0.207760,35015177304.980000,4108209106.00,3708209106.00
sz.000761,2022-10-28,2022-09-30,-0.012188,-0.005023,0.022006,-240290731.250000,-0.373596,,4108211458.00,3708211458.00
sz.000761,2023-03-30,2022-12-31,-0.059723,-0.019261,0.005706,-1206051719.860000,-0.300125,62616621627.600000,4108212217.00,3708212217.00
sz.000761,2023-04-28,2023-03-31,0.002526,0.003428,0.029640,54112760.240000,-0.394184,,4108213229.00,3708213229.00
sz.000761,2023-08-31,2023-06-30,-0.054915,-0.032172,-0.004817,-983416724.550000,-0.681478,30567409205.030000,4108214747.00,3708214747.00
sz.000761,2023-10-31,2023-09-30,-0.068503,-0.027889,-0.005905,-1213226403.480000,-0.540592,,4108217784.00,3708217784.00
sz.000778,2018-04-27,2018-03-31,0.019127,0.040041,0.142087,378213771.710000,0.310717,,3990880176.00,3643005296.00
sz.000778,2018-08-21,2018-06-30,0.056808,0.057212,0.162107,1151562545.900000,0.432539,19791660535.590000,3990880176.00,3921049522.00
sz.000778,2018-10-30,2018-09-30,0.090636,0.059099,0.173135,1874165647.880000,0.525066,,3990880176.00,3921049522.00
sz.000778,2019-04-02,2018-12-31,0.104651,0.050165,0.179023,2034031318.900000,0.526534,40547120305.780000,3990880176.00,3921069772.00
sz.000778,2019-04-30,2019-03-31,0.015312,0.038575,0.117691,407776038.000000,0.511590,,3990880176.00,3921069772.00
sz.000778,2019-08-27,2019-06-30,0.039010,0.044897,0.128615,954406426.950000,0.447510,21029166649.820000,3990880176.00,3921069772.00
sz.000778,2019-10-29,2019-09-30,0.062817,0.045724,0.124161,1467335864.220000,0.400131,,3990880176.00,3921069772.00
sz.000778,2020-04-24,2019-12-31,0.071801,0.038790,0.140282,1586117867.490000,0.375127,40889707108.270000,3990880176.00,3920993421.00
sz.000778,2020-04-29,2020-03-31,0.016810,0.044503,0.153676,364559441.840000,0.385225,,3990880176.00,3884898952.00
sz.000778,2020-08-25,2020-06-30,0.040360,0.046237,0.138416,915889883.550000,0.388033,19808703556.210000,3990880176.00,3884910628.00
sz.000778,2020-10-27,2020-09-30,0.067006,0.048942,0.138928,1542741614.930000,0.409665,,3990880176.00,3884910628.00
sz.000778,2021-04-13,2020-12-31,0.083721,0.045711,0.129972,1963774193.160000,0.454137,42960921062.410000,3990880176.00,3884900959.00
sz.000778,2021-04-30,2021-03-31,0.019403,0.040679,0.094220,539566123.040000,0.472584,,3990880176.00,3884895803.00
sz.000778,2021-08-24,2021-06-30,0.059242,0.053343,0.113918,1526757901.310000,0.569780,28621262554.810000,3990880176.00,3885142256.00
sz.000778,2021-10-26,2021-09-30,0.084028,0.049006,0.106709,2060550172.350000,0.571947,,3990880176.00,3885142256.00
sz.000778,2022-04-19,2021-12-31,0.087916,0.040900,0.101708,2180019138.300000,0.502821,53301106059.490000,3990880176.00,3885106450.00
sz.000778,2022-04-27,2022-03-31,0.023884,0.049305,0.102259,640752950.030000,0.536880,,3990880176.00,3896293195.00
sz.000778,2022-08-23,2022-06-30,0.044728,0.045836,0.082378,1235778046.700000,0.435819,26961030484.600000,3990058776.00,3896214354.00
sz.000778,2022-10-25,2022-09-30,0.057506,0.040844,0.078530,1571591245.910000,0.368473,,3990058776.00,3896212554.00
sz.000778,2023-04-11,2022-12-31,0.069587,0.040165,0.073105,1918286937.920000,0.420026,47760058256.980000,3990058776.00,3896114267.00
sz.000778,2023-04-27,2023-03-31,0.013732,0.030295,0.052504,359020096.410000,0.362976,,3990058776.00,3896114267.00
sz.000778,2023-08-22,2023-06-30,0.033801,0.036078,0.057288,884674092.490000,0.363493,24521028418.820000,3990058776.00,3896257692.00
sz.000778,2023-10-24,2023-09-30,0.043693,0.031791,0.059798,1154706579.510000,0.347654,,3990058776.00,3896257692.00
sz.000825,2018-04-20,2018-03-31,0.052866,0.079342,0.164968,1436661989.520000,1.010981,,5696247796.00,2079562006.00
sz.000825,2018-08-31,2018-06-30,0.102697,0.076163,0.170529,2800535476.530000,1.179320,36770246428.020000,5696247796.00,5696074051.00
sz.000825,2018-10-31,2018-09-30,0.143802,0.072872,0.165228,4012776494.600000,1.145484,,5696247796.00,5696074051.00
sz.000825,2019-04-26,2018-12-31,0.173529,0.067306,0.160523,4909721020.550000,0.873780,72946105508.500000,5696247796.00,5696074051.00
sz.000825,2019-04-26,2019-03-31,0.011258,0.019473,0.089595,332540072.960000,0.677847,,5696247796.00,5696074051.00
sz.000825,2019-08-31,2019-06-30,0.037911,0.032991,0.120628,1145007290.880000,0.580557,34706429773.480000,5696247796.00,5696058301.00
sz.000825,2019-10-19,2019-09-30,0.059421,0.033880,0.118603,1806446839.450000,0.485027,,5696247796.00,5696058301.00
sz.000825,2020-04-25,2019-12-31,0.067904,0.029308,0.119983,2063845899.030000,0.371975,70419388610.830000,5696247796.00,5696074051.00
sz.000825,2020-04-25,2020-03-31,0.004668,0.008580,0.083332,133724965.360000,0.337693,,5696247796.00,5696074051.00
sz.000825,2020-08-22,2020-06-30,0.018471,0.017418,0.103172,572600284.990000,0.270945,32873577850.360000,5696247796.00,5696176066.00
sz.000825,2020-10-30,2020-09-30,0.033365,0.021845,0.108525,1054024249.440000,0.235749,,5696247796.00,5696176066.00
sz.000825,2021-04-24,2020-12-31,0.053509,0.025354,0.112973,1709372268.840000,0.304623,67419390555.560000,5696247796.00,5661078984.00
sz.000825,2021-04-24,2021-03-31,0.055054,0.087550,0.159544,1863196692.150000,0.605798,,5696247796.00,5661078984.00
sz.000825,2021-08-21,2021-06-30,0.135765,0.100020,0.184486,4732366360.730000,1.032283,47314136192.600000,5696247796.00,5696176066.00
sz.000825,2021-10-30,2021-09-30,0.189076,0.091050,0.170519,6796988342.850000,1.309916,,5696247796.00,5696176066.00
sz.000825,2022-04-23,2021-12-31,0.185625,0.061598,0.133640,6248306966.820000,1.107710,101437349754.320000,5696247796.00,5696176066.00
sz.000825,2022-04-23,2022-03-31,0.035623,0.054969,0.104613,1275504515.150000,1.003597,,5696247796.00,5696176066.00
sz.000825,2022-08-20,2022-06-30,0.056033,0.040067,0.095052,2017434280.820000,0.625674,50351470458.390000,5732777796.00,5696152156.00
sz.000825,2022-10-27,2022-09-30,0.028628,0.013746,0.065502,1013242058.940000,0.091741,,5732777796.00,5696152156.00
sz.000825,2023-04-22,2022-12-31,0.004393,0.001486,0.030441,145130988.590000,0.026789,97654377023.430000,5731717796.00,5696176066.00
sz.000825,2023-04-22,2023-03-31,-0.017140,-0.025336,-0.011807,-656367156.000000,-0.298417,,5730847796.00,5696176066.00
sz.000825,2023-08-25,2023-06-30,-0.014360,-0.011339,0.009001,-608475065.370000,-0.410754,53660612954.300000,5730847796.00,5696247796.00
sz.000825,2023-10-31,2023-09-30,-0.008561,-0.005190,0.015382,-417183696.370000,-0.202081,,5718518596.00,5696247796.00
sz.000898,2018-04-19,2018-03-31,0.031316,0.073816,0.168596,1588000000.000000,0.846740,,7234807847.00,6148992110.00
sz.000898,2018-08-28,2018-06-30,0.068860,0.074506,0.166780,3493000000.000000,1.006385,46784000000.000000,7234807847.00,6148994610.00
sz.000898,2018-10-30,2018-09-30,0.135951,0.088070,0.178415,6853000000.000000,1.197959,,7234807847.00,6148994610.00
sz.000898,2019-03-19,2018-12-31,0.156021,0.075620,0.161958,7952000000.000000,1.099131,104849000000.000000,7234807847.00,6148992110.00
sz.000898,2019-04-30,2019-03-31,0.007991,0.016964,0.081961,415000000.000000,0.892491,,7234807847.00,6148992110.00
sz.000898,2019-08-31,2019-06-30,0.027478,0.027881,0.100090,1424000000.000000,0.524813,50808000000.000000,9405250201.00,7993692993.00
sz.000898,2019-10-30,2019-09-30,0.033107,0.022158,0.090270,1720000000.000000,0.299726,,9405250201.00,7993692993.00
sz.000898,2020-03-28,2019-12-31,0.034352,0.016669,0.083391,1760000000.000000,0.190000,105096000000.000000,9405250201.00,7993702743.00
sz.000898,2020-04-29,2020-03-31,0.005590,0.014309,0.097114,291000000.000000,0.176710,,9405250201.00,7993702743.00
sz.000898,2020-08-29,2020-06-30,0.009600,0.011265,0.087525,503000000.000000,0.091651,44482000000.000000,9405250201.00,7993702742.00
sz.000898,2020-10-24,2020-09-30,0.025237,0.018758,0.090866,1335000000.000000,0.147790,,9405250201.00,7993702742.00
sz.000898,2021-03-31,2020-12-31,0.037518,0.019781,0.092148,1996000000.000000,0.210308,100403000000.000000,9405250201.00,7941252719.00
sz.000898,2021-04-30,2021-03-31,0.028073,0.047964,0.117103,1529000000.000000,0.340873,,9405250201.00,7941252719.00
sz.000898,2021-08-28,2021-06-30,0.093232,0.071674,0.120246,5200000000.000000,0.708221,72269000000.000000,9405250201.00,7941252719.00
sz.000898,2021-10-30,2021-09-30,0.131926,0.069221,0.115352,7513000000.000000,0.865687,,9405250201.00,7941252719.00
sz.000898,2022-03-31,2021-12-31,0.122533,0.050917,0.096873,6959000000.000000,0.736291,136023000000.000000,9405250201.00,7941252719.00
sz.000898,2022-04-28,2022-03-31,0.024545,0.042603,0.072551,1488000000.000000,0.734551,,9403020451.00,7941252719.00
sz.000898,2022-08-27,2022-06-30,0.028747,0.024625,0.052366,1731000000.000000,0.364883,70105000000.000000,9403020451.00,7941252719.00
sz.000898,2022-10-29,2022-09-30,0.003275,0.002122,0.024601,214000000.000000,-0.044560,,9403020451.00,7941252719.00
sz.000898,2023-03-31,2022-12-31,0.002648,0.001419,0.023270,186000000.000000,0.016590,131072000000.000000,9403020451.00,7941252719.00
sz.000898,2023-04-28,2023-03-31,-0.002565,-0.004701,0.017313,-145000000.000000,-0.156899,,9400979520.00,7941252719.00
sz.000898,2023-08-31,2023-06-30,-0.023416,-0.022694,-0.002397,-1335000000.000000,-0.309117,58825000000.000000,9400979520.00,7956031769.00
sz.000898,2023-10-31,2023-09-30,-0.037047,-0.024843,-0.002930,-2094000000.000000,-0.228950,,9399442527.00,7956031769.00
sz.000932,2018-04-28,2018-03-31,0.138051,0.094862,0.162349,1895634328.600000,1.773183,,3015650025.00,3015350306.00
sz.000932,2018-08-25,2018-06-30,0.284943,0.097994,0.168435,4260839463.140000,2.189661,43480663128.730000,3015650025.00,3015319656.00
sz.000932,2018-10-31,2018-09-30,0.422372,0.099902,0.177816,6857556361.750000,2.329754,,3015650025.00,3015319656.00
sz.000932,2019-03-28,2018-12-31,0.486364,0.094361,0.174309,8603724800.770000,2.248282,86423382889.970000,3015650025.00,3015332331.00
sz.000932,2019-04-29,2019-03-31,0.060435,0.066113,0.128246,1566766825.580000,2.101888,,3015650025.00,3015332331.00
sz.000932,2019-08-17,2019-06-30,0.119937,0.068398,0.136491,3306139228.170000,1.321357,48336506214.100000,4221910035.00,4221497778.00
sz.000932,2019-10-31,2019-09-30,0.177095,0.063090,0.133028,5162061148.230000,1.014871,,4221910035.00,4221497778.00
sz.000932,2020-03-19,2019-12-31,0.191963,0.062098,0.135174,6651677376.760000,0.716487,101860615965.130000,6129077211.00,4221730353.00
sz.000932,2020-04-29,2020-03-31,0.039385,0.052866,0.157380,1248031231.270000,0.707726,,6129077211.00,4221730353.00
sz.000932,2020-08-27,2020-06-30,0.104337,0.063064,0.171557,3283295289.180000,0.810052,49181195476.080000,6129077211.00,4221730354.00
sz.000932,2020-10-31,2020-09-30,0.161865,0.063093,0.156597,5232262834.640000,0.810052,,6129077211.00,4221730354.00
sz.000932,2021-03-31,2020-12-31,0.206614,0.059894,0.142866,6964279479.080000,1.043413,110493674400.730000,6129077211.00,4221730354.00
sz.000932,2021-04-29,2021-03-31,0.059174,0.056724,0.120958,2189311864.540000,1.193426,,6129077211.00,4938388153.00
sz.000932,2021-08-28,2021-06-30,0.151431,0.070152,0.134108,5952163159.980000,1.358193,80189741008.110000,6587051181.00,5396362123.00
sz.000932,2021-10-26,2021-09-30,0.201123,0.061291,0.124288,8287938868.990000,1.349269,,6908632499.00,5717943441.00
sz.000932,2022-04-30,2021-12-31,0.244767,0.061152,0.128542,10467702743.740000,1.401117,161810182374.210000,6908632499.00,5717943441.00
sz.000932,2022-04-30,2022-03-31,0.045423,0.056469,0.118012,2313168412.670000,1.409487,,6908632499.00,5717943441.00
sz.000932,2022-08-25,2022-06-30,0.082314,0.049837,0.113014,4202409456.860000,1.147319,79659487372.720000,6908632499.00,5717912186.00
sz.000932,2022-10-29,2022-09-30,0.109020,0.047148,0.107857,5864790838.870000,1.020015,,6908632499.00,5717912186.00
sz.000932,2023-03-24,2022-12-31,0.133794,0.045657,0.103232,7674822355.460000,0.923273,168098510170.450000,6908632499.00,5718037206.00
sz.000932,2023-04-29,2023-03-31,0.013700,0.024715,0.074197,982726585.370000,0.717305,,6908632499.00,5718037206.00
sz.000932,2023-08-24,2023-06-30,0.050996,0.040489,0.093008,3209664649.950000,0.741910,79271875781.610000,6908632499.00,5718008567.00
sz.000932,2023-10-31,2023-09-30,0.080292,0.043497,0.098571,5212768711.690000,0.774759,,6908632499.00,6908546583.00
sz.000959,2018-04-13,2018-03-31,0.018842,0.044290,0.133738,647180817.030000,0.419443,,5289389600.00,2966526057.00
sz.000959,2018-08-17,2018-06-30,0.053727,0.059167,0.141612,1865910708.290000,0.507855,30204044705.320000,5289389600.00,2966526057.00
sz.000959,2018-10-18,2018-09-30,0.081564,0.060076,0.141373,2911042050.340000,0.489480,,5289389600.00,2966526057.00
sz.000959,2019-04-26,2018-12-31,0.092867,0.050647,0.129719,3331381051.260000,0.454448,63081129866.220000,5289389600.00,2966526057.00
sz.000959,2019-04-26,2019-03-31,0.010675,0.024851,0.109484,382389835.090000,0.410901,,5289389600.00,2966526057.00
sz.000959,2019-07-25,2019-06-30,0.038527,0.040055,0.116291,1313162392.650000,0.374562,31436526640.110000,5289389600.00,2966526057.00
sz.000959,2019-10-29,2019-09-30,0.047178,0.033057,0.107226,1662403085.800000,0.283458,,5289389600.00,2966522430.00
sz.000959,2020-04-24,2019-12-31,0.047771,0.025366,0.101534,1754066616.720000,0.236520,69151432692.450000,5289389600.00,5057103246.00
sz.000959,2020-04-24,2020-03-31,0.007343,0.015785,0.092510,270725790.990000,0.222254,,5289389600.00,5057103246.00
sz.000959,2020-08-29,2020-06-30,0.019206,0.019329,0.098253,651147471.890000,0.159410,33686829620.220000,5289389600.00,5057103246.00
sz.000959,2020-10-22,2020-09-30,0.042400,0.027981,0.106301,1530150375.620000,0.242666,,5289389600.00,5057103246.00
sz.000959,2021-04-29,2020-12-31,0.063815,0.030158,0.086033,2411142805.470000,0.337743,79951181948.100000,5289389600.00,5057103246.00
sz.000959,2021-04-29,2021-03-31,0.035409,0.047456,0.102491,1389195324.440000,0.497691,,5289389600.00,5057103246.00
sz.000959,2021-08-20,2021-06-30,0.101360,0.065736,0.120081,4166234811.320000,0.719877,63377879373.270000,6524288585.00,5057103246.00
sz.000959,2021-10-30,2021-09-30,0.166100,0.069170,0.122369,6888617766.900000,0.964328,,6685423610.00,5057103246.00
sz.000959,2022-04-29,2021-12-31,0.198181,0.062122,0.115316,8326531086.580000,1.039111,134034486136.130000,6750325410.00,5057103246.00
sz.000959,2022-04-29,2022-03-31,0.024884,0.038394,0.084014,1222508327.040000,1.040630,,6750325410.00,5218238271.00
sz.000959,2022-08-24,2022-06-30,0.038589,0.031446,0.075873,2007225875.590000,0.683145,61279144982.670000,7819869170.00,5959178950.00
sz.000959,2022-10-28,2022-09-30,0.039256,0.022787,0.068161,2089153972.260000,0.380704,,7819869170.00,5959178950.00
sz.000959,2023-04-21,2022-12-31,0.025052,0.012776,0.059882,1509415399.520000,0.143806,118142183549.470000,7819869170.00,6013305341.00
sz.000959,2023-04-21,2023-03-31,-0.001213,-0.001746,0.043733,-50144036.460000,-0.000221,,7819869170.00,6013305341.00
sz.000959,2023-08-12,2023-06-30,0.008456,0.008243,0.053130,472873050.980000,-0.033301,57368096029.370000,7819869170.00,6013305341.00
sz.000959,2023-10-27,2023-09-30,0.019454,0.012119,0.056832,1030313132.560000,0.031820,,7819869170.00,6013305341.00
sz.002075,2018-04-24,2018-03-31,0.072443,0.156584,0.226838,528615981.050000,0.386465,,2206771772.00,2206770722.00
sz.002075,2018-08-08,2018-06-30,0.174881,0.172397,0.237211,1247288587.910000,0.526949,6936422861.180000,2206771772.00,2206770722.00
sz.002075,2018-10-18,2018-09-30,0.258690,0.174753,0.243431,1925702828.180000,0.601956,,2206771772.00,2206770722.00
sz.002075,2019-03-05,2018-12-31,0.299927,0.154245,0.224148,2269322243.790000,0.533375,12971320312.250000,2206771772.00,2206770722.00
sz.002075,2019-04-24,2019-03-31,0.022168,0.067759,0.108567,196820636.330000,0.463425,,2206771772.00,2206770722.00
sz.002075,2019-08-16,2019-06-30,0.061996,0.091706,0.137017,571765377.770000,0.369262,5541799752.320000,2206771772.00,2206770722.00
sz.002075,2019-10-24,2019-09-30,0.079927,0.070495,0.104478,699965466.350000,0.250986,,2206771772.00,2206770722.00
sz.002075,2020-03-31,2019-12-31,0.112179,0.071249,0.103297,960052557.080000,0.239655,12202350503.390000,2206771772.00,2206770722.00
sz.002075,2020-04-25,2020-03-31,0.019589,0.066573,0.105872,182960637.040000,0.238752,,2206771772.00,2206770722.00
sz.002075,2020-08-22,2020-06-30,0.050917,0.071894,0.111553,465682852.900000,0.224870,6025344968.960000,2206771772.00,2206770272.00
sz.002075,2020-10-26,2020-09-30,0.086773,0.077608,0.120673,806345533.230000,0.268120,,2206771772.00,2206770272.00
sz.002075,2021-03-25,2020-12-31,0.127431,0.084107,0.130404,1213429404.300000,0.294331,13377755534.080000,2206771772.00,2206771772.00
sz.002075,2021-04-27,2021-03-31,0.042132,0.104802,0.159900,429286271.590000,0.351727,,2206771772.00,2206771772.00
sz.002075,2021-08-10,2021-06-30,0.101307,0.114666,0.168981,1064444743.630000,0.427467,8628530799.520000,2206771772.00,2206771772.00
sz.002075,2021-10-23,2021-09-30,0.149406,0.112664,0.164957,1584574587.560000,0.472457,,2206771772.00,2206771772.00
sz.002075,2022-04-09,2021-12-31,0.195903,0.114217,0.178582,2111565083.370000,0.504045,17366793168.640000,2206771772.00,2206771772.00
sz.002075,2022-04-27,2022-03-31,0.031648,0.078383,0.126159,363564891.990000,0.491438,,2206771772.00,2206771772.00
sz.002075,2022-08-20,2022-06-30,0.057996,0.066373,0.116934,642992036.560000,0.420134,8689399982.310000,2206771772.00,2206768247.00
sz.002075,2022-10-26,2022-09-30,0.068056,0.052286,0.099087,727522037.280000,0.322565,,2206771772.00,2206768247.00
sz.002075,2023-04-24,2022-12-31,0.072292,0.044123,0.085922,801852931.750000,0.205324,16108159391.350000,2206771772.00,2206768247.00
sz.002075,2023-04-24,2023-03-31,0.008005,0.021219,0.051765,82420982.770000,0.139335,,2206771772.00,2206768247.00
sz.002075,2023-08-24,2023-06-30,0.016626,0.022220,0.063033,168844638.080000,0.090034,6774809098.690000,2206771772.00,2206768247.00
sz.002075,2023-10-28,2023-09-30,0.025716,0.022935,0.062391,260199168.430000,0.087912,,2193825445.00,2193821920.00
sz.002110,2018-04-28,2018-03-31,0.084022,0.158865,0.228173,965726930.220000,3.310835,,1373614962.00,990619800.00
sz.002110,2018-08-30,2018-06-30,0.247641,0.184045,0.265447,3238291395.640000,3.581462,17185207769.540000,1634384159.00,622269798.00
sz.002110,2018-10-26,2018-09-30,0.369132,0.193314,0.277618,5185753191.570000,3.624721,,1634384159.00,622269798.00
sz.002110,2019-03-30,2018-12-31,0.443545,0.179794,0.286670,6517221171.830000,3.981247,35564496841.300000,1634384159.00,622277048.00
sz.002110,2019-04-27,2019-03-31,0.051124,0.115506,0.201293,964140427.330000,3.691163,,1634384159.00,622277048.00
sz.002110,2019-08-28,2019-06-30,0.122199,0.115089,0.192430,2177469760.850000,2.221464,18338198996.100000,2451576238.00,933415572.00
sz.002110,2019-10-23,2019-09-30,0.156063,0.089007,0.153878,2832178712.660000,1.693949,,2451576238.00,2203583557.00
sz.002110,2020-04-16,2019-12-31,0.198242,0.080978,0.145252,3685408561.090000,1.498293,43640714007.190000,2451576238.00,2203583557.00
sz.002110,2020-04-25,2020-03-31,0.026539,0.047386,0.106752,504813514.500000,1.311497,,2451576238.00,2203583557.00
sz.002110,2020-08-28,2020-06-30,0.062122,0.051431,0.110119,1177865230.950000,0.933717,20488836546.160000,2451576238.00,2203583557.00
sz.002110,2020-10-24,2020-09-30,0.102410,0.056199,0.119070,1977893577.900000,0.942080,,2451576238.00,2203583557.00
sz.002110,2021-04-23,2020-12-31,0.130766,0.052736,0.116930,2564864960.580000,1.042523,44630514908.710000,2451576238.00,2203583557.00
sz.002110,2021-04-29,2021-03-31,0.044389,0.063835,0.119422,927064104.140000,1.186552,,2451576238.00,2203583557.00
sz.002110,2021-08-18,2021-06-30,0.128913,0.088117,0.152145,2738842219.880000,1.676362,29313893742.340000,2451576238.00,2203583557.00
sz.002110,2021-10-28,2021-09-30,0.156335,0.069307,0.127281,3372197569.960000,1.607273,,2451576238.00,2451576238.00
sz.002110,2022-04-27,2021-12-31,0.182795,0.063706,0.122986,3997728103.480000,1.623087,58808538413.430000,2451576238.00,2451576238.00
sz.002110,2022-04-28,2022-03-31,0.022705,0.041682,0.100128,535254377.480000,1.463359,,2451576238.00,2451576238.00
sz.002110,2022-08-19,2022-06-30,0.020386,0.017394,0.074257,463410317.450000,0.696148,26641281708.240000,2451576238.00,2451576238.00
sz.002110,2022-10-28,2022-09-30,0.003368,0.002105,0.047242,84069003.110000,0.283650,,2451576238.00,2451576238.00
sz.002110,2023-04-28,2022-12-31,0.006240,0.002904,0.055345,150025073.470000,0.056587,51657970223.670000,2451576238.00,2451576238.00
sz.002110,2023-04-28,2023-03-31,-0.003125,-0.005434,0.053261,-65046750.410000,-0.187595,,2451576238.00,2451576238.00
sz.002110,2023-08-25,2023-06-30,-0.008190,-0.007258,0.051033,-168886844.320000,-0.200352,21835222506.940000,2451576238.00,2451576238.00
sz.002110,2023-10-27,2023-09-30,-0.028274,-0.017034,0.063001,-585416375.420000,-0.215240,,2451576238.00,2451576238.00
sz.002318,2018-04-24,2018-03-31,0.016503,0.055303,0.231115,49374568.890000,0.187437,,841505932.00,814390184.00
sz.002318,2018-08-14,2018-06-30,0.045647,0.068860,0.224500,134208098.470000,0.237078,1853080926.580000,841518300.00,820770020.00
sz.002318,2018-10-23,2018-09-30,0.073273,0.071604,0.229330,213745832.320000,0.286850,,841520060.00,820771780.00
sz.002318,2019-03-19,2018-12-31,0.100054,0.075845,0.250620,308161974.030000,0.360819,4063057117.640000,841520326.00,820772046.00
sz.002318,2019-04-29,2019-03-31,0.022374,0.069762,0.231682,70539546.720000,0.388812,,841528288.00,817738233.00
sz.002318,2019-08-27,2019-06-30,0.066938,0.102141,0.263117,214377122.530000,0.454147,2098838021.970000,841533187.00,817743132.00
sz.002318,2019-10-30,2019-09-30,0.119728,0.119692,0.280676,392663460.860000,0.565579,,841533475.00,817743420.00
sz.002318,2020-03-31,2019-12-31,0.151707,0.114360,0.274434,507397477.090000,0.594198,4436860898.950000,841537803.00,817747748.00
sz.002318,2020-04-24,2020-03-31,0.022990,0.097560,0.257175,78942227.070000,0.603431,,841540639.00,817744484.00
sz.002318,2020-08-25,2020-06-30,0.074125,0.117793,0.271838,255198691.190000,0.644837,2166504242.470000,841540765.00,818027235.00
sz.002318,2020-10-27,2020-09-30,0.153889,0.153937,0.290836,551450519.260000,0.785816,,841542441.00,818028911.00
sz.002318,2021-04-27,2020-12-31,0.187602,0.156525,0.292143,775619450.570000,0.799882,4955246676.680000,964548767.00,940881787.00
sz.002318,2021-04-27,2021-03-31,0.029531,0.111096,0.246249,143216344.430000,0.853627,,977170720.00,953503740.00
sz.002318,2021-08-03,2021-06-30,0.079328,0.128047,0.252498,379069938.240000,0.915391,2960403765.810000,977170720.00,953348140.00
sz.002318,2021-10-30,2021-09-30,0.126046,0.137634,0.257855,618388496.480000,0.854171,,977170720.00,953348140.00
sz.002318,2022-04-26,2021-12-31,0.160395,0.134258,0.249268,802036199.190000,0.812629,5973833592.730000,977170720.00,953503740.00
sz.002318,2022-04-26,2022-03-31,0.037355,0.147166,0.236422,194113139.200000,0.865682,,977170720.00,953503740.00
sz.002318,2022-08-09,2022-06-30,0.098120,0.169769,0.244271,506804387.220000,0.945176,2985251013.750000,977170720.00,953818553.00
sz.002318,2022-10-24,2022-09-30,0.161032,0.185076,0.246794,880697399.830000,1.084027,,977170720.00,953818553.00
sz.002318,2023-03-21,2022-12-31,0.227642,0.198506,0.252825,1297698099.950000,1.317932,6537322312.470000,977170720.00,953818553.00
sz.002318,2023-04-25,2023-03-31,0.036707,0.139640,0.236762,234402769.460000,1.357636,,977170720.00,953818553.00
sz.002318,2023-08-29,2023-06-30,0.111837,0.189501,0.229209,713329742.500000,1.528908,3764251918.530000,977170720.00,954867747.00
sz.002318,2023-10-31,2023-09-30,0.168602,0.180025,0.247746,1107882079.450000,1.553686,,977170720.00,954867747.00
sz.002443,2018-04-21,2018-03-31,0.004539,0.015020,0.104905,11322384.400000,0.318454,,520535520.00,503255398.00
sz.002443,2018-08-22,2018-06-30,0.030415,0.035895,0.125515,71084763.400000,0.364900,1891660306.340000,520535520.00,507476990.00
sz.002443,2018-10-25,2018-09-30,0.050780,0.036117,0.135152,121317882.240000,0.317821,,520535520.00,507476990.00
sz.002443,2019-04-25,2018-12-31,0.086901,0.042664,0.130154,205116984.420000,0.366950,4610472308.220000,520535520.00,507476990.00
sz.002443,2019-04-25,2019-03-31,0.018607,0.045404,0.129762,47620515.210000,0.430158,,520535520.00,507476990.00
sz.002443,2019-08-20,2019-06-30,0.041185,0.044265,0.144803,106844138.170000,0.423833,2292237211.900000,520535520.00,510693003.00
sz.002443,2019-10-24,2019-09-30,0.070091,0.048702,0.146140,177100702.740000,0.465646,,520535520.00,510693003.00
sz.002443,2020-04-25,2019-12-31,0.117074,0.058068,0.150762,293192422.330000,0.529257,5049096910.700000,520535520.00,510768232.00
sz.002443,2020-04-25,2020-03-31,0.017494,0.066715,0.141094,47994916.370000,0.530132,,520535520.00,510768232.00
sz.002443,2020-08-20,2020-06-30,0.140732,0.174314,0.168204,366084446.140000,1.032659,2100143155.420000,520535520.00,518674904.00
sz.002443,2020-10-23,2020-09-30,0.180994,0.140196,0.175734,485881543.160000,1.122659,,520535520.00,518674904.00
sz.002443,2021-04-23,2020-12-31,0.220174,0.119143,0.145947,608804199.740000,1.122088,5109865968.400000,520535520.00,518674904.00
sz.002443,2021-04-23,2021-03-31,0.026875,0.068095,0.121123,83046853.350000,1.189431,,520535520.00,518674904.00
sz.002443,2021-08-21,2021-06-30,0.067876,0.065555,0.131015,206721753.200000,0.810170,3153386320.860000,520535520.00,519129277.00
sz.002443,2021-10-23,2021-09-30,0.098386,0.060492,0.125025,305873633.320000,0.771321,,520535520.00,519129277.00
sz.002443,2022-04-23,2021-12-31,0.129882,0.058616,0.121487,412862483.340000,0.740683,7043486974.540000,520535520.00,519137715.00
sz.002443,2022-04-23,2022-03-31,0.015591,0.039562,0.108509,53902233.410000,0.683335,,520535520.00,519137715.00
sz.002443,2022-08-20,2022-06-30,0.041780,0.045794,0.115652,139249904.840000,0.609173,3040797309.560000,520535520.00,519144043.00
sz.002443,2022-10-22,2022-09-30,0.051309,0.038627,0.106264,175221845.540000,0.488962,,520535520.00,519144043.00
sz.002443,2023-04-22,2022-12-31,0.076336,0.043355,0.108590,263992897.350000,0.452231,6089034490.940000,520535520.00,519144043.00
sz.002443,2023-04-22,2023-03-31,0.020100,0.057407,0.122421,71377916.710000,0.480367,,520535520.00,519144043.00
sz.002443,2023-08-18,2023-06-30,0.043357,0.053958,0.122409,155359513.230000,0.471678,2879268502.090000,520535520.00,519425947.00
sz.002443,2023-10-24,2023-09-30,0.071228,0.059168,0.128753,257324421.000000,0.589808,,520535520.00,519425947.00
sz.002478,2018-04-25,2018-03-31,0.012668,0.049288,0.184579,54641437.820000,0.172123,,987393559.00,609493045.00
sz.002478,2018-08-24,2018-06-30,0.054714,0.090864,0.200328,226377568.310000,0.291701,2491400923.810000,987393559.00,614277315.00
sz.002478,2018-10-26,2018-09-30,0.097094,0.101596,0.214709,406539185.650000,0.421591,,987393559.00,609493045.00
sz.002478,2019-04-26,2018-12-31,0.124813,0.099102,0.219707,532785146.300000,0.500277,5376126917.420000,959992879.00,593609755.00
sz.002478,2019-04-26,2019-03-31,0.033822,0.112694,0.238770,148161023.710000,0.593592,,959992879.00,593609755.00
sz.002478,2019-08-29,2019-06-30,0.080649,0.131516,0.258086,362527463.470000,0.633373,2756522876.610000,959992879.00,596984755.00
sz.002478,2019-10-23,2019-09-30,0.122727,0.135743,0.256822,561976117.770000,0.650455,,959992879.00,596984755.00
sz.002478,2020-04-29,2019-12-31,0.142510,0.125929,0.257924,665548426.020000,0.626209,5285111388.120000,959992879.00,596834755.00
sz.002478,2020-04-29,2020-03-31,0.020961,0.106276,0.217810,96434191.670000,0.581973,,959992879.00,598709755.00
sz.002478,2020-08-27,2020-06-30,0.049238,0.119711,0.228446,232499458.380000,0.512014,1942169984.700000,959992879.00,598747255.00
sz.002478,2020-10-28,2020-09-30,0.061896,0.096794,0.210484,290432311.940000,0.384154,,959992879.00,598747255.00
sz.002478,2021-03-09,2020-12-31,0.027860,0.035061,0.177757,138205063.090000,0.128802,3941856261.220000,959992879.00,598125990.00
sz.002478,2021-04-28,2021-03-31,0.002900,0.017203,0.088093,15426896.480000,0.128802,,959992879.00,598154115.00
sz.002478,2021-08-20,2021-06-30,0.022680,0.052775,0.084563,103263671.010000,-0.003029,1956691351.050000,919830686.00,598238530.00
sz.002478,2021-10-28,2021-09-30,0.023348,0.037288,0.074124,109515447.110000,-0.060206,,919830686.00,587128530.00
sz.002478,2022-03-18,2021-12-31,0.031393,0.034623,0.085795,146332045.060000,0.147668,4226439754.360000,919830686.00,587128530.00
sz.002478,2022-04-22,2022-03-31,0.009131,0.039364,0.108445,42642954.680000,0.178548,,907053586.00,574351430.00
sz.002478,2022-08-18,2022-06-30,0.041832,0.069328,0.118879,190437793.450000,0.241034,2746891917.370000,902555586.00,581942529.00
sz.002478,2022-10-21,2022-09-30,0.079561,0.080404,0.131179,360938872.790000,0.426395,,894348407.00,592131576.00
sz.002478,2023-03-22,2022-12-31,0.106818,0.077784,0.149768,484076688.860000,0.526677,6223365024.310000,894348407.00,618962028.00
sz.002478,2023-04-25,2023-03-31,0.042554,0.110541,0.189270,201360635.440000,0.708451,,890238228.00,659487099.00
sz.002478,2023-08-25,2023-06-30,0.095525,0.132497,0.181530,458328191.370000,0.833222,3459149316.950000,890046228.00,686188485.00
sz.002478,2023-10-26,2023-09-30,0.128986,0.124617,0.188454,637431820.610000,0.828025,,901406228.00,689243985.00
sz.002756,2018-04-25,2018-03-31,0.026832,0.079544,0.151481,91504953.780000,1.050885,,360000000.00,139930396.00
sz.002756,2018-08-21,2018-06-30,0.067673,0.091732,0.155497,222705127.680000,1.135662,2427776387.500000,360000000.00,184946089.00
sz.002756,2018-10-24,2018-09-30,0.098272,0.090531,0.149003,329169642.300000,1.170770,,360000000.00,184946089.00
sz.002756,2019-04-16,2018-12-31,0.114268,0.080565,0.149533,386254854.580000,1.075823,4794349604.010000,360000000.00,185012671.00
sz.002756,2019-04-16,2019-03-31,0.029375,0.085366,0.136959,101142793.340000,1.102865,,360000000.00,185012671.00
sz.002756,2019-08-27,2019-06-30,0.078835,0.106563,0.133789,264463361.900000,1.189690,2481767438.920000,360000000.00,184617339.00
sz.002756,2019-10-30,2019-09-30,0.105994,0.097624,0.129359,360947838.050000,1.161971,,360000000.00,184617339.00
sz.002756,2020-03-20,2019-12-31,0.101116,0.069322,0.121659,340330962.440000,0.954355,4909422346.310000,360000000.00,184846215.00
sz.002756,2020-04-25,2020-03-31,0.021603,0.080275,0.110076,73766581.370000,0.878166,,360000000.00,184846215.00
sz.002756,2020-08-25,2020-06-30,0.047260,0.073357,0.120394,163881706.810000,0.672763,2234044788.440000,360000000.00,216122410.00
sz.002756,2020-10-31,2020-09-30,0.072513,0.070305,0.126018,255690499.330000,0.647701,,365030000.00,216122410.00
sz.002756,2021-04-27,2020-12-31,0.069556,0.051765,0.123275,257432504.320000,0.655249,4973126242.490000,393738756.00,244831166.00
sz.002756,2021-04-27,2021-03-31,0.029708,0.091872,0.137607,124419638.320000,0.758827,,405950150.00,264723810.00
sz.002756,2021-08-03,2021-06-30,0.071888,0.099733,0.153110,303888244.300000,0.978865,3047003307.570000,405950150.00,264723810.00
sz.002756,2021-10-28,2021-09-30,0.126573,0.112669,0.163653,554576679.530000,1.365367,,405950150.00,264723810.00
sz.002756,2022-04-26,2021-12-31,0.195738,0.125017,0.173271,900029364.140000,2.185198,7199256427.570000,405950150.00,264786310.00
sz.002756,2022-04-26,2022-03-31,0.149075,0.315915,0.400021,831071213.340000,3.877749,,405950150.00,264786310.00
sz.002756,2022-08-09,2022-06-30,0.373115,0.357740,0.448249,2294625052.460000,7.015078,6414232540.200000,405950150.00,275241499.00
sz.002756,2022-10-28,2022-09-30,0.560977,0.400192,0.501691,4348530464.570000,11.110095,,414693493.00,275241499.00
sz.002756,2023-03-21,2022-12-31,0.729967,0.417194,0.523373,6499354466.690000,15.239555,15578731669.560000,414693493.00,271750774.00
sz.002756,2023-04-25,2023-03-31,0.073046,0.291036,0.394927,971181482.260000,15.528344,,414693493.00,281394739.00
sz.002756,2023-08-29,2023-06-30,0.155954,0.297217,0.396131,1978152632.660000,11.055424,6655575793.790000,539101540.00,386400480.00
sz.002756,2023-10-31,2023-09-30,0.243848,0.326458,0.407771,3167937638.460000,9.463380,,539101540.00,386400480.00
sz.300881,2019-12-06,2019-06-30,0.091418,0.069554,0.178937,29121009.170000,0.816100,,75000000.00,
sz.300881,2020-10-24,2019-09-30,,0.069901,0.177457,46019491.250000,0.816100,,75000000.00,
sz.300881,2020-06-30,2019-12-31,0.206978,0.077254,0.174749,69881147.300000,0.931749,886684627.220000,75000000.00,
sz.300881,2021-04-27,2020-03-31,0.029821,0.065397,0.163927,11274956.270000,0.868425,,75000000.00,
sz.300881,2020-08-14,2020-06-30,0.058467,0.054982,0.152663,22429855.980000,0.842533,,75000000.00,
sz.300881,2020-10-24,2020-09-30,0.067812,0.058484,0.157993,37103750.810000,0.609654,,100000000.00,23710909.00
sz.300881,2021-04-27,2020-12-31,0.093946,0.059133,0.129047,52106034.550000,0.521060,881160810.930000,100000000.00,23710909.00
sz.300881,2021-04-27,2021-03-31,0.015760,0.056703,0.121999,11704439.680000,0.525355,,100000000.00,25000000.00
sz.300881,2021-08-28,2021-06-30,0.028534,0.042539,0.115790,21139486.200000,0.508157,479903463.240000,100000000.00,25000000.00
sz.300881,2021-10-29,2021-09-30,0.043140,0.039425,0.120860,32197809.240000,0.472001,,100000000.00,25000000.00
sz.300881,2022-04-15,2021-12-31,0.069197,0.046613,0.109988,52344561.080000,0.523446,1122957172.530000,100000000.00,25000000.00
sz.300881,2022-04-26,2022-03-31,0.016712,0.049594,0.141567,13087220.860000,0.537273,,100000000.00,25000000.00
sz.300881,2022-08-02,2022-06-30,0.036487,0.049887,0.140751,28651634.410000,0.598567,554091515.510000,100000000.00,25000000.00
sz.300881,2022-10-17,2022-09-30,0.059310,0.053104,0.136551,47115910.570000,0.672627,,100000000.00,26500000.00
sz.300881,2023-04-18,2022-12-31,0.090954,0.060859,0.128567,73450540.500000,0.734505,1206889826.300000,100000000.00,26500000.00
sz.300881,2023-04-18,2023-03-31,0.023691,0.066014,0.150090,20115823.750000,0.804791,,100000000.00,26500000.00
sz.300881,2023-08-11,2023-06-30,0.060725,0.071644,0.151258,51416209.180000,0.874683,691456725.450000,110000000.00,29150000.00
sz.300881,2023-10-25,2023-09-30,0.084496,0.058485,0.132838,72431378.860000,0.897873,,110000000.00,110000000.00
